Fecha,Hora,Pasos,Origen
2026.08.25 00:00:00,00:00:00,19,com.huami.watch.hmwatchmanager
2026.08.25 00:10:00,00:10:00,1,com.huami.watch.hmwatchmanager
2026.08.25 00:20:00,00:20:00,5,com.huami.watch.hmwatchmanager
2026.08.25 00:30:00,00:30:00,586,com.huami.watch.hmwatchmanager
2026.08.25 00:32:40,00:32:40,16,com.android.healthconnect.phone.jd7cdc53389aa3a9ebd124ea7a13f1035
2026.08.25 00:33:12,00:33:12,540,com.android.healthconnect.phone.jd7cdc53389aa3a9ebd124ea7a13f1035
2026.08.25 00:39:28,00:39:28,504,com.android.healthconnect.phone.jd7cdc53389aa3a9ebd124ea7a13f1035
2026.08.25 00:40:00,00:40:00,991,com.huami.watch.hmwatchmanager
2026.08.25 00:45:09,00:45:09,99,com.android.healthconnect.phone.jd7cdc53389aa3a9ebd124ea7a13f1035
2026.08.25 00:46:09,00:46:09,96,com.android.healthconnect.phone.jd7cdc53389aa3a9ebd124ea7a13f1035
2026.08.25 00:47:08,00:47:08,96,com.android.healthconnect.phone.jd7cdc53389aa3a9ebd124ea7a13f1035
2026.08.25 00:48:08,00:48:08,311,com.android.healthconnect.phone.jd7cdc53389aa3a9ebd124ea7a13f1035
2026.08.25 00:50:00,00:50:00,969,com.huami.watch.hmwatchmanager
2026.08.25 00:51:12,00:51:12,286,com.android.healthconnect.phone.jd7cdc53389aa3a9ebd124ea7a13f1035
2026.08.25 00:54:05,00:54:05,109,com.android.healthconnect.phone.jd7cdc53389aa3a9ebd124ea7a13f1035
2026.08.25 00:55:05,00:55:05,107,com.android.healthconnect.phone.jd7cdc53389aa3a9ebd124ea7a13f1035
2026.08.25 00:56:05,00:56:05,42,com.android.healthconnect.phone.jd7cdc53389aa3a9ebd124ea7a13f1035
2026.08.25 00:56:37,00:56:37,79,com.android.healthconnect.phone.jd7cdc53389aa3a9ebd124ea7a13f1035
2026.08.25 00:58:05,00:58:05,103,com.android.healthconnect.phone.jd7cdc53389aa3a9ebd124ea7a13f1035
2026.08.25 00:59:05,00:59:05,110,com.android.healthconnect.phone.jd7cdc53389aa3a9ebd124ea7a13f1035
2026.08.25 01:00:00,01:00:00,107,com.huami.watch.hmwatchmanager
2026.08.25 01:00:10,01:00:10,71,com.android.healthconnect.phone.jd7cdc53389aa3a9ebd124ea7a13f1035
2026.08.25 01:01:50,01:01:50,13,com.android.healthconnect.phone.jd7cdc53389aa3a9ebd124ea7a13f1035
2026.08.25 01:03:14,01:03:14,4,com.android.healthconnect.phone.jd7cdc53389aa3a9ebd124ea7a13f1035
2026.08.25 01:06:03,01:06:03,6,com.android.healthconnect.phone.jd7cdc53389aa3a9ebd124ea7a13f1035
2026.08.25 01:06:15,01:06:15,6,com.android.healthconnect.phone.jd7cdc53389aa3a9ebd124ea7a13f1035
2026.08.25 01:06:20,01:06:20,6,com.android.healthconnect.phone.jd7cdc53389aa3a9ebd124ea7a13f1035
2026.08.25 08:10:00,08:10:00,7,com.huami.watch.hmwatchmanager
2026.08.25 09:28:31,09:28:31,6,com.android.healthconnect.phone.jd7cdc53389aa3a9ebd124ea7a13f1035
2026.08.25 10:20:00,10:20:00,366,com.huami.watch.hmwatchmanager
2026.08.25 10:25:23,10:25:23,7,com.android.healthconnect.phone.jd7cdc53389aa3a9ebd124ea7a13f1035
2026.08.25 10:25:37,10:25:37,1,com.android.healthconnect.phone.jd7cdc53389aa3a9ebd124ea7a13f1035
2026.08.25 10:25:37,10:25:37,85,com.android.healthconnect.phone.jd7cdc53389aa3a9ebd124ea7a13f1035
2026.08.25 10:28:25,10:28:25,106,com.android.healthconnect.phone.jd7cdc53389aa3a9ebd124ea7a13f1035
2026.08.25 10:29:25,10:29:25,116,com.android.healthconnect.phone.jd7cdc53389aa3a9ebd124ea7a13f1035
2026.08.25 10:30:00,10:30:00,1130,com.huami.watch.hmwatchmanager
2026.08.25 10:30:25,10:30:25,116,com.android.healthconnect.phone.jd7cdc53389aa3a9ebd124ea7a13f1035
2026.08.25 10:31:25,10:31:25,111,com.android.healthconnect.phone.jd7cdc53389aa3a9ebd124ea7a13f1035
2026.08.25 10:32:25,10:32:25,112,com.android.healthconnect.phone.jd7cdc53389aa3a9ebd124ea7a13f1035
2026.08.25 10:33:25,10:33:25,113,com.android.healthconnect.phone.jd7cdc53389aa3a9ebd124ea7a13f1035
2026.08.25 10:34:25,10:34:25,108,com.android.healthconnect.phone.jd7cdc53389aa3a9ebd124ea7a13f1035
2026.08.25 10:35:25,10:35:25,114,com.android.healthconnect.phone.jd7cdc53389aa3a9ebd124ea7a13f1035
2026.08.25 10:36:25,10:36:25,114,com.android.healthconnect.phone.jd7cdc53389aa3a9ebd124ea7a13f1035
2026.08.25 10:37:25,10:37:25,111,com.android.healthconnect.phone.jd7cdc53389aa3a9ebd124ea7a13f1035
2026.08.25 10:38:26,10:38:26,109,com.android.healthconnect.phone.jd7cdc53389aa3a9ebd124ea7a13f1035
2026.08.25 10:39:25,10:39:25,111,com.android.healthconnect.phone.jd7cdc53389aa3a9ebd124ea7a13f1035
2026.08.25 10:40:00,10:40:00,1088,com.huami.watch.hmwatchmanager
2026.08.25 10:40:25,10:40:25,89,com.android.healthconnect.phone.jd7cdc53389aa3a9ebd124ea7a13f1035
2026.08.25 10:41:25,10:41:25,103,com.android.healthconnect.phone.jd7cdc53389aa3a9ebd124ea7a13f1035
2026.08.25 10:42:25,10:42:25,109,com.android.healthconnect.phone.jd7cdc53389aa3a9ebd124ea7a13f1035
2026.08.25 10:43:25,10:43:25,110,com.android.healthconnect.phone.jd7cdc53389aa3a9ebd124ea7a13f1035
2026.08.25 10:44:25,10:44:25,112,com.android.healthconnect.phone.jd7cdc53389aa3a9ebd124ea7a13f1035
2026.08.25 10:45:26,10:45:26,111,com.android.healthconnect.phone.jd7cdc53389aa3a9ebd124ea7a13f1035
2026.08.25 10:46:25,10:46:25,109,com.android.healthconnect.phone.jd7cdc53389aa3a9ebd124ea7a13f1035
2026.08.25 10:47:26,10:47:26,113,com.android.healthconnect.phone.jd7cdc53389aa3a9ebd124ea7a13f1035
2026.08.25 10:48:26,10:48:26,114,com.android.healthconnect.phone.jd7cdc53389aa3a9ebd124ea7a13f1035
2026.08.25 10:49:25,10:49:25,116,com.android.healthconnect.phone.jd7cdc53389aa3a9ebd124ea7a13f1035
2026.08.25 10:50:00,10:50:00,842,com.huami.watch.hmwatchmanager
2026.08.25 10:50:25,10:50:25,110,com.android.healthconnect.phone.jd7cdc53389aa3a9ebd124ea7a13f1035
2026.08.25 10:51:25,10:51:25,87,com.android.healthconnect.phone.jd7cdc53389aa3a9ebd124ea7a13f1035
2026.08.25 10:57:23,10:57:23,7,com.android.healthconnect.phone.jd7cdc53389aa3a9ebd124ea7a13f1035
2026.08.25 10:57:37,10:57:37,170,com.android.healthconnect.phone.jd7cdc53389aa3a9ebd124ea7a13f1035
2026.08.25 10:58:37,10:58:37,164,com.android.healthconnect.phone.jd7cdc53389aa3a9ebd124ea7a13f1035
2026.08.25 10:59:37,10:59:37,164,com.android.healthconnect.phone.jd7cdc53389aa3a9ebd124ea7a13f1035
2026.08.25 11:00:00,11:00:00,1500,com.huami.watch.hmwatchmanager
2026.08.25 11:00:37,11:00:37,162,com.android.healthconnect.phone.jd7cdc53389aa3a9ebd124ea7a13f1035
2026.08.25 11:01:37,11:01:37,138,com.android.healthconnect.phone.jd7cdc53389aa3a9ebd124ea7a13f1035
2026.08.25 11:02:37,11:02:37,166,com.android.healthconnect.phone.jd7cdc53389aa3a9ebd124ea7a13f1035
2026.08.25 11:03:37,11:03:37,165,com.android.healthconnect.phone.jd7cdc53389aa3a9ebd124ea7a13f1035
2026.08.25 11:04:37,11:04:37,166,com.android.healthconnect.phone.jd7cdc53389aa3a9ebd124ea7a13f1035
2026.08.25 11:05:37,11:05:37,159,com.android.healthconnect.phone.jd7cdc53389aa3a9ebd124ea7a13f1035
2026.08.25 11:06:37,11:06:37,74,com.android.healthconnect.phone.jd7cdc53389aa3a9ebd124ea7a13f1035
2026.08.25 11:10:00,11:10:00,1195,com.huami.watch.hmwatchmanager
2026.08.25 11:20:00,11:20:00,1007,com.huami.watch.hmwatchmanager
2026.08.25 11:30:00,11:30:00,862,com.huami.watch.hmwatchmanager
2026.08.25 11:30:10,11:30:10,6,com.android.healthconnect.phone.jd7cdc53389aa3a9ebd124ea7a13f1035
2026.08.25 11:30:22,11:30:22,130,com.android.healthconnect.phone.jd7cdc53389aa3a9ebd124ea7a13f1035
2026.08.25 11:31:21,11:31:21,160,com.android.healthconnect.phone.jd7cdc53389aa3a9ebd124ea7a13f1035
2026.08.25 11:32:21,11:32:21,161,com.android.healthconnect.phone.jd7cdc53389aa3a9ebd124ea7a13f1035
2026.08.25 11:33:21,11:33:21,136,com.android.healthconnect.phone.jd7cdc53389aa3a9ebd124ea7a13f1035
2026.08.25 11:34:21,11:34:21,21,com.android.healthconnect.phone.jd7cdc53389aa3a9ebd124ea7a13f1035
2026.08.25 11:34:48,11:34:48,49,com.android.healthconnect.phone.jd7cdc53389aa3a9ebd124ea7a13f1035
2026.08.25 11:36:41,11:36:41,69,com.android.healthconnect.phone.jd7cdc53389aa3a9ebd124ea7a13f1035
2026.08.25 11:37:35,11:37:35,54,com.android.healthconnect.phone.jd7cdc53389aa3a9ebd124ea7a13f1035
2026.08.25 11:38:38,11:38:38,12,com.android.healthconnect.phone.jd7cdc53389aa3a9ebd124ea7a13f1035
2026.08.25 11:38:55,11:38:55,36,com.android.healthconnect.phone.jd7cdc53389aa3a9ebd124ea7a13f1035
2026.08.25 11:40:00,11:40:00,306,com.huami.watch.hmwatchmanager
2026.08.25 11:40:41,11:40:41,60,com.android.healthconnect.phone.jd7cdc53389aa3a9ebd124ea7a13f1035
2026.08.25 11:41:41,11:41:41,44,com.android.healthconnect.phone.jd7cdc53389aa3a9ebd124ea7a13f1035
2026.08.25 11:42:40,11:42:40,26,com.android.healthconnect.phone.jd7cdc53389aa3a9ebd124ea7a13f1035
2026.08.25 11:47:32,11:47:32,6,com.android.healthconnect.phone.jd7cdc53389aa3a9ebd124ea7a13f1035
2026.08.25 11:47:44,11:47:44,28,com.android.healthconnect.phone.jd7cdc53389aa3a9ebd124ea7a13f1035
2026.08.25 11:48:26,11:48:26,14,com.android.healthconnect.phone.jd7cdc53389aa3a9ebd124ea7a13f1035
2026.08.25 11:49:44,11:49:44,93,com.android.healthconnect.phone.jd7cdc53389aa3a9ebd124ea7a13f1035
2026.08.25 11:50:00,11:50:00,793,com.huami.watch.hmwatchmanager
2026.08.25 11:50:44,11:50:44,92,com.android.healthconnect.phone.jd7cdc53389aa3a9ebd124ea7a13f1035
2026.08.25 11:51:43,11:51:43,96,com.android.healthconnect.phone.jd7cdc53389aa3a9ebd124ea7a13f1035
2026.08.25 11:52:44,11:52:44,98,com.android.healthconnect.phone.jd7cdc53389aa3a9ebd124ea7a13f1035
2026.08.25 11:53:44,11:53:44,99,com.android.healthconnect.phone.jd7cdc53389aa3a9ebd124ea7a13f1035
2026.08.25 11:54:44,11:54:44,102,com.android.healthconnect.phone.jd7cdc53389aa3a9ebd124ea7a13f1035
2026.08.25 11:55:44,11:55:44,103,com.android.healthconnect.phone.jd7cdc53389aa3a9ebd124ea7a13f1035
2026.08.25 11:56:44,11:56:44,90,com.android.healthconnect.phone.jd7cdc53389aa3a9ebd124ea7a13f1035
2026.08.25 11:59:35,11:59:35,6,com.android.healthconnect.phone.jd7cdc53389aa3a9ebd124ea7a13f1035
2026.08.25 11:59:47,11:59:47,96,com.android.healthconnect.phone.jd7cdc53389aa3a9ebd124ea7a13f1035
2026.08.25 12:00:00,12:00:00,1027,com.huami.watch.hmwatchmanager
2026.08.25 12:00:47,12:00:47,96,com.android.healthconnect.phone.jd7cdc53389aa3a9ebd124ea7a13f1035
2026.08.25 12:01:47,12:01:47,101,com.android.healthconnect.phone.jd7cdc53389aa3a9ebd124ea7a13f1035
2026.08.25 12:02:47,12:02:47,101,com.android.healthconnect.phone.jd7cdc53389aa3a9ebd124ea7a13f1035
2026.08.25 12:03:47,12:03:47,102,com.android.healthconnect.phone.jd7cdc53389aa3a9ebd124ea7a13f1035
2026.08.25 12:04:47,12:04:47,105,com.android.healthconnect.phone.jd7cdc53389aa3a9ebd124ea7a13f1035
2026.08.25 12:05:47,12:05:47,105,com.android.healthconnect.phone.jd7cdc53389aa3a9ebd124ea7a13f1035
2026.08.25 12:06:47,12:06:47,106,com.android.healthconnect.phone.jd7cdc53389aa3a9ebd124ea7a13f1035
2026.08.25 12:07:47,12:07:47,102,com.android.healthconnect.phone.jd7cdc53389aa3a9ebd124ea7a13f1035
2026.08.25 12:08:47,12:08:47,104,com.android.healthconnect.phone.jd7cdc53389aa3a9ebd124ea7a13f1035
2026.08.25 12:09:47,12:09:47,105,com.android.healthconnect.phone.jd7cdc53389aa3a9ebd124ea7a13f1035
2026.08.25 12:10:00,12:10:00,729,com.huami.watch.hmwatchmanager
2026.08.25 12:10:47,12:10:47,108,com.android.healthconnect.phone.jd7cdc53389aa3a9ebd124ea7a13f1035
2026.08.25 12:11:47,12:11:47,107,com.android.healthconnect.phone.jd7cdc53389aa3a9ebd124ea7a13f1035
2026.08.25 12:12:47,12:12:47,110,com.android.healthconnect.phone.jd7cdc53389aa3a9ebd124ea7a13f1035
2026.08.25 12:13:47,12:13:47,108,com.android.healthconnect.phone.jd7cdc53389aa3a9ebd124ea7a13f1035
2026.08.25 12:14:47,12:14:47,108,com.android.healthconnect.phone.jd7cdc53389aa3a9ebd124ea7a13f1035
2026.08.25 12:15:47,12:15:47,63,com.android.healthconnect.phone.jd7cdc53389aa3a9ebd124ea7a13f1035
2026.08.25 12:16:47,12:16:47,30,com.android.healthconnect.phone.jd7cdc53389aa3a9ebd124ea7a13f1035
2026.08.25 12:17:33,12:17:33,22,com.android.healthconnect.phone.jd7cdc53389aa3a9ebd124ea7a13f1035
2026.08.25 12:30:00,12:30:00,32,com.huami.watch.hmwatchmanager
2026.08.25 12:40:00,12:40:00,81,com.huami.watch.hmwatchmanager
2026.08.25 12:44:00,12:44:00,7,com.android.healthconnect.phone.jd7cdc53389aa3a9ebd124ea7a13f1035
2026.08.25 12:44:14,12:44:14,14,com.android.healthconnect.phone.jd7cdc53389aa3a9ebd124ea7a13f1035
2026.08.25 12:50:00,12:50:00,12,com.huami.watch.hmwatchmanager
2026.08.25 12:54:37,12:54:37,12,com.android.healthconnect.phone.jd7cdc53389aa3a9ebd124ea7a13f1035
2026.08.25 12:55:01,12:55:01,2,com.android.healthconnect.phone.jd7cdc53389aa3a9ebd124ea7a13f1035
2026.08.25 13:01:10,13:01:10,6,com.android.healthconnect.phone.jd7cdc53389aa3a9ebd124ea7a13f1035
2026.08.25 13:01:22,13:01:22,1,com.android.healthconnect.phone.jd7cdc53389aa3a9ebd124ea7a13f1035
2026.08.25 13:30:00,13:30:00,30,com.huami.watch.hmwatchmanager
2026.08.25 14:10:00,14:10:00,6,com.huami.watch.hmwatchmanager
2026.08.25 14:18:57,14:18:57,8,com.android.healthconnect.phone.jd7cdc53389aa3a9ebd124ea7a13f1035
2026.08.25 14:19:13,14:19:13,7,com.android.healthconnect.phone.jd7cdc53389aa3a9ebd124ea7a13f1035
2026.08.25 14:30:00,14:30:00,10,com.huami.watch.hmwatchmanager
2026.08.25 14:36:14,14:36:14,8,com.android.healthconnect.phone.jd7cdc53389aa3a9ebd124ea7a13f1035
2026.08.25 14:36:30,14:36:30,3,com.android.healthconnect.phone.jd7cdc53389aa3a9ebd124ea7a13f1035
2026.08.25 14:56:15,14:56:15,6,com.android.healthconnect.phone.jd7cdc53389aa3a9ebd124ea7a13f1035
2026.08.25 15:00:00,15:00:00,5,com.huami.watch.hmwatchmanager
2026.08.25 15:01:52,15:01:52,6,com.android.healthconnect.phone.jd7cdc53389aa3a9ebd124ea7a13f1035
2026.08.25 15:02:04,15:02:04,15,com.android.healthconnect.phone.jd7cdc53389aa3a9ebd124ea7a13f1035
2026.08.25 15:02:16,15:02:16,14,com.android.healthconnect.phone.jd7cdc53389aa3a9ebd124ea7a13f1035
2026.08.25 15:10:00,15:10:00,9,com.huami.watch.hmwatchmanager
2026.08.25 17:30:00,17:30:00,5,com.huami.watch.hmwatchmanager
2026.08.25 17:30:43,17:30:43,6,com.android.healthconnect.phone.jd7cdc53389aa3a9ebd124ea7a13f1035
2026.08.25 17:30:55,17:30:55,1,com.android.healthconnect.phone.jd7cdc53389aa3a9ebd124ea7a13f1035
2026.08.25 17:40:35,17:40:35,7,com.android.healthconnect.phone.jd7cdc53389aa3a9ebd124ea7a13f1035
2026.08.25 17:40:49,17:40:49,1,com.android.healthconnect.phone.jd7cdc53389aa3a9ebd124ea7a13f1035
2026.08.25 21:48:47,21:48:47,9,com.android.healthconnect.phone.jd7cdc53389aa3a9ebd124ea7a13f1035
2026.08.25 21:49:05,21:49:05,3,com.android.healthconnect.phone.jd7cdc53389aa3a9ebd124ea7a13f1035
2026.08.25 21:52:53,21:52:53,9,com.android.healthconnect.phone.jd7cdc53389aa3a9ebd124ea7a13f1035
2026.08.25 21:53:11,21:53:11,3,com.android.healthconnect.phone.jd7cdc53389aa3a9ebd124ea7a13f1035
2026.08.25 22:13:08,22:13:08,9,com.android.healthconnect.phone.jd7cdc53389aa3a9ebd124ea7a13f1035
2026.08.25 22:13:26,22:13:26,15,com.android.healthconnect.phone.jd7cdc53389aa3a9ebd124ea7a13f1035
2026.08.26 01:30:00,01:30:00,25,com.huami.watch.hmwatchmanager
2026.08.26 01:35:57,01:35:57,7,com.android.healthconnect.phone.jd7cdc53389aa3a9ebd124ea7a13f1035
2026.08.26 01:36:11,01:36:11,2,com.android.healthconnect.phone.jd7cdc53389aa3a9ebd124ea7a13f1035
2026.08.26 01:50:00,01:50:00,7,com.huami.watch.hmwatchmanager
2026.08.26 10:43:40,10:43:40,6,com.android.healthconnect.phone.jd7cdc53389aa3a9ebd124ea7a13f1035
2026.08.26 10:43:52,10:43:52,7,com.android.healthconnect.phone.jd7cdc53389aa3a9ebd124ea7a13f1035
2026.08.26 10:58:34,10:58:34,6,com.android.healthconnect.phone.jd7cdc53389aa3a9ebd124ea7a13f1035
2026.08.26 10:58:46,10:58:46,1,com.android.healthconnect.phone.jd7cdc53389aa3a9ebd124ea7a13f1035
2026.08.26 11:10:00,11:10:00,5,com.huami.watch.hmwatchmanager
2026.08.26 11:26:13,11:26:13,7,com.android.healthconnect.phone.jd7cdc53389aa3a9ebd124ea7a13f1035
2026.08.26 11:30:00,11:30:00,13,com.huami.watch.hmwatchmanager
2026.08.26 11:35:32,11:35:32,10,com.android.healthconnect.phone.jd7cdc53389aa3a9ebd124ea7a13f1035
2026.08.26 11:35:52,11:35:52,16,com.android.healthconnect.phone.jd7cdc53389aa3a9ebd124ea7a13f1035
2026.08.26 12:10:00,12:10:00,33,com.huami.watch.hmwatchmanager
2026.08.26 12:30:00,12:30:00,5,com.huami.watch.hmwatchmanager
2026.08.26 12:37:17,12:37:17,7,com.android.healthconnect.phone.jd7cdc53389aa3a9ebd124ea7a13f1035
2026.08.26 12:37:31,12:37:31,17,com.android.healthconnect.phone.jd7cdc53389aa3a9ebd124ea7a13f1035
2026.08.26 12:40:00,12:40:00,40,com.huami.watch.hmwatchmanager
2026.08.26 12:41:12,12:41:12,7,com.android.healthconnect.phone.jd7cdc53389aa3a9ebd124ea7a13f1035
2026.08.26 12:49:13,12:49:13,6,com.android.healthconnect.phone.jd7cdc53389aa3a9ebd124ea7a13f1035
2026.08.26 12:49:25,12:49:25,24,com.android.healthconnect.phone.jd7cdc53389aa3a9ebd124ea7a13f1035
2026.08.26 14:00:00,14:00:00,10,com.huami.watch.hmwatchmanager
2026.08.26 14:07:27,14:07:27,6,com.android.healthconnect.phone.jd7cdc53389aa3a9ebd124ea7a13f1035
2026.08.26 14:07:39,14:07:39,2,com.android.healthconnect.phone.jd7cdc53389aa3a9ebd124ea7a13f1035
2026.08.26 14:10:00,14:10:00,74,com.huami.watch.hmwatchmanager
2026.08.26 14:15:49,14:15:49,9,com.android.healthconnect.phone.jd7cdc53389aa3a9ebd124ea7a13f1035
2026.08.26 14:16:07,14:16:07,5,com.android.healthconnect.phone.jd7cdc53389aa3a9ebd124ea7a13f1035
2026.08.26 14:20:00,14:20:00,7,com.huami.watch.hmwatchmanager
2026.08.26 14:40:00,14:40:00,46,com.huami.watch.hmwatchmanager
2026.08.26 14:42:31,14:42:31,7,com.android.healthconnect.phone.jd7cdc53389aa3a9ebd124ea7a13f1035
2026.08.26 14:42:45,14:42:45,8,com.android.healthconnect.phone.jd7cdc53389aa3a9ebd124ea7a13f1035
2026.08.26 14:45:35,14:45:35,6,com.android.healthconnect.phone.jd7cdc53389aa3a9ebd124ea7a13f1035
2026.08.26 14:45:47,14:45:47,7,com.android.healthconnect.phone.jd7cdc53389aa3a9ebd124ea7a13f1035
2026.08.26 14:50:00,14:50:00,20,com.huami.watch.hmwatchmanager
2026.08.26 14:54:53,14:54:53,7,com.android.healthconnect.phone.jd7cdc53389aa3a9ebd124ea7a13f1035
2026.08.26 14:55:07,14:55:07,1,com.android.healthconnect.phone.jd7cdc53389aa3a9ebd124ea7a13f1035
2026.08.26 19:25:22,19:25:22,7,com.android.healthconnect.phone.jd7cdc53389aa3a9ebd124ea7a13f1035
2026.08.26 19:25:36,19:25:36,3,com.android.healthconnect.phone.jd7cdc53389aa3a9ebd124ea7a13f1035
2026.08.26 19:29:09,19:29:09,8,com.android.healthconnect.phone.jd7cdc53389aa3a9ebd124ea7a13f1035
2026.08.26 19:29:25,19:29:25,5,com.android.healthconnect.phone.jd7cdc53389aa3a9ebd124ea7a13f1035
2026.08.26 19:55:55,19:55:55,7,com.android.healthconnect.phone.jd7cdc53389aa3a9ebd124ea7a13f1035
2026.08.26 19:56:09,19:56:09,18,com.android.healthconnect.phone.jd7cdc53389aa3a9ebd124ea7a13f1035
2026.08.26 20:01:20,20:01:20,7,com.android.healthconnect.phone.jd7cdc53389aa3a9ebd124ea7a13f1035
2026.08.26 20:01:34,20:01:34,15,com.android.healthconnect.phone.jd7cdc53389aa3a9ebd124ea7a13f1035
2026.08.26 21:24:27,21:24:27,6,com.android.healthconnect.phone.jd7cdc53389aa3a9ebd124ea7a13f1035
2026.08.26 21:24:39,21:24:39,1,com.android.healthconnect.phone.jd7cdc53389aa3a9ebd124ea7a13f1035
2026.08.26 21:39:44,21:39:44,7,com.android.healthconnect.phone.jd7cdc53389aa3a9ebd124ea7a13f1035
2026.08.26 21:45:28,21:45:28,7,com.android.healthconnect.phone.jd7cdc53389aa3a9ebd124ea7a13f1035
2026.08.26 21:45:42,21:45:42,2,com.android.healthconnect.phone.jd7cdc53389aa3a9ebd124ea7a13f1035
2026.08.26 21:48:13,21:48:13,6,com.android.healthconnect.phone.jd7cdc53389aa3a9ebd124ea7a13f1035
2026.08.26 21:48:25,21:48:25,45,com.android.healthconnect.phone.jd7cdc53389aa3a9ebd124ea7a13f1035
2026.08.26 21:49:25,21:49:25,36,com.android.healthconnect.phone.jd7cdc53389aa3a9ebd124ea7a13f1035
2026.08.26 21:50:00,21:50:00,972,com.huami.watch.hmwatchmanager
2026.08.26 21:50:25,21:50:25,131,com.android.healthconnect.phone.jd7cdc53389aa3a9ebd124ea7a13f1035
2026.08.26 21:51:44,21:51:44,114,com.android.healthconnect.phone.jd7cdc53389aa3a9ebd124ea7a13f1035
2026.08.26 21:52:44,21:52:44,87,com.android.healthconnect.phone.jd7cdc53389aa3a9ebd124ea7a13f1035
2026.08.26 21:53:28,21:53:28,115,com.android.healthconnect.phone.jd7cdc53389aa3a9ebd124ea7a13f1035
2026.08.26 21:54:44,21:54:44,109,com.android.healthconnect.phone.jd7cdc53389aa3a9ebd124ea7a13f1035
2026.08.26 21:55:44,21:55:44,114,com.android.healthconnect.phone.jd7cdc53389aa3a9ebd124ea7a13f1035
2026.08.26 21:56:44,21:56:44,111,com.android.healthconnect.phone.jd7cdc53389aa3a9ebd124ea7a13f1035
2026.08.26 21:57:44,21:57:44,103,com.android.healthconnect.phone.jd7cdc53389aa3a9ebd124ea7a13f1035
2026.08.26 21:58:44,21:58:44,68,com.android.healthconnect.phone.jd7cdc53389aa3a9ebd124ea7a13f1035
2026.08.26 23:10:00,23:10:00,230,com.huami.watch.hmwatchmanager
2026.08.26 23:10:20,23:10:20,8,com.android.healthconnect.phone.jd7cdc53389aa3a9ebd124ea7a13f1035
2026.08.26 23:10:36,23:10:36,6,com.android.healthconnect.phone.jd7cdc53389aa3a9ebd124ea7a13f1035
2026.08.26 23:10:42,23:10:42,29,com.android.healthconnect.phone.jd7cdc53389aa3a9ebd124ea7a13f1035
2026.08.26 23:13:45,23:13:45,8,com.android.healthconnect.phone.jd7cdc53389aa3a9ebd124ea7a13f1035
2026.08.26 23:13:54,23:13:54,104,com.android.healthconnect.phone.jd7cdc53389aa3a9ebd124ea7a13f1035
2026.08.26 23:19:03,23:19:03,94,com.android.healthconnect.phone.jd7cdc53389aa3a9ebd124ea7a13f1035
2026.08.26 23:20:00,23:20:00,801,com.huami.watch.hmwatchmanager
2026.08.26 23:20:03,23:20:03,372,com.android.healthconnect.phone.jd7cdc53389aa3a9ebd124ea7a13f1035
2026.08.26 23:23:56,23:23:56,394,com.android.healthconnect.phone.jd7cdc53389aa3a9ebd124ea7a13f1035
2026.08.26 23:28:01,23:28:01,9,com.android.healthconnect.phone.jd7cdc53389aa3a9ebd124ea7a13f1035
2026.08.26 23:29:00,23:29:00,44,com.android.healthconnect.phone.jd7cdc53389aa3a9ebd124ea7a13f1035
2026.08.26 23:30:00,23:30:00,668,com.huami.watch.hmwatchmanager
2026.08.26 23:31:17,23:31:17,98,com.android.healthconnect.phone.jd7cdc53389aa3a9ebd124ea7a13f1035
2026.08.26 23:32:18,23:32:18,95,com.android.healthconnect.phone.jd7cdc53389aa3a9ebd124ea7a13f1035
2026.08.26 23:33:20,23:33:20,91,com.android.healthconnect.phone.jd7cdc53389aa3a9ebd124ea7a13f1035
2026.08.26 23:34:25,23:34:25,258,com.android.healthconnect.phone.jd7cdc53389aa3a9ebd124ea7a13f1035
2026.08.26 23:37:10,23:37:10,63,com.android.healthconnect.phone.jd7cdc53389aa3a9ebd124ea7a13f1035
2026.08.26 23:50:00,23:50:00,7,com.huami.watch.hmwatchmanager
2026.08.27 00:20:00,00:20:00,8,com.huami.watch.hmwatchmanager
2026.08.27 00:40:00,00:40:00,8,com.huami.watch.hmwatchmanager
2026.08.27 00:50:00,00:50:00,10,com.huami.watch.hmwatchmanager
2026.08.27 01:00:00,01:00:00,4,com.huami.watch.hmwatchmanager
2026.08.27 02:30:00,02:30:00,3,com.huami.watch.hmwatchmanager
2026.08.27 03:10:00,03:10:00,140,com.huami.watch.hmwatchmanager
2026.08.27 03:18:20,03:18:20,16,com.android.healthconnect.phone.jd7cdc53389aa3a9ebd124ea7a13f1035
2026.08.27 03:18:52,03:18:52,292,com.android.healthconnect.phone.jd7cdc53389aa3a9ebd124ea7a13f1035
2026.08.27 03:20:00,03:20:00,790,com.huami.watch.hmwatchmanager
2026.08.27 03:25:00,03:25:00,86,com.android.healthconnect.phone.jd7cdc53389aa3a9ebd124ea7a13f1035
2026.08.27 03:25:59,03:25:59,180,com.android.healthconnect.phone.jd7cdc53389aa3a9ebd124ea7a13f1035
2026.08.27 03:28:17,03:28:17,252,com.android.healthconnect.phone.jd7cdc53389aa3a9ebd124ea7a13f1035
2026.08.27 03:30:00,03:30:00,1049,com.huami.watch.hmwatchmanager
2026.08.27 03:31:30,03:31:30,93,com.android.healthconnect.phone.jd7cdc53389aa3a9ebd124ea7a13f1035
2026.08.27 03:32:30,03:32:30,242,com.android.healthconnect.phone.jd7cdc53389aa3a9ebd124ea7a13f1035
2026.08.27 03:35:12,03:35:12,232,com.android.healthconnect.phone.jd7cdc53389aa3a9ebd124ea7a13f1035
2026.08.27 03:37:39,03:37:39,112,com.android.healthconnect.phone.jd7cdc53389aa3a9ebd124ea7a13f1035
2026.08.27 03:38:38,03:38:38,825,com.android.healthconnect.phone.jd7cdc53389aa3a9ebd124ea7a13f1035
2026.08.27 03:40:00,03:40:00,843,com.huami.watch.hmwatchmanager
2026.08.27 03:45:56,03:45:56,110,com.android.healthconnect.phone.jd7cdc53389aa3a9ebd124ea7a13f1035
2026.08.27 03:46:56,03:46:56,60,com.android.healthconnect.phone.jd7cdc53389aa3a9ebd124ea7a13f1035
2026.08.27 03:47:53,03:47:53,26,com.android.healthconnect.phone.jd7cdc53389aa3a9ebd124ea7a13f1035
2026.08.27 03:50:00,03:50:00,19,com.huami.watch.hmwatchmanager
2026.08.27 03:52:50,03:52:50,6,com.android.healthconnect.phone.jd7cdc53389aa3a9ebd124ea7a13f1035
2026.08.27 03:53:02,03:53:02,3,com.android.healthconnect.phone.jd7cdc53389aa3a9ebd124ea7a13f1035
2026.08.27 04:10:00,04:10:00,10,com.huami.watch.hmwatchmanager
2026.08.27 04:11:07,04:11:07,6,com.android.healthconnect.phone.jd7cdc53389aa3a9ebd124ea7a13f1035
2026.08.27 04:11:19,04:11:19,2,com.android.healthconnect.phone.jd7cdc53389aa3a9ebd124ea7a13f1035
2026.08.27 09:08:58,09:08:58,6,com.android.healthconnect.phone.jd7cdc53389aa3a9ebd124ea7a13f1035
2026.08.27 09:09:10,09:09:10,2,com.android.healthconnect.phone.jd7cdc53389aa3a9ebd124ea7a13f1035
2026.08.27 09:14:38,09:14:38,8,com.android.healthconnect.phone.jd7cdc53389aa3a9ebd124ea7a13f1035
2026.08.27 09:14:54,09:14:54,18,com.android.healthconnect.phone.jd7cdc53389aa3a9ebd124ea7a13f1035
2026.08.27 09:27:46,09:27:46,6,com.android.healthconnect.phone.jd7cdc53389aa3a9ebd124ea7a13f1035
2026.08.27 10:20:00,10:20:00,12,com.huami.watch.hmwatchmanager
2026.08.27 10:30:00,10:30:00,12,com.huami.watch.hmwatchmanager
2026.08.27 10:30:04,10:30:04,9,com.android.healthconnect.phone.jd7cdc53389aa3a9ebd124ea7a13f1035
2026.08.27 10:30:22,10:30:22,14,com.android.healthconnect.phone.jd7cdc53389aa3a9ebd124ea7a13f1035
2026.08.27 10:39:15,10:39:15,6,com.android.healthconnect.phone.jd7cdc53389aa3a9ebd124ea7a13f1035
2026.08.27 10:39:27,10:39:27,1,com.android.healthconnect.phone.jd7cdc53389aa3a9ebd124ea7a13f1035
2026.08.27 10:59:08,10:59:08,7,com.android.healthconnect.phone.jd7cdc53389aa3a9ebd124ea7a13f1035
2026.08.27 10:59:22,10:59:22,1,com.android.healthconnect.phone.jd7cdc53389aa3a9ebd124ea7a13f1035
2026.08.27 11:00:00,11:00:00,28,com.huami.watch.hmwatchmanager
2026.08.27 11:10:00,11:10:00,62,com.huami.watch.hmwatchmanager
2026.08.27 11:20:00,11:20:00,291,com.huami.watch.hmwatchmanager
2026.08.27 11:20:22,11:20:22,8,com.android.healthconnect.phone.jd7cdc53389aa3a9ebd124ea7a13f1035
2026.08.27 11:20:38,11:20:38,21,com.android.healthconnect.phone.jd7cdc53389aa3a9ebd124ea7a13f1035
2026.08.27 11:24:04,11:24:04,234,com.android.healthconnect.phone.jd7cdc53389aa3a9ebd124ea7a13f1035
2026.08.27 11:30:00,11:30:00,17,com.huami.watch.hmwatchmanager
2026.08.27 11:40:00,11:40:00,19,com.huami.watch.hmwatchmanager
2026.08.27 11:50:00,11:50:00,18,com.huami.watch.hmwatchmanager
2026.08.27 12:00:00,12:00:00,29,com.huami.watch.hmwatchmanager
2026.08.27 12:10:00,12:10:00,17,com.huami.watch.hmwatchmanager
2026.08.27 12:20:00,12:20:00,16,com.huami.watch.hmwatchmanager
2026.08.27 12:30:00,12:30:00,9,com.huami.watch.hmwatchmanager
2026.08.27 12:40:00,12:40:00,256,com.huami.watch.hmwatchmanager
2026.08.27 12:43:42,12:43:42,15,com.android.healthconnect.phone.jd7cdc53389aa3a9ebd124ea7a13f1035
2026.08.27 12:44:12,12:44:12,174,com.android.healthconnect.phone.jd7cdc53389aa3a9ebd124ea7a13f1035
2026.08.27 12:46:24,12:46:24,27,com.android.healthconnect.phone.jd7cdc53389aa3a9ebd124ea7a13f1035
2026.08.27 12:50:00,12:50:00,21,com.huami.watch.hmwatchmanager
2026.08.27 14:42:55,14:42:55,7,com.android.healthconnect.phone.jd7cdc53389aa3a9ebd124ea7a13f1035
2026.08.27 14:43:09,14:43:09,12,com.android.healthconnect.phone.jd7cdc53389aa3a9ebd124ea7a13f1035
2026.08.27 15:08:35,15:08:35,7,com.android.healthconnect.phone.jd7cdc53389aa3a9ebd124ea7a13f1035
2026.08.27 15:08:49,15:08:49,9,com.android.healthconnect.phone.jd7cdc53389aa3a9ebd124ea7a13f1035
2026.08.27 18:06:21,18:06:21,6,com.android.healthconnect.phone.jd7cdc53389aa3a9ebd124ea7a13f1035
2026.08.27 18:06:33,18:06:33,6,com.android.healthconnect.phone.jd7cdc53389aa3a9ebd124ea7a13f1035
2026.08.27 18:06:39,18:06:39,11,com.android.healthconnect.phone.jd7cdc53389aa3a9ebd124ea7a13f1035
2026.08.27 21:30:23,21:30:23,6,com.android.healthconnect.phone.jd7cdc53389aa3a9ebd124ea7a13f1035
2026.08.27 21:30:35,21:30:35,35,com.android.healthconnect.phone.jd7cdc53389aa3a9ebd124ea7a13f1035
2026.08.27 21:40:43,21:40:43,7,com.android.healthconnect.phone.jd7cdc53389aa3a9ebd124ea7a13f1035
2026.08.27 21:40:57,21:40:57,10,com.android.healthconnect.phone.jd7cdc53389aa3a9ebd124ea7a13f1035
2026.08.27 21:44:41,21:44:41,6,com.android.healthconnect.phone.jd7cdc53389aa3a9ebd124ea7a13f1035
2026.08.27 21:44:53,21:44:53,1,com.android.healthconnect.phone.jd7cdc53389aa3a9ebd124ea7a13f1035
2026.08.27 21:56:11,21:56:11,7,com.android.healthconnect.phone.jd7cdc53389aa3a9ebd124ea7a13f1035
2026.08.27 21:56:25,21:56:25,19,com.android.healthconnect.phone.jd7cdc53389aa3a9ebd124ea7a13f1035
2026.08.27 22:00:00,22:00:00,621,com.huami.watch.hmwatchmanager
2026.08.27 22:02:21,22:02:21,7,com.android.healthconnect.phone.jd7cdc53389aa3a9ebd124ea7a13f1035
2026.08.27 22:02:35,22:02:35,44,com.android.healthconnect.phone.jd7cdc53389aa3a9ebd124ea7a13f1035
2026.08.27 22:03:11,22:03:11,9,com.android.healthconnect.phone.jd7cdc53389aa3a9ebd124ea7a13f1035
2026.08.27 22:03:57,22:03:57,71,com.android.healthconnect.phone.jd7cdc53389aa3a9ebd124ea7a13f1035
2026.08.27 22:06:14,22:06:14,140,com.android.healthconnect.phone.jd7cdc53389aa3a9ebd124ea7a13f1035
2026.08.27 22:07:26,22:07:26,147,com.android.healthconnect.phone.jd7cdc53389aa3a9ebd124ea7a13f1035
2026.08.27 22:08:42,22:08:42,179,com.android.healthconnect.phone.jd7cdc53389aa3a9ebd124ea7a13f1035
2026.08.27 22:10:00,22:10:00,1014,com.huami.watch.hmwatchmanager
2026.08.27 22:10:16,22:10:16,86,com.android.healthconnect.phone.jd7cdc53389aa3a9ebd124ea7a13f1035
2026.08.27 22:11:19,22:11:19,274,com.android.healthconnect.phone.jd7cdc53389aa3a9ebd124ea7a13f1035
2026.08.27 22:14:13,22:14:13,140,com.android.healthconnect.phone.jd7cdc53389aa3a9ebd124ea7a13f1035
2026.08.27 22:15:29,22:15:29,110,com.android.healthconnect.phone.jd7cdc53389aa3a9ebd124ea7a13f1035
2026.08.27 22:16:32,22:16:32,145,com.android.healthconnect.phone.jd7cdc53389aa3a9ebd124ea7a13f1035
2026.08.27 22:17:56,22:17:56,185,com.android.healthconnect.phone.jd7cdc53389aa3a9ebd124ea7a13f1035
2026.08.27 22:19:41,22:19:41,121,com.android.healthconnect.phone.jd7cdc53389aa3a9ebd124ea7a13f1035
2026.08.27 22:20:00,22:20:00,656,com.huami.watch.hmwatchmanager
2026.08.27 22:20:49,22:20:49,145,com.android.healthconnect.phone.jd7cdc53389aa3a9ebd124ea7a13f1035
2026.08.27 22:22:08,22:22:08,84,com.android.healthconnect.phone.jd7cdc53389aa3a9ebd124ea7a13f1035
2026.08.27 22:23:08,22:23:08,127,com.android.healthconnect.phone.jd7cdc53389aa3a9ebd124ea7a13f1035
2026.08.27 22:24:18,22:24:18,140,com.android.healthconnect.phone.jd7cdc53389aa3a9ebd124ea7a13f1035
2026.08.27 22:25:35,22:25:35,37,com.android.healthconnect.phone.jd7cdc53389aa3a9ebd124ea7a13f1035
2026.08.27 22:40:00,22:40:00,13,com.huami.watch.hmwatchmanager
2026.08.27 22:50:00,22:50:00,6,com.huami.watch.hmwatchmanager
2026.08.27 23:10:00,23:10:00,7,com.huami.watch.hmwatchmanager
2026.08.27 23:30:00,23:30:00,11,com.huami.watch.hmwatchmanager
2026.08.27 23:50:00,23:50:00,132,com.huami.watch.hmwatchmanager
2026.08.28 00:00:00,00:00:00,8,com.huami.watch.hmwatchmanager
2026.08.28 00:20:00,00:20:00,11,com.huami.watch.hmwatchmanager
2026.08.28 00:50:00,00:50:00,421,com.huami.watch.hmwatchmanager
2026.08.28 00:54:36,00:54:36,16,com.android.healthconnect.phone.jd7cdc53389aa3a9ebd124ea7a13f1035
2026.08.28 00:55:08,00:55:08,104,com.android.healthconnect.phone.jd7cdc53389aa3a9ebd124ea7a13f1035
2026.08.28 00:56:57,00:56:57,257,com.android.healthconnect.phone.jd7cdc53389aa3a9ebd124ea7a13f1035
2026.08.28 00:59:57,00:59:57,294,com.android.healthconnect.phone.jd7cdc53389aa3a9ebd124ea7a13f1035
2026.08.28 01:00:00,01:00:00,984,com.huami.watch.hmwatchmanager
2026.08.28 01:03:08,01:03:08,93,com.android.healthconnect.phone.jd7cdc53389aa3a9ebd124ea7a13f1035
2026.08.28 01:04:08,01:04:08,101,com.android.healthconnect.phone.jd7cdc53389aa3a9ebd124ea7a13f1035
2026.08.28 01:05:08,01:05:08,101,com.android.healthconnect.phone.jd7cdc53389aa3a9ebd124ea7a13f1035
2026.08.28 01:06:08,01:06:08,310,com.android.healthconnect.phone.jd7cdc53389aa3a9ebd124ea7a13f1035
2026.08.28 01:09:17,01:09:17,96,com.android.healthconnect.phone.jd7cdc53389aa3a9ebd124ea7a13f1035
2026.08.28 01:10:00,01:10:00,999,com.huami.watch.hmwatchmanager
2026.08.28 01:10:18,01:10:18,99,com.android.healthconnect.phone.jd7cdc53389aa3a9ebd124ea7a13f1035
2026.08.28 01:11:18,01:11:18,206,com.android.healthconnect.phone.jd7cdc53389aa3a9ebd124ea7a13f1035
2026.08.28 01:13:33,01:13:33,180,com.android.healthconnect.phone.jd7cdc53389aa3a9ebd124ea7a13f1035
2026.08.28 01:15:26,01:15:26,103,com.android.healthconnect.phone.jd7cdc53389aa3a9ebd124ea7a13f1035
2026.08.28 01:16:27,01:16:27,104,com.android.healthconnect.phone.jd7cdc53389aa3a9ebd124ea7a13f1035
2026.08.28 01:17:27,01:17:27,108,com.android.healthconnect.phone.jd7cdc53389aa3a9ebd124ea7a13f1035
2026.08.28 01:18:27,01:18:27,91,com.android.healthconnect.phone.jd7cdc53389aa3a9ebd124ea7a13f1035
2026.08.28 01:19:26,01:19:26,96,com.android.healthconnect.phone.jd7cdc53389aa3a9ebd124ea7a13f1035
2026.08.28 01:20:00,01:20:00,268,com.huami.watch.hmwatchmanager
2026.08.28 01:20:27,01:20:27,99,com.android.healthconnect.phone.jd7cdc53389aa3a9ebd124ea7a13f1035
2026.08.28 01:21:27,01:21:27,109,com.android.healthconnect.phone.jd7cdc53389aa3a9ebd124ea7a13f1035
2026.08.28 01:23:25,01:23:25,29,com.android.healthconnect.phone.jd7cdc53389aa3a9ebd124ea7a13f1035
2026.08.28 01:46:52,01:46:52,6,com.android.healthconnect.phone.jd7cdc53389aa3a9ebd124ea7a13f1035
2026.08.28 01:47:04,01:47:04,2,com.android.healthconnect.phone.jd7cdc53389aa3a9ebd124ea7a13f1035
2026.08.28 10:10:00,10:10:00,14,com.huami.watch.hmwatchmanager
2026.08.28 10:20:00,10:20:00,67,com.huami.watch.hmwatchmanager
2026.08.28 10:27:28,10:27:28,6,com.android.healthconnect.phone.jd7cdc53389aa3a9ebd124ea7a13f1035
2026.08.28 10:27:40,10:27:40,8,com.android.healthconnect.phone.jd7cdc53389aa3a9ebd124ea7a13f1035
2026.08.28 10:30:00,10:30:00,80,com.huami.watch.hmwatchmanager
2026.08.28 10:36:16,10:36:16,6,com.android.healthconnect.phone.jd7cdc53389aa3a9ebd124ea7a13f1035
2026.08.28 10:36:28,10:36:28,16,com.android.healthconnect.phone.jd7cdc53389aa3a9ebd124ea7a13f1035
2026.08.28 10:38:24,10:38:24,7,com.android.healthconnect.phone.jd7cdc53389aa3a9ebd124ea7a13f1035
2026.08.28 10:38:38,10:38:38,3,com.android.healthconnect.phone.jd7cdc53389aa3a9ebd124ea7a13f1035
2026.08.28 10:40:00,10:40:00,351,com.huami.watch.hmwatchmanager
2026.08.28 10:44:21,10:44:21,7,com.android.healthconnect.phone.jd7cdc53389aa3a9ebd124ea7a13f1035
2026.08.28 10:44:35,10:44:35,23,com.android.healthconnect.phone.jd7cdc53389aa3a9ebd124ea7a13f1035
2026.08.28 10:47:12,10:47:12,7,com.android.healthconnect.phone.jd7cdc53389aa3a9ebd124ea7a13f1035
2026.08.28 10:47:26,10:47:26,102,com.android.healthconnect.phone.jd7cdc53389aa3a9ebd124ea7a13f1035
2026.08.28 10:48:26,10:48:26,107,com.android.healthconnect.phone.jd7cdc53389aa3a9ebd124ea7a13f1035
2026.08.28 10:49:26,10:49:26,113,com.android.healthconnect.phone.jd7cdc53389aa3a9ebd124ea7a13f1035
2026.08.28 10:50:00,10:50:00,1171,com.huami.watch.hmwatchmanager
2026.08.28 10:50:26,10:50:26,110,com.android.healthconnect.phone.jd7cdc53389aa3a9ebd124ea7a13f1035
2026.08.28 10:51:26,10:51:26,113,com.android.healthconnect.phone.jd7cdc53389aa3a9ebd124ea7a13f1035
2026.08.28 10:52:26,10:52:26,112,com.android.healthconnect.phone.jd7cdc53389aa3a9ebd124ea7a13f1035
2026.08.28 10:53:26,10:53:26,112,com.android.healthconnect.phone.jd7cdc53389aa3a9ebd124ea7a13f1035
2026.08.28 10:54:26,10:54:26,112,com.android.healthconnect.phone.jd7cdc53389aa3a9ebd124ea7a13f1035
2026.08.28 10:55:26,10:55:26,115,com.android.healthconnect.phone.jd7cdc53389aa3a9ebd124ea7a13f1035
2026.08.28 10:56:26,10:56:26,116,com.android.healthconnect.phone.jd7cdc53389aa3a9ebd124ea7a13f1035
2026.08.28 10:57:26,10:57:26,115,com.android.healthconnect.phone.jd7cdc53389aa3a9ebd124ea7a13f1035
2026.08.28 10:58:26,10:58:26,116,com.android.healthconnect.phone.jd7cdc53389aa3a9ebd124ea7a13f1035
2026.08.28 10:59:27,10:59:27,110,com.android.healthconnect.phone.jd7cdc53389aa3a9ebd124ea7a13f1035
2026.08.28 11:00:00,11:00:00,1568,com.huami.watch.hmwatchmanager
2026.08.28 11:00:26,11:00:26,118,com.android.healthconnect.phone.jd7cdc53389aa3a9ebd124ea7a13f1035
2026.08.28 11:01:26,11:01:26,151,com.android.healthconnect.phone.jd7cdc53389aa3a9ebd124ea7a13f1035
2026.08.28 11:02:26,11:02:26,168,com.android.healthconnect.phone.jd7cdc53389aa3a9ebd124ea7a13f1035
2026.08.28 11:03:26,11:03:26,168,com.android.healthconnect.phone.jd7cdc53389aa3a9ebd124ea7a13f1035
2026.08.28 11:04:27,11:04:27,162,com.android.healthconnect.phone.jd7cdc53389aa3a9ebd124ea7a13f1035
2026.08.28 11:05:27,11:05:27,154,com.android.healthconnect.phone.jd7cdc53389aa3a9ebd124ea7a13f1035
2026.08.28 11:06:27,11:06:27,134,com.android.healthconnect.phone.jd7cdc53389aa3a9ebd124ea7a13f1035
2026.08.28 11:07:27,11:07:27,166,com.android.healthconnect.phone.jd7cdc53389aa3a9ebd124ea7a13f1035
2026.08.28 11:08:27,11:08:27,169,com.android.healthconnect.phone.jd7cdc53389aa3a9ebd124ea7a13f1035
2026.08.28 11:09:27,11:09:27,166,com.android.healthconnect.phone.jd7cdc53389aa3a9ebd124ea7a13f1035
2026.08.28 11:10:00,11:10:00,1663,com.huami.watch.hmwatchmanager
2026.08.28 11:10:27,11:10:27,171,com.android.healthconnect.phone.jd7cdc53389aa3a9ebd124ea7a13f1035
2026.08.28 11:11:27,11:11:27,167,com.android.healthconnect.phone.jd7cdc53389aa3a9ebd124ea7a13f1035
2026.08.28 11:12:27,11:12:27,168,com.android.healthconnect.phone.jd7cdc53389aa3a9ebd124ea7a13f1035
2026.08.28 11:13:27,11:13:27,166,com.android.healthconnect.phone.jd7cdc53389aa3a9ebd124ea7a13f1035
2026.08.28 11:14:27,11:14:27,164,com.android.healthconnect.phone.jd7cdc53389aa3a9ebd124ea7a13f1035
2026.08.28 11:15:27,11:15:27,167,com.android.healthconnect.phone.jd7cdc53389aa3a9ebd124ea7a13f1035
2026.08.28 11:16:27,11:16:27,165,com.android.healthconnect.phone.jd7cdc53389aa3a9ebd124ea7a13f1035
2026.08.28 11:17:27,11:17:27,167,com.android.healthconnect.phone.jd7cdc53389aa3a9ebd124ea7a13f1035
2026.08.28 11:18:27,11:18:27,165,com.android.healthconnect.phone.jd7cdc53389aa3a9ebd124ea7a13f1035
2026.08.28 11:19:27,11:19:27,169,com.android.healthconnect.phone.jd7cdc53389aa3a9ebd124ea7a13f1035
2026.08.28 11:20:00,11:20:00,1649,com.huami.watch.hmwatchmanager
2026.08.28 11:20:27,11:20:27,167,com.android.healthconnect.phone.jd7cdc53389aa3a9ebd124ea7a13f1035
2026.08.28 11:21:27,11:21:27,169,com.android.healthconnect.phone.jd7cdc53389aa3a9ebd124ea7a13f1035
2026.08.28 11:22:27,11:22:27,197,com.android.healthconnect.phone.jd7cdc53389aa3a9ebd124ea7a13f1035
2026.08.28 11:23:40,11:23:40,168,com.android.healthconnect.phone.jd7cdc53389aa3a9ebd124ea7a13f1035
2026.08.28 11:24:40,11:24:40,170,com.android.healthconnect.phone.jd7cdc53389aa3a9ebd124ea7a13f1035
2026.08.28 11:25:40,11:25:40,169,com.android.healthconnect.phone.jd7cdc53389aa3a9ebd124ea7a13f1035
2026.08.28 11:26:40,11:26:40,169,com.android.healthconnect.phone.jd7cdc53389aa3a9ebd124ea7a13f1035
2026.08.28 11:27:40,11:27:40,166,com.android.healthconnect.phone.jd7cdc53389aa3a9ebd124ea7a13f1035
2026.08.28 11:28:40,11:28:40,152,com.android.healthconnect.phone.jd7cdc53389aa3a9ebd124ea7a13f1035
2026.08.28 11:29:40,11:29:40,152,com.android.healthconnect.phone.jd7cdc53389aa3a9ebd124ea7a13f1035
2026.08.28 11:30:00,11:30:00,1642,com.huami.watch.hmwatchmanager
2026.08.28 11:30:40,11:30:40,173,com.android.healthconnect.phone.jd7cdc53389aa3a9ebd124ea7a13f1035
2026.08.28 11:31:40,11:31:40,172,com.android.healthconnect.phone.jd7cdc53389aa3a9ebd124ea7a13f1035
2026.08.28 11:32:40,11:32:40,171,com.android.healthconnect.phone.jd7cdc53389aa3a9ebd124ea7a13f1035
2026.08.28 11:33:40,11:33:40,170,com.android.healthconnect.phone.jd7cdc53389aa3a9ebd124ea7a13f1035
2026.08.28 11:34:40,11:34:40,171,com.android.healthconnect.phone.jd7cdc53389aa3a9ebd124ea7a13f1035
2026.08.28 11:35:40,11:35:40,186,com.android.healthconnect.phone.jd7cdc53389aa3a9ebd124ea7a13f1035
2026.08.28 11:36:55,11:36:55,167,com.android.healthconnect.phone.jd7cdc53389aa3a9ebd124ea7a13f1035
2026.08.28 11:37:55,11:37:55,130,com.android.healthconnect.phone.jd7cdc53389aa3a9ebd124ea7a13f1035
2026.08.28 11:38:55,11:38:55,177,com.android.healthconnect.phone.jd7cdc53389aa3a9ebd124ea7a13f1035
2026.08.28 11:39:55,11:39:55,175,com.android.healthconnect.phone.jd7cdc53389aa3a9ebd124ea7a13f1035
2026.08.28 11:40:00,11:40:00,1707,com.huami.watch.hmwatchmanager
2026.08.28 11:40:55,11:40:55,175,com.android.healthconnect.phone.jd7cdc53389aa3a9ebd124ea7a13f1035
2026.08.28 11:41:55,11:41:55,172,com.android.healthconnect.phone.jd7cdc53389aa3a9ebd124ea7a13f1035
2026.08.28 11:42:55,11:42:55,168,com.android.healthconnect.phone.jd7cdc53389aa3a9ebd124ea7a13f1035
2026.08.28 11:43:55,11:43:55,173,com.android.healthconnect.phone.jd7cdc53389aa3a9ebd124ea7a13f1035
2026.08.28 11:44:55,11:44:55,170,com.android.healthconnect.phone.jd7cdc53389aa3a9ebd124ea7a13f1035
2026.08.28 11:45:55,11:45:55,170,com.android.healthconnect.phone.jd7cdc53389aa3a9ebd124ea7a13f1035
2026.08.28 11:46:55,11:46:55,171,com.android.healthconnect.phone.jd7cdc53389aa3a9ebd124ea7a13f1035
2026.08.28 11:47:55,11:47:55,169,com.android.healthconnect.phone.jd7cdc53389aa3a9ebd124ea7a13f1035
2026.08.28 11:48:55,11:48:55,168,com.android.healthconnect.phone.jd7cdc53389aa3a9ebd124ea7a13f1035
2026.08.28 11:49:55,11:49:55,169,com.android.healthconnect.phone.jd7cdc53389aa3a9ebd124ea7a13f1035
2026.08.28 11:50:00,11:50:00,1346,com.huami.watch.hmwatchmanager
2026.08.28 11:50:55,11:50:55,168,com.android.healthconnect.phone.jd7cdc53389aa3a9ebd124ea7a13f1035
2026.08.28 11:51:55,11:51:55,167,com.android.healthconnect.phone.jd7cdc53389aa3a9ebd124ea7a13f1035
2026.08.28 11:52:55,11:52:55,161,com.android.healthconnect.phone.jd7cdc53389aa3a9ebd124ea7a13f1035
2026.08.28 11:53:55,11:53:55,162,com.android.healthconnect.phone.jd7cdc53389aa3a9ebd124ea7a13f1035
2026.08.28 11:54:55,11:54:55,153,com.android.healthconnect.phone.jd7cdc53389aa3a9ebd124ea7a13f1035
2026.08.28 11:55:55,11:55:55,24,com.android.healthconnect.phone.jd7cdc53389aa3a9ebd124ea7a13f1035
2026.08.28 11:56:39,11:56:39,35,com.android.healthconnect.phone.jd7cdc53389aa3a9ebd124ea7a13f1035
2026.08.28 11:57:55,11:57:55,137,com.android.healthconnect.phone.jd7cdc53389aa3a9ebd124ea7a13f1035
2026.08.28 11:58:55,11:58:55,169,com.android.healthconnect.phone.jd7cdc53389aa3a9ebd124ea7a13f1035
2026.08.28 11:59:55,11:59:55,166,com.android.healthconnect.phone.jd7cdc53389aa3a9ebd124ea7a13f1035
2026.08.28 12:00:00,12:00:00,1294,com.huami.watch.hmwatchmanager
2026.08.28 12:00:55,12:00:55,162,com.android.healthconnect.phone.jd7cdc53389aa3a9ebd124ea7a13f1035
2026.08.28 12:01:55,12:01:55,160,com.android.healthconnect.phone.jd7cdc53389aa3a9ebd124ea7a13f1035
2026.08.28 12:02:55,12:02:55,158,com.android.healthconnect.phone.jd7cdc53389aa3a9ebd124ea7a13f1035
2026.08.28 12:03:55,12:03:55,160,com.android.healthconnect.phone.jd7cdc53389aa3a9ebd124ea7a13f1035
2026.08.28 12:04:55,12:04:55,92,com.android.healthconnect.phone.jd7cdc53389aa3a9ebd124ea7a13f1035
2026.08.28 12:05:55,12:05:55,89,com.android.healthconnect.phone.jd7cdc53389aa3a9ebd124ea7a13f1035
2026.08.28 12:06:55,12:06:55,94,com.android.healthconnect.phone.jd7cdc53389aa3a9ebd124ea7a13f1035
2026.08.28 12:07:55,12:07:55,106,com.android.healthconnect.phone.jd7cdc53389aa3a9ebd124ea7a13f1035
2026.08.28 12:08:55,12:08:55,110,com.android.healthconnect.phone.jd7cdc53389aa3a9ebd124ea7a13f1035
2026.08.28 12:09:54,12:09:54,74,com.android.healthconnect.phone.jd7cdc53389aa3a9ebd124ea7a13f1035
2026.08.28 12:10:00,12:10:00,948,com.huami.watch.hmwatchmanager
2026.08.28 12:10:55,12:10:55,104,com.android.healthconnect.phone.jd7cdc53389aa3a9ebd124ea7a13f1035
2026.08.28 12:11:55,12:11:55,82,com.android.healthconnect.phone.jd7cdc53389aa3a9ebd124ea7a13f1035
2026.08.28 12:12:42,12:12:42,72,com.android.healthconnect.phone.jd7cdc53389aa3a9ebd124ea7a13f1035
2026.08.28 12:13:55,12:13:55,92,com.android.healthconnect.phone.jd7cdc53389aa3a9ebd124ea7a13f1035
2026.08.28 12:14:55,12:14:55,98,com.android.healthconnect.phone.jd7cdc53389aa3a9ebd124ea7a13f1035
2026.08.28 12:15:55,12:15:55,100,com.android.healthconnect.phone.jd7cdc53389aa3a9ebd124ea7a13f1035
2026.08.28 12:16:55,12:16:55,102,com.android.healthconnect.phone.jd7cdc53389aa3a9ebd124ea7a13f1035
2026.08.28 12:17:55,12:17:55,105,com.android.healthconnect.phone.jd7cdc53389aa3a9ebd124ea7a13f1035
2026.08.28 12:18:55,12:18:55,107,com.android.healthconnect.phone.jd7cdc53389aa3a9ebd124ea7a13f1035
2026.08.28 12:19:55,12:19:55,107,com.android.healthconnect.phone.jd7cdc53389aa3a9ebd124ea7a13f1035
2026.08.28 12:20:00,12:20:00,955,com.huami.watch.hmwatchmanager
2026.08.28 12:20:55,12:20:55,111,com.android.healthconnect.phone.jd7cdc53389aa3a9ebd124ea7a13f1035
2026.08.28 12:21:55,12:21:55,114,com.android.healthconnect.phone.jd7cdc53389aa3a9ebd124ea7a13f1035
2026.08.28 12:22:55,12:22:55,96,com.android.healthconnect.phone.jd7cdc53389aa3a9ebd124ea7a13f1035
2026.08.28 12:23:55,12:23:55,97,com.android.healthconnect.phone.jd7cdc53389aa3a9ebd124ea7a13f1035
2026.08.28 12:24:55,12:24:55,56,com.android.healthconnect.phone.jd7cdc53389aa3a9ebd124ea7a13f1035
2026.08.28 12:25:55,12:25:55,111,com.android.healthconnect.phone.jd7cdc53389aa3a9ebd124ea7a13f1035
2026.08.28 12:26:55,12:26:55,112,com.android.healthconnect.phone.jd7cdc53389aa3a9ebd124ea7a13f1035
2026.08.28 12:27:55,12:27:55,103,com.android.healthconnect.phone.jd7cdc53389aa3a9ebd124ea7a13f1035
2026.08.28 12:28:55,12:28:55,44,com.android.healthconnect.phone.jd7cdc53389aa3a9ebd124ea7a13f1035
2026.08.28 12:29:30,12:29:30,39,com.android.healthconnect.phone.jd7cdc53389aa3a9ebd124ea7a13f1035
2026.08.28 12:30:00,12:30:00,76,com.huami.watch.hmwatchmanager
2026.08.28 12:30:34,12:30:34,47,com.android.healthconnect.phone.jd7cdc53389aa3a9ebd124ea7a13f1035
2026.08.28 12:50:00,12:50:00,48,com.huami.watch.hmwatchmanager
2026.08.28 13:00:00,13:00:00,96,com.huami.watch.hmwatchmanager
2026.08.28 13:05:28,13:05:28,15,com.android.healthconnect.phone.jd7cdc53389aa3a9ebd124ea7a13f1035
2026.08.28 13:05:58,13:05:58,7,com.android.healthconnect.phone.jd7cdc53389aa3a9ebd124ea7a13f1035
2026.08.28 13:06:02,13:06:02,22,com.android.healthconnect.phone.jd7cdc53389aa3a9ebd124ea7a13f1035
2026.08.28 14:23:37,14:23:37,15,com.android.healthconnect.phone.jd7cdc53389aa3a9ebd124ea7a13f1035
2026.08.28 14:24:07,14:24:07,4,com.android.healthconnect.phone.jd7cdc53389aa3a9ebd124ea7a13f1035
2026.08.28 14:41:52,14:41:52,6,com.android.healthconnect.phone.jd7cdc53389aa3a9ebd124ea7a13f1035
2026.08.28 14:42:04,14:42:04,3,com.android.healthconnect.phone.jd7cdc53389aa3a9ebd124ea7a13f1035
2026.08.28 15:13:45,15:13:45,8,com.android.healthconnect.phone.jd7cdc53389aa3a9ebd124ea7a13f1035
2026.08.28 15:14:01,15:14:01,4,com.android.healthconnect.phone.jd7cdc53389aa3a9ebd124ea7a13f1035
2026.08.28 15:14:07,15:14:07,13,com.android.healthconnect.phone.jd7cdc53389aa3a9ebd124ea7a13f1035
2026.08.28 21:10:43,21:10:43,6,com.android.healthconnect.phone.jd7cdc53389aa3a9ebd124ea7a13f1035
2026.08.28 21:10:55,21:10:55,4,com.android.healthconnect.phone.jd7cdc53389aa3a9ebd124ea7a13f1035
2026.08.28 21:16:52,21:16:52,6,com.android.healthconnect.phone.jd7cdc53389aa3a9ebd124ea7a13f1035
2026.08.28 21:17:04,21:17:04,22,com.android.healthconnect.phone.jd7cdc53389aa3a9ebd124ea7a13f1035
2026.08.28 21:26:46,21:26:46,8,com.android.healthconnect.phone.jd7cdc53389aa3a9ebd124ea7a13f1035
2026.08.28 21:40:22,21:40:22,6,com.android.healthconnect.phone.jd7cdc53389aa3a9ebd124ea7a13f1035
2026.08.28 21:40:34,21:40:34,5,com.android.healthconnect.phone.jd7cdc53389aa3a9ebd124ea7a13f1035
2026.08.28 21:45:22,21:45:22,6,com.android.healthconnect.phone.jd7cdc53389aa3a9ebd124ea7a13f1035
2026.08.28 21:45:34,21:45:34,2,com.android.healthconnect.phone.jd7cdc53389aa3a9ebd124ea7a13f1035
2026.08.28 21:50:00,21:50:00,621,com.huami.watch.hmwatchmanager
2026.08.28 21:50:19,21:50:19,7,com.android.healthconnect.phone.jd7cdc53389aa3a9ebd124ea7a13f1035
2026.08.28 21:50:33,21:50:33,14,com.android.healthconnect.phone.jd7cdc53389aa3a9ebd124ea7a13f1035
2026.08.28 21:50:50,21:50:50,50,com.android.healthconnect.phone.jd7cdc53389aa3a9ebd124ea7a13f1035
2026.08.28 21:52:51,21:52:51,96,com.android.healthconnect.phone.jd7cdc53389aa3a9ebd124ea7a13f1035
2026.08.28 21:53:56,21:53:56,487,com.android.healthconnect.phone.jd7cdc53389aa3a9ebd124ea7a13f1035
2026.08.28 22:00:00,22:00:00,437,com.huami.watch.hmwatchmanager
2026.08.28 22:00:15,22:00:15,115,com.android.healthconnect.phone.jd7cdc53389aa3a9ebd124ea7a13f1035
2026.08.28 22:01:24,22:01:24,23,com.android.healthconnect.phone.jd7cdc53389aa3a9ebd124ea7a13f1035
2026.08.28 22:03:15,22:03:15,234,com.android.healthconnect.phone.jd7cdc53389aa3a9ebd124ea7a13f1035
2026.08.28 22:05:36,22:05:36,17,com.android.healthconnect.phone.jd7cdc53389aa3a9ebd124ea7a13f1035
2026.08.28 23:20:00,23:20:00,20,com.huami.watch.hmwatchmanager
2026.08.28 23:27:45,23:27:45,15,com.android.healthconnect.phone.jd7cdc53389aa3a9ebd124ea7a13f1035
2026.08.28 23:28:15,23:28:15,5,com.android.healthconnect.phone.jd7cdc53389aa3a9ebd124ea7a13f1035
2026.08.28 23:30:00,23:30:00,550,com.huami.watch.hmwatchmanager
2026.08.28 23:31:44,23:31:44,6,com.android.healthconnect.phone.jd7cdc53389aa3a9ebd124ea7a13f1035
2026.08.28 23:31:56,23:31:56,94,com.android.healthconnect.phone.jd7cdc53389aa3a9ebd124ea7a13f1035
2026.08.28 23:32:56,23:32:56,105,com.android.healthconnect.phone.jd7cdc53389aa3a9ebd124ea7a13f1035
2026.08.28 23:33:56,23:33:56,34,com.android.healthconnect.phone.jd7cdc53389aa3a9ebd124ea7a13f1035
2026.08.28 23:34:20,23:34:20,85,com.android.healthconnect.phone.jd7cdc53389aa3a9ebd124ea7a13f1035
2026.08.28 23:36:46,23:36:46,99,com.android.healthconnect.phone.jd7cdc53389aa3a9ebd124ea7a13f1035
2026.08.28 23:37:46,23:37:46,52,com.android.healthconnect.phone.jd7cdc53389aa3a9ebd124ea7a13f1035
2026.08.28 23:38:20,23:38:20,68,com.android.healthconnect.phone.jd7cdc53389aa3a9ebd124ea7a13f1035
2026.08.28 23:39:45,23:39:45,103,com.android.healthconnect.phone.jd7cdc53389aa3a9ebd124ea7a13f1035
2026.08.28 23:40:00,23:40:00,980,com.huami.watch.hmwatchmanager
2026.08.28 23:40:45,23:40:45,102,com.android.healthconnect.phone.jd7cdc53389aa3a9ebd124ea7a13f1035
2026.08.28 23:41:45,23:41:45,42,com.android.healthconnect.phone.jd7cdc53389aa3a9ebd124ea7a13f1035
2026.08.28 23:42:45,23:42:45,735,com.android.healthconnect.phone.jd7cdc53389aa3a9ebd124ea7a13f1035
2026.08.28 23:49:47,23:49:47,549,com.android.healthconnect.phone.jd7cdc53389aa3a9ebd124ea7a13f1035
2026.08.28 23:50:00,23:50:00,608,com.huami.watch.hmwatchmanager
2026.08.28 23:54:57,23:54:57,65,com.android.healthconnect.phone.jd7cdc53389aa3a9ebd124ea7a13f1035
2026.08.28 23:55:37,23:55:37,100,com.android.healthconnect.phone.jd7cdc53389aa3a9ebd124ea7a13f1035
2026.08.29 00:00:00,00:00:00,573,com.huami.watch.hmwatchmanager
2026.08.29 00:00:48,00:00:48,293,com.android.healthconnect.phone.jd7cdc53389aa3a9ebd124ea7a13f1035
2026.08.29 00:03:51,00:03:51,168,com.android.healthconnect.phone.jd7cdc53389aa3a9ebd124ea7a13f1035
2026.08.29 00:10:00,00:10:00,11,com.huami.watch.hmwatchmanager
2026.08.29 00:20:00,00:20:00,16,com.huami.watch.hmwatchmanager
2026.08.29 00:21:27,00:21:27,7,com.android.healthconnect.phone.jd7cdc53389aa3a9ebd124ea7a13f1035
2026.08.29 00:21:41,00:21:41,4,com.android.healthconnect.phone.jd7cdc53389aa3a9ebd124ea7a13f1035
2026.08.29 00:30:00,00:30:00,32,com.huami.watch.hmwatchmanager
2026.08.29 00:33:02,00:33:02,8,com.android.healthconnect.phone.jd7cdc53389aa3a9ebd124ea7a13f1035
2026.08.29 00:33:18,00:33:18,27,com.android.healthconnect.phone.jd7cdc53389aa3a9ebd124ea7a13f1035
2026.08.29 00:34:15,00:34:15,11,com.android.healthconnect.phone.jd7cdc53389aa3a9ebd124ea7a13f1035
2026.08.29 00:46:39,00:46:39,7,com.android.healthconnect.phone.jd7cdc53389aa3a9ebd124ea7a13f1035
2026.08.29 00:46:53,00:46:53,2,com.android.healthconnect.phone.jd7cdc53389aa3a9ebd124ea7a13f1035
2026.08.29 00:46:57,00:46:57,7,com.android.healthconnect.phone.jd7cdc53389aa3a9ebd124ea7a13f1035
2026.08.29 01:00:48,01:00:48,7,com.android.healthconnect.phone.jd7cdc53389aa3a9ebd124ea7a13f1035
2026.08.29 01:05:36,01:05:36,7,com.android.healthconnect.phone.jd7cdc53389aa3a9ebd124ea7a13f1035
2026.08.29 01:05:50,01:05:50,30,com.android.healthconnect.phone.jd7cdc53389aa3a9ebd124ea7a13f1035
2026.08.29 01:20:00,01:20:00,7,com.huami.watch.hmwatchmanager
2026.08.29 01:28:55,01:28:55,7,com.android.healthconnect.phone.jd7cdc53389aa3a9ebd124ea7a13f1035
2026.08.29 01:40:00,01:40:00,13,com.huami.watch.hmwatchmanager
2026.08.29 01:45:16,01:45:16,7,com.android.healthconnect.phone.jd7cdc53389aa3a9ebd124ea7a13f1035
2026.08.29 01:45:30,01:45:30,15,com.android.healthconnect.phone.jd7cdc53389aa3a9ebd124ea7a13f1035
2026.08.29 01:47:38,01:47:38,11,com.android.healthconnect.phone.jd7cdc53389aa3a9ebd124ea7a13f1035
2026.08.29 02:00:00,02:00:00,5,com.huami.watch.hmwatchmanager
2026.08.29 02:04:58,02:04:58,8,com.android.healthconnect.phone.jd7cdc53389aa3a9ebd124ea7a13f1035
2026.08.29 02:10:00,02:10:00,7,com.huami.watch.hmwatchmanager
2026.08.29 02:19:42,02:19:42,16,com.android.healthconnect.phone.jd7cdc53389aa3a9ebd124ea7a13f1035
2026.08.29 02:20:00,02:20:00,830,com.huami.watch.hmwatchmanager
2026.08.29 02:20:14,02:20:14,307,com.android.healthconnect.phone.jd7cdc53389aa3a9ebd124ea7a13f1035
2026.08.29 02:24:29,02:24:29,142,com.android.healthconnect.phone.jd7cdc53389aa3a9ebd124ea7a13f1035
2026.08.29 02:26:09,02:26:09,130,com.android.healthconnect.phone.jd7cdc53389aa3a9ebd124ea7a13f1035
2026.08.29 02:27:38,02:27:38,139,com.android.healthconnect.phone.jd7cdc53389aa3a9ebd124ea7a13f1035
2026.08.29 02:29:08,02:29:08,85,com.android.healthconnect.phone.jd7cdc53389aa3a9ebd124ea7a13f1035
2026.08.29 02:30:00,02:30:00,635,com.huami.watch.hmwatchmanager
2026.08.29 02:30:07,02:30:07,90,com.android.healthconnect.phone.jd7cdc53389aa3a9ebd124ea7a13f1035
2026.08.29 02:33:24,02:33:24,397,com.android.healthconnect.phone.jd7cdc53389aa3a9ebd124ea7a13f1035
2026.08.29 02:37:26,02:37:26,148,com.android.healthconnect.phone.jd7cdc53389aa3a9ebd124ea7a13f1035
2026.08.29 02:40:00,02:40:00,1003,com.huami.watch.hmwatchmanager
2026.08.29 02:40:02,02:40:02,95,com.android.healthconnect.phone.jd7cdc53389aa3a9ebd124ea7a13f1035
2026.08.29 02:41:01,02:41:01,97,com.android.healthconnect.phone.jd7cdc53389aa3a9ebd124ea7a13f1035
2026.08.29 02:42:02,02:42:02,94,com.android.healthconnect.phone.jd7cdc53389aa3a9ebd124ea7a13f1035
2026.08.29 02:43:02,02:43:02,99,com.android.healthconnect.phone.jd7cdc53389aa3a9ebd124ea7a13f1035
2026.08.29 02:44:02,02:44:02,97,com.android.healthconnect.phone.jd7cdc53389aa3a9ebd124ea7a13f1035
2026.08.29 02:45:02,02:45:02,97,com.android.healthconnect.phone.jd7cdc53389aa3a9ebd124ea7a13f1035
2026.08.29 02:46:02,02:46:02,104,com.android.healthconnect.phone.jd7cdc53389aa3a9ebd124ea7a13f1035
2026.08.29 02:47:02,02:47:02,104,com.android.healthconnect.phone.jd7cdc53389aa3a9ebd124ea7a13f1035
2026.08.29 02:48:02,02:48:02,167,com.android.healthconnect.phone.jd7cdc53389aa3a9ebd124ea7a13f1035
2026.08.29 02:49:36,02:49:36,79,com.android.healthconnect.phone.jd7cdc53389aa3a9ebd124ea7a13f1035
2026.08.29 02:50:00,02:50:00,409,com.huami.watch.hmwatchmanager
2026.08.29 02:50:33,02:50:33,72,com.android.healthconnect.phone.jd7cdc53389aa3a9ebd124ea7a13f1035
2026.08.29 02:51:36,02:51:36,99,com.android.healthconnect.phone.jd7cdc53389aa3a9ebd124ea7a13f1035
2026.08.29 02:52:36,02:52:36,96,com.android.healthconnect.phone.jd7cdc53389aa3a9ebd124ea7a13f1035
2026.08.29 02:53:36,02:53:36,53,com.android.healthconnect.phone.jd7cdc53389aa3a9ebd124ea7a13f1035
2026.08.29 02:54:36,02:54:36,42,com.android.healthconnect.phone.jd7cdc53389aa3a9ebd124ea7a13f1035
2026.08.29 02:56:30,02:56:30,12,com.android.healthconnect.phone.jd7cdc53389aa3a9ebd124ea7a13f1035
2026.08.29 03:02:04,03:02:04,6,com.android.healthconnect.phone.jd7cdc53389aa3a9ebd124ea7a13f1035
2026.08.29 03:06:18,03:06:18,6,com.android.healthconnect.phone.jd7cdc53389aa3a9ebd124ea7a13f1035
2026.08.29 08:00:00,08:00:00,7,com.huami.watch.hmwatchmanager
2026.08.29 10:50:11,10:50:11,6,com.android.healthconnect.phone.jd7cdc53389aa3a9ebd124ea7a13f1035
2026.08.29 10:57:43,10:57:43,6,com.android.healthconnect.phone.jd7cdc53389aa3a9ebd124ea7a13f1035
2026.08.29 11:00:00,11:00:00,11,com.huami.watch.hmwatchmanager
2026.08.29 11:08:33,11:08:33,8,com.android.healthconnect.phone.jd7cdc53389aa3a9ebd124ea7a13f1035
2026.08.29 11:08:49,11:08:49,33,com.android.healthconnect.phone.jd7cdc53389aa3a9ebd124ea7a13f1035
2026.08.29 11:15:48,11:15:48,6,com.android.healthconnect.phone.jd7cdc53389aa3a9ebd124ea7a13f1035
2026.08.29 11:30:00,11:30:00,19,com.huami.watch.hmwatchmanager
2026.08.29 11:43:15,11:43:15,7,com.android.healthconnect.phone.jd7cdc53389aa3a9ebd124ea7a13f1035
2026.08.29 11:43:29,11:43:29,9,com.android.healthconnect.phone.jd7cdc53389aa3a9ebd124ea7a13f1035
2026.08.29 11:48:59,11:48:59,7,com.android.healthconnect.phone.jd7cdc53389aa3a9ebd124ea7a13f1035
2026.08.29 11:49:13,11:49:13,9,com.android.healthconnect.phone.jd7cdc53389aa3a9ebd124ea7a13f1035
2026.08.29 14:46:42,14:46:42,8,com.android.healthconnect.phone.jd7cdc53389aa3a9ebd124ea7a13f1035
2026.08.29 14:46:58,14:46:58,9,com.android.healthconnect.phone.jd7cdc53389aa3a9ebd124ea7a13f1035
2026.08.29 15:30:14,15:30:14,6,com.android.healthconnect.phone.jd7cdc53389aa3a9ebd124ea7a13f1035
2026.08.29 15:30:26,15:30:26,4,com.android.healthconnect.phone.jd7cdc53389aa3a9ebd124ea7a13f1035
2026.08.29 15:30:29,15:30:29,6,com.android.healthconnect.phone.jd7cdc53389aa3a9ebd124ea7a13f1035
2026.08.29 16:24:15,16:24:15,6,com.android.healthconnect.phone.jd7cdc53389aa3a9ebd124ea7a13f1035
2026.08.29 16:24:27,16:24:27,1,com.android.healthconnect.phone.jd7cdc53389aa3a9ebd124ea7a13f1035
2026.08.29 19:20:47,19:20:47,8,com.android.healthconnect.phone.jd7cdc53389aa3a9ebd124ea7a13f1035
2026.08.29 19:21:03,19:21:03,3,com.android.healthconnect.phone.jd7cdc53389aa3a9ebd124ea7a13f1035
2026.08.29 19:23:00,19:23:00,7,com.android.healthconnect.phone.jd7cdc53389aa3a9ebd124ea7a13f1035
2026.08.29 19:23:14,19:23:14,10,com.android.healthconnect.phone.jd7cdc53389aa3a9ebd124ea7a13f1035
2026.08.29 19:36:52,19:36:52,7,com.android.healthconnect.phone.jd7cdc53389aa3a9ebd124ea7a13f1035
2026.08.29 19:37:06,19:37:06,23,com.android.healthconnect.phone.jd7cdc53389aa3a9ebd124ea7a13f1035
2026.08.29 19:43:38,19:43:38,7,com.android.healthconnect.phone.jd7cdc53389aa3a9ebd124ea7a13f1035
2026.08.29 19:43:52,19:43:52,17,com.android.healthconnect.phone.jd7cdc53389aa3a9ebd124ea7a13f1035
2026.08.29 19:57:08,19:57:08,7,com.android.healthconnect.phone.jd7cdc53389aa3a9ebd124ea7a13f1035
2026.08.29 19:57:22,19:57:22,10,com.android.healthconnect.phone.jd7cdc53389aa3a9ebd124ea7a13f1035
2026.08.29 20:22:48,20:22:48,6,com.android.healthconnect.phone.jd7cdc53389aa3a9ebd124ea7a13f1035
2026.08.29 20:23:00,20:23:00,2,com.android.healthconnect.phone.jd7cdc53389aa3a9ebd124ea7a13f1035
2026.08.29 21:43:32,21:43:32,7,com.android.healthconnect.phone.jd7cdc53389aa3a9ebd124ea7a13f1035
2026.08.29 21:43:46,21:43:46,49,com.android.healthconnect.phone.jd7cdc53389aa3a9ebd124ea7a13f1035
2026.08.29 22:22:23,22:22:23,8,com.android.healthconnect.phone.jd7cdc53389aa3a9ebd124ea7a13f1035
2026.08.29 22:22:39,22:22:39,1,com.android.healthconnect.phone.jd7cdc53389aa3a9ebd124ea7a13f1035
2026.08.29 22:37:18,22:37:18,6,com.android.healthconnect.phone.jd7cdc53389aa3a9ebd124ea7a13f1035
2026.08.29 22:37:30,22:37:30,17,com.android.healthconnect.phone.jd7cdc53389aa3a9ebd124ea7a13f1035
2026.08.29 22:54:40,22:54:40,7,com.android.healthconnect.phone.jd7cdc53389aa3a9ebd124ea7a13f1035
2026.08.29 22:54:54,22:54:54,30,com.android.healthconnect.phone.jd7cdc53389aa3a9ebd124ea7a13f1035
2026.08.30 00:43:41,00:43:41,6,com.android.healthconnect.phone.jd7cdc53389aa3a9ebd124ea7a13f1035
2026.08.30 00:50:00,00:50:00,7,com.huami.watch.hmwatchmanager
2026.08.30 10:40:00,10:40:00,6,com.huami.watch.hmwatchmanager
2026.08.30 10:48:10,10:48:10,8,com.android.healthconnect.phone.jd7cdc53389aa3a9ebd124ea7a13f1035
2026.08.30 10:48:26,10:48:26,2,com.android.healthconnect.phone.jd7cdc53389aa3a9ebd124ea7a13f1035
2026.08.30 10:50:00,10:50:00,13,com.huami.watch.hmwatchmanager
2026.08.30 10:57:44,10:57:44,7,com.android.healthconnect.phone.jd7cdc53389aa3a9ebd124ea7a13f1035
2026.08.30 11:20:00,11:20:00,9,com.huami.watch.hmwatchmanager
2026.08.30 11:29:48,11:29:48,6,com.android.healthconnect.phone.jd7cdc53389aa3a9ebd124ea7a13f1035
2026.08.30 11:30:00,11:30:00,50,com.huami.watch.hmwatchmanager
2026.08.30 11:30:00,11:30:00,19,com.android.healthconnect.phone.jd7cdc53389aa3a9ebd124ea7a13f1035
2026.08.30 11:30:20,11:30:20,22,com.android.healthconnect.phone.jd7cdc53389aa3a9ebd124ea7a13f1035
2026.08.30 11:32:26,11:32:26,12,com.android.healthconnect.phone.jd7cdc53389aa3a9ebd124ea7a13f1035
2026.08.30 11:40:00,11:40:00,37,com.huami.watch.hmwatchmanager
2026.08.30 14:16:08,14:16:08,6,com.android.healthconnect.phone.jd7cdc53389aa3a9ebd124ea7a13f1035
2026.08.30 14:16:20,14:16:20,6,com.android.healthconnect.phone.jd7cdc53389aa3a9ebd124ea7a13f1035
2026.08.30 14:35:56,14:35:56,6,com.android.healthconnect.phone.jd7cdc53389aa3a9ebd124ea7a13f1035
2026.08.30 14:36:08,14:36:08,2,com.android.healthconnect.phone.jd7cdc53389aa3a9ebd124ea7a13f1035
2026.08.30 14:52:10,14:52:10,6,com.android.healthconnect.phone.jd7cdc53389aa3a9ebd124ea7a13f1035
2026.08.30 14:52:22,14:52:22,1,com.android.healthconnect.phone.jd7cdc53389aa3a9ebd124ea7a13f1035
2026.08.30 14:56:58,14:56:58,7,com.android.healthconnect.phone.jd7cdc53389aa3a9ebd124ea7a13f1035
2026.08.30 14:57:12,14:57:12,6,com.android.healthconnect.phone.jd7cdc53389aa3a9ebd124ea7a13f1035
2026.08.30 17:44:46,17:44:46,6,com.android.healthconnect.phone.jd7cdc53389aa3a9ebd124ea7a13f1035
2026.08.30 22:22:02,22:22:02,6,com.android.healthconnect.phone.jd7cdc53389aa3a9ebd124ea7a13f1035
2026.08.30 22:22:14,22:22:14,8,com.android.healthconnect.phone.jd7cdc53389aa3a9ebd124ea7a13f1035
2026.08.30 22:55:54,22:55:54,6,com.android.healthconnect.phone.jd7cdc53389aa3a9ebd124ea7a13f1035
2026.08.30 22:56:06,22:56:06,14,com.android.healthconnect.phone.jd7cdc53389aa3a9ebd124ea7a13f1035
2026.08.30 22:56:14,22:56:14,16,com.android.healthconnect.phone.jd7cdc53389aa3a9ebd124ea7a13f1035
2026.08.30 22:57:48,22:57:48,6,com.android.healthconnect.phone.jd7cdc53389aa3a9ebd124ea7a13f1035
2026.08.30 23:05:24,23:05:24,6,com.android.healthconnect.phone.jd7cdc53389aa3a9ebd124ea7a13f1035
2026.08.30 23:05:36,23:05:36,16,com.android.healthconnect.phone.jd7cdc53389aa3a9ebd124ea7a13f1035
2026.08.30 23:07:47,23:07:47,8,com.android.healthconnect.phone.jd7cdc53389aa3a9ebd124ea7a13f1035
2026.08.30 23:08:03,23:08:03,16,com.android.healthconnect.phone.jd7cdc53389aa3a9ebd124ea7a13f1035
2026.08.31 00:21:22,00:21:22,6,com.android.healthconnect.phone.jd7cdc53389aa3a9ebd124ea7a13f1035
2026.08.31 00:21:34,00:21:34,3,com.android.healthconnect.phone.jd7cdc53389aa3a9ebd124ea7a13f1035
2026.08.31 00:30:41,00:30:41,6,com.android.healthconnect.phone.jd7cdc53389aa3a9ebd124ea7a13f1035
2026.08.31 00:30:53,00:30:53,1,com.android.healthconnect.phone.jd7cdc53389aa3a9ebd124ea7a13f1035
2026.08.31 10:39:57,10:39:57,8,com.android.healthconnect.phone.jd7cdc53389aa3a9ebd124ea7a13f1035
2026.08.31 10:40:13,10:40:13,1,com.android.healthconnect.phone.jd7cdc53389aa3a9ebd124ea7a13f1035
2026.08.31 10:54:06,10:54:06,7,com.android.healthconnect.phone.jd7cdc53389aa3a9ebd124ea7a13f1035
2026.08.31 10:54:20,10:54:20,9,com.android.healthconnect.phone.jd7cdc53389aa3a9ebd124ea7a13f1035
2026.08.31 11:02:30,11:02:30,6,com.android.healthconnect.phone.jd7cdc53389aa3a9ebd124ea7a13f1035
2026.08.31 11:08:49,11:08:49,7,com.android.healthconnect.phone.jd7cdc53389aa3a9ebd124ea7a13f1035
2026.08.31 11:09:03,11:09:03,19,com.android.healthconnect.phone.jd7cdc53389aa3a9ebd124ea7a13f1035
2026.08.31 11:19:09,11:19:09,8,com.android.healthconnect.phone.jd7cdc53389aa3a9ebd124ea7a13f1035
2026.08.31 11:19:25,11:19:25,46,com.android.healthconnect.phone.jd7cdc53389aa3a9ebd124ea7a13f1035
2026.08.31 11:25:57,11:25:57,12,com.android.healthconnect.phone.jd7cdc53389aa3a9ebd124ea7a13f1035
2026.08.31 11:26:21,11:26:21,2,com.android.healthconnect.phone.jd7cdc53389aa3a9ebd124ea7a13f1035
2026.08.31 12:01:04,12:01:04,6,com.android.healthconnect.phone.jd7cdc53389aa3a9ebd124ea7a13f1035
2026.08.31 12:01:16,12:01:16,14,com.android.healthconnect.phone.jd7cdc53389aa3a9ebd124ea7a13f1035
2026.08.31 14:29:57,14:29:57,7,com.android.healthconnect.phone.jd7cdc53389aa3a9ebd124ea7a13f1035
2026.08.31 14:30:11,14:30:11,1,com.android.healthconnect.phone.jd7cdc53389aa3a9ebd124ea7a13f1035
2026.08.31 14:30:12,14:30:12,30,com.android.healthconnect.phone.jd7cdc53389aa3a9ebd124ea7a13f1035
2026.08.31 14:35:30,14:35:30,8,com.android.healthconnect.phone.jd7cdc53389aa3a9ebd124ea7a13f1035
2026.08.31 14:35:46,14:35:46,19,com.android.healthconnect.phone.jd7cdc53389aa3a9ebd124ea7a13f1035
2026.08.31 14:57:34,14:57:34,8,com.android.healthconnect.phone.jd7cdc53389aa3a9ebd124ea7a13f1035
2026.08.31 14:57:50,14:57:50,24,com.android.healthconnect.phone.jd7cdc53389aa3a9ebd124ea7a13f1035
2026.08.31 19:30:00,19:30:00,318,com.huami.watch.hmwatchmanager
2026.08.31 19:37:44,19:37:44,15,com.android.healthconnect.phone.jd7cdc53389aa3a9ebd124ea7a13f1035
2026.08.31 19:38:14,19:38:14,101,com.android.healthconnect.phone.jd7cdc53389aa3a9ebd124ea7a13f1035
2026.08.31 19:39:13,19:39:13,106,com.android.healthconnect.phone.jd7cdc53389aa3a9ebd124ea7a13f1035
2026.08.31 19:40:00,19:40:00,1185,com.huami.watch.hmwatchmanager
2026.08.31 19:40:13,19:40:13,109,com.android.healthconnect.phone.jd7cdc53389aa3a9ebd124ea7a13f1035
2026.08.31 19:41:13,19:41:13,113,com.android.healthconnect.phone.jd7cdc53389aa3a9ebd124ea7a13f1035
2026.08.31 19:42:13,19:42:13,116,com.android.healthconnect.phone.jd7cdc53389aa3a9ebd124ea7a13f1035
2026.08.31 19:43:13,19:43:13,118,com.android.healthconnect.phone.jd7cdc53389aa3a9ebd124ea7a13f1035
2026.08.31 19:44:13,19:44:13,118,com.android.healthconnect.phone.jd7cdc53389aa3a9ebd124ea7a13f1035
2026.08.31 19:45:13,19:45:13,114,com.android.healthconnect.phone.jd7cdc53389aa3a9ebd124ea7a13f1035
2026.08.31 19:46:14,19:46:14,119,com.android.healthconnect.phone.jd7cdc53389aa3a9ebd124ea7a13f1035
2026.08.31 19:47:14,19:47:14,115,com.android.healthconnect.phone.jd7cdc53389aa3a9ebd124ea7a13f1035
2026.08.31 19:48:13,19:48:13,117,com.android.healthconnect.phone.jd7cdc53389aa3a9ebd124ea7a13f1035
2026.08.31 19:49:13,19:49:13,116,com.android.healthconnect.phone.jd7cdc53389aa3a9ebd124ea7a13f1035
2026.08.31 19:50:00,19:50:00,1686,com.huami.watch.hmwatchmanager
2026.08.31 19:50:14,19:50:14,116,com.android.healthconnect.phone.jd7cdc53389aa3a9ebd124ea7a13f1035
2026.08.31 19:51:13,19:51:13,154,com.android.healthconnect.phone.jd7cdc53389aa3a9ebd124ea7a13f1035
2026.08.31 19:52:14,19:52:14,171,com.android.healthconnect.phone.jd7cdc53389aa3a9ebd124ea7a13f1035
2026.08.31 19:53:14,19:53:14,177,com.android.healthconnect.phone.jd7cdc53389aa3a9ebd124ea7a13f1035
2026.08.31 19:54:14,19:54:14,174,com.android.healthconnect.phone.jd7cdc53389aa3a9ebd124ea7a13f1035
2026.08.31 19:55:14,19:55:14,1199,com.android.healthconnect.phone.jd7cdc53389aa3a9ebd124ea7a13f1035
2026.08.31 20:00:00,20:00:00,1762,com.huami.watch.hmwatchmanager
2026.08.31 20:02:02,20:02:02,1603,com.android.healthconnect.phone.jd7cdc53389aa3a9ebd124ea7a13f1035
2026.08.31 20:10:00,20:10:00,1706,com.huami.watch.hmwatchmanager
2026.08.31 20:11:14,20:11:14,674,com.android.healthconnect.phone.jd7cdc53389aa3a9ebd124ea7a13f1035
2026.08.31 20:15:10,20:15:10,1099,com.android.healthconnect.phone.jd7cdc53389aa3a9ebd124ea7a13f1035
2026.08.31 20:20:00,20:20:00,1603,com.huami.watch.hmwatchmanager
2026.08.31 20:22:02,20:22:02,1117,com.android.healthconnect.phone.jd7cdc53389aa3a9ebd124ea7a13f1035
2026.08.31 20:28:47,20:28:47,768,com.android.healthconnect.phone.jd7cdc53389aa3a9ebd124ea7a13f1035
2026.08.31 20:30:00,20:30:00,1697,com.huami.watch.hmwatchmanager
2026.08.31 20:33:21,20:33:21,1025,com.android.healthconnect.phone.jd7cdc53389aa3a9ebd124ea7a13f1035
2026.08.31 20:39:21,20:39:21,757,com.android.healthconnect.phone.jd7cdc53389aa3a9ebd124ea7a13f1035
2026.08.31 20:40:00,20:40:00,1013,com.huami.watch.hmwatchmanager
2026.08.31 20:45:47,20:45:47,16,com.android.healthconnect.phone.jd7cdc53389aa3a9ebd124ea7a13f1035
2026.08.31 20:46:19,20:46:19,105,com.android.healthconnect.phone.jd7cdc53389aa3a9ebd124ea7a13f1035
2026.08.31 20:47:35,20:47:35,89,com.android.healthconnect.phone.jd7cdc53389aa3a9ebd124ea7a13f1035
2026.08.31 20:48:35,20:48:35,78,com.android.healthconnect.phone.jd7cdc53389aa3a9ebd124ea7a13f1035
2026.08.31 20:49:35,20:49:35,73,com.android.healthconnect.phone.jd7cdc53389aa3a9ebd124ea7a13f1035
2026.08.31 20:50:00,20:50:00,698,com.huami.watch.hmwatchmanager
2026.08.31 20:52:12,20:52:12,6,com.android.healthconnect.phone.jd7cdc53389aa3a9ebd124ea7a13f1035
2026.08.31 20:52:24,20:52:24,144,com.android.healthconnect.phone.jd7cdc53389aa3a9ebd124ea7a13f1035
2026.08.31 20:54:13,20:54:13,81,com.android.healthconnect.phone.jd7cdc53389aa3a9ebd124ea7a13f1035
2026.08.31 20:55:04,20:55:04,70,com.android.healthconnect.phone.jd7cdc53389aa3a9ebd124ea7a13f1035
2026.08.31 20:56:45,20:56:45,104,com.android.healthconnect.phone.jd7cdc53389aa3a9ebd124ea7a13f1035
2026.08.31 20:57:45,20:57:45,109,com.android.healthconnect.phone.jd7cdc53389aa3a9ebd124ea7a13f1035
2026.08.31 20:58:45,20:58:45,121,com.android.healthconnect.phone.jd7cdc53389aa3a9ebd124ea7a13f1035
2026.08.31 20:59:53,20:59:53,112,com.android.healthconnect.phone.jd7cdc53389aa3a9ebd124ea7a13f1035
2026.08.31 21:00:00,21:00:00,906,com.huami.watch.hmwatchmanager
2026.08.31 21:02:24,21:02:24,172,com.android.healthconnect.phone.jd7cdc53389aa3a9ebd124ea7a13f1035
2026.08.31 21:04:44,21:04:44,110,com.android.healthconnect.phone.jd7cdc53389aa3a9ebd124ea7a13f1035
2026.08.31 21:05:43,21:05:43,117,com.android.healthconnect.phone.jd7cdc53389aa3a9ebd124ea7a13f1035
2026.08.31 21:06:43,21:06:43,124,com.android.healthconnect.phone.jd7cdc53389aa3a9ebd124ea7a13f1035
2026.08.31 21:07:43,21:07:43,114,com.android.healthconnect.phone.jd7cdc53389aa3a9ebd124ea7a13f1035
2026.08.31 21:08:44,21:08:44,115,com.android.healthconnect.phone.jd7cdc53389aa3a9ebd124ea7a13f1035
2026.08.31 21:09:43,21:09:43,122,com.android.healthconnect.phone.jd7cdc53389aa3a9ebd124ea7a13f1035
2026.08.31 21:10:00,21:10:00,1058,com.huami.watch.hmwatchmanager
2026.08.31 21:10:44,21:10:44,115,com.android.healthconnect.phone.jd7cdc53389aa3a9ebd124ea7a13f1035
2026.08.31 21:11:43,21:11:43,112,com.android.healthconnect.phone.jd7cdc53389aa3a9ebd124ea7a13f1035
2026.08.31 21:12:43,21:12:43,102,com.android.healthconnect.phone.jd7cdc53389aa3a9ebd124ea7a13f1035
2026.08.31 21:13:37,21:13:37,115,com.android.healthconnect.phone.jd7cdc53389aa3a9ebd124ea7a13f1035
2026.08.31 21:14:43,21:14:43,113,com.android.healthconnect.phone.jd7cdc53389aa3a9ebd124ea7a13f1035
2026.08.31 21:15:43,21:15:43,202,com.android.healthconnect.phone.jd7cdc53389aa3a9ebd124ea7a13f1035
2026.08.31 21:17:31,21:17:31,123,com.android.healthconnect.phone.jd7cdc53389aa3a9ebd124ea7a13f1035
2026.08.31 21:18:37,21:18:37,133,com.android.healthconnect.phone.jd7cdc53389aa3a9ebd124ea7a13f1035
2026.08.31 21:20:00,21:20:00,22,com.huami.watch.hmwatchmanager
2026.08.31 21:20:52,21:20:52,35,com.android.healthconnect.phone.jd7cdc53389aa3a9ebd124ea7a13f1035
2026.08.31 21:30:00,21:30:00,31,com.huami.watch.hmwatchmanager
2026.08.31 21:40:00,21:40:00,53,com.huami.watch.hmwatchmanager
2026.08.31 21:41:58,21:41:58,7,com.android.healthconnect.phone.jd7cdc53389aa3a9ebd124ea7a13f1035
2026.08.31 21:42:12,21:42:12,28,com.android.healthconnect.phone.jd7cdc53389aa3a9ebd124ea7a13f1035
2026.08.31 21:50:00,21:50:00,7,com.huami.watch.hmwatchmanager
2026.09.01 00:01:30,00:01:30,16,com.android.healthconnect.phone.jd7cdc53389aa3a9ebd124ea7a13f1035
2026.09.01 00:02:02,00:02:02,7,com.android.healthconnect.phone.jd7cdc53389aa3a9ebd124ea7a13f1035
2026.09.01 00:02:07,00:02:07,13,com.android.healthconnect.phone.jd7cdc53389aa3a9ebd124ea7a13f1035
2026.09.01 00:04:36,00:04:36,6,com.android.healthconnect.phone.jd7cdc53389aa3a9ebd124ea7a13f1035
2026.09.01 00:19:44,00:19:44,6,com.android.healthconnect.phone.jd7cdc53389aa3a9ebd124ea7a13f1035
2026.09.01 04:40:00,04:40:00,9,com.huami.watch.hmwatchmanager
2026.09.01 08:53:46,08:53:46,6,com.android.healthconnect.phone.jd7cdc53389aa3a9ebd124ea7a13f1035
2026.09.01 08:53:58,08:53:58,2,com.android.healthconnect.phone.jd7cdc53389aa3a9ebd124ea7a13f1035
2026.09.01 09:00:00,09:00:00,25,com.huami.watch.hmwatchmanager
2026.09.01 09:10:00,09:10:00,7,com.huami.watch.hmwatchmanager
2026.09.01 09:20:00,09:20:00,862,com.huami.watch.hmwatchmanager
2026.09.01 09:20:38,09:20:38,6,com.android.healthconnect.phone.jd7cdc53389aa3a9ebd124ea7a13f1035
2026.09.01 09:20:50,09:20:50,133,com.android.healthconnect.phone.jd7cdc53389aa3a9ebd124ea7a13f1035
2026.09.01 09:23:19,09:23:19,114,com.android.healthconnect.phone.jd7cdc53389aa3a9ebd124ea7a13f1035
2026.09.01 09:24:19,09:24:19,106,com.android.healthconnect.phone.jd7cdc53389aa3a9ebd124ea7a13f1035
2026.09.01 09:25:19,09:25:19,108,com.android.healthconnect.phone.jd7cdc53389aa3a9ebd124ea7a13f1035
2026.09.01 09:26:19,09:26:19,93,com.android.healthconnect.phone.jd7cdc53389aa3a9ebd124ea7a13f1035
2026.09.01 09:27:19,09:27:19,102,com.android.healthconnect.phone.jd7cdc53389aa3a9ebd124ea7a13f1035
2026.09.01 09:28:19,09:28:19,105,com.android.healthconnect.phone.jd7cdc53389aa3a9ebd124ea7a13f1035
2026.09.01 09:29:19,09:29:19,113,com.android.healthconnect.phone.jd7cdc53389aa3a9ebd124ea7a13f1035
2026.09.01 09:30:00,09:30:00,716,com.huami.watch.hmwatchmanager
2026.09.01 09:30:19,09:30:19,114,com.android.healthconnect.phone.jd7cdc53389aa3a9ebd124ea7a13f1035
2026.09.01 09:31:19,09:31:19,114,com.android.healthconnect.phone.jd7cdc53389aa3a9ebd124ea7a13f1035
2026.09.01 09:32:19,09:32:19,112,com.android.healthconnect.phone.jd7cdc53389aa3a9ebd124ea7a13f1035
2026.09.01 09:33:19,09:33:19,115,com.android.healthconnect.phone.jd7cdc53389aa3a9ebd124ea7a13f1035
2026.09.01 09:34:19,09:34:19,111,com.android.healthconnect.phone.jd7cdc53389aa3a9ebd124ea7a13f1035
2026.09.01 09:35:20,09:35:20,65,com.android.healthconnect.phone.jd7cdc53389aa3a9ebd124ea7a13f1035
2026.09.01 09:37:12,09:37:12,7,com.android.healthconnect.phone.jd7cdc53389aa3a9ebd124ea7a13f1035
2026.09.01 09:37:26,09:37:26,21,com.android.healthconnect.phone.jd7cdc53389aa3a9ebd124ea7a13f1035
2026.09.01 09:40:00,09:40:00,15,com.huami.watch.hmwatchmanager
2026.09.01 09:44:05,09:44:05,15,com.android.healthconnect.phone.jd7cdc53389aa3a9ebd124ea7a13f1035
2026.09.01 09:44:35,09:44:35,11,com.android.healthconnect.phone.jd7cdc53389aa3a9ebd124ea7a13f1035
2026.09.01 09:50:00,09:50:00,100,com.huami.watch.hmwatchmanager
2026.09.01 09:55:33,09:55:33,7,com.android.healthconnect.phone.jd7cdc53389aa3a9ebd124ea7a13f1035
2026.09.01 09:55:47,09:55:47,46,com.android.healthconnect.phone.jd7cdc53389aa3a9ebd124ea7a13f1035
2026.09.01 09:56:35,09:56:35,7,com.android.healthconnect.phone.jd7cdc53389aa3a9ebd124ea7a13f1035
2026.09.01 09:57:02,09:57:02,57,com.android.healthconnect.phone.jd7cdc53389aa3a9ebd124ea7a13f1035
2026.09.01 10:10:00,10:10:00,6,com.huami.watch.hmwatchmanager
2026.09.01 10:20:00,10:20:00,5,com.huami.watch.hmwatchmanager
2026.09.01 10:39:33,10:39:33,15,com.android.healthconnect.phone.jd7cdc53389aa3a9ebd124ea7a13f1035
2026.09.01 10:40:00,10:40:00,131,com.huami.watch.hmwatchmanager
2026.09.01 10:40:03,10:40:03,58,com.android.healthconnect.phone.jd7cdc53389aa3a9ebd124ea7a13f1035
2026.09.01 10:49:47,10:49:47,15,com.android.healthconnect.phone.jd7cdc53389aa3a9ebd124ea7a13f1035
2026.09.01 10:50:00,10:50:00,209,com.huami.watch.hmwatchmanager
2026.09.01 10:55:35,10:55:35,7,com.android.healthconnect.phone.jd7cdc53389aa3a9ebd124ea7a13f1035
2026.09.01 10:55:49,10:55:49,13,com.android.healthconnect.phone.jd7cdc53389aa3a9ebd124ea7a13f1035
2026.09.01 10:58:28,10:58:28,6,com.android.healthconnect.phone.jd7cdc53389aa3a9ebd124ea7a13f1035
2026.09.01 10:58:40,10:58:40,107,com.android.healthconnect.phone.jd7cdc53389aa3a9ebd124ea7a13f1035
2026.09.01 10:59:40,10:59:40,61,com.android.healthconnect.phone.jd7cdc53389aa3a9ebd124ea7a13f1035
2026.09.01 11:00:00,11:00:00,989,com.huami.watch.hmwatchmanager
2026.09.01 11:00:40,11:00:40,61,com.android.healthconnect.phone.jd7cdc53389aa3a9ebd124ea7a13f1035
2026.09.01 11:01:40,11:01:40,97,com.android.healthconnect.phone.jd7cdc53389aa3a9ebd124ea7a13f1035
2026.09.01 11:02:40,11:02:40,98,com.android.healthconnect.phone.jd7cdc53389aa3a9ebd124ea7a13f1035
2026.09.01 11:03:40,11:03:40,99,com.android.healthconnect.phone.jd7cdc53389aa3a9ebd124ea7a13f1035
2026.09.01 11:04:40,11:04:40,111,com.android.healthconnect.phone.jd7cdc53389aa3a9ebd124ea7a13f1035
2026.09.01 11:05:40,11:05:40,109,com.android.healthconnect.phone.jd7cdc53389aa3a9ebd124ea7a13f1035
2026.09.01 11:06:39,11:06:39,111,com.android.healthconnect.phone.jd7cdc53389aa3a9ebd124ea7a13f1035
2026.09.01 11:07:40,11:07:40,107,com.android.healthconnect.phone.jd7cdc53389aa3a9ebd124ea7a13f1035
2026.09.01 11:08:40,11:08:40,109,com.android.healthconnect.phone.jd7cdc53389aa3a9ebd124ea7a13f1035
2026.09.01 11:09:40,11:09:40,101,com.android.healthconnect.phone.jd7cdc53389aa3a9ebd124ea7a13f1035
2026.09.01 11:10:00,11:10:00,755,com.huami.watch.hmwatchmanager
2026.09.01 11:10:39,11:10:39,97,com.android.healthconnect.phone.jd7cdc53389aa3a9ebd124ea7a13f1035
2026.09.01 11:11:40,11:11:40,114,com.android.healthconnect.phone.jd7cdc53389aa3a9ebd124ea7a13f1035
2026.09.01 11:12:40,11:12:40,106,com.android.healthconnect.phone.jd7cdc53389aa3a9ebd124ea7a13f1035
2026.09.01 11:13:40,11:13:40,114,com.android.healthconnect.phone.jd7cdc53389aa3a9ebd124ea7a13f1035
2026.09.01 11:14:40,11:14:40,113,com.android.healthconnect.phone.jd7cdc53389aa3a9ebd124ea7a13f1035
2026.09.01 11:15:40,11:15:40,124,com.android.healthconnect.phone.jd7cdc53389aa3a9ebd124ea7a13f1035
2026.09.01 11:35:05,11:35:05,15,com.android.healthconnect.phone.jd7cdc53389aa3a9ebd124ea7a13f1035
2026.09.01 11:35:35,11:35:35,20,com.android.healthconnect.phone.jd7cdc53389aa3a9ebd124ea7a13f1035
2026.09.01 11:36:31,11:36:31,15,com.android.healthconnect.phone.jd7cdc53389aa3a9ebd124ea7a13f1035
2026.09.01 11:44:42,11:44:42,6,com.android.healthconnect.phone.jd7cdc53389aa3a9ebd124ea7a13f1035
2026.09.01 11:44:54,11:44:54,4,com.android.healthconnect.phone.jd7cdc53389aa3a9ebd124ea7a13f1035
2026.09.01 11:50:34,11:50:34,12,com.android.healthconnect.phone.jd7cdc53389aa3a9ebd124ea7a13f1035
2026.09.01 11:50:58,11:50:58,12,com.android.healthconnect.phone.jd7cdc53389aa3a9ebd124ea7a13f1035
2026.09.01 11:57:10,11:57:10,6,com.android.healthconnect.phone.jd7cdc53389aa3a9ebd124ea7a13f1035
2026.09.01 15:15:52,15:15:52,6,com.android.healthconnect.phone.jd7cdc53389aa3a9ebd124ea7a13f1035
2026.09.01 15:33:28,15:33:28,6,com.android.healthconnect.phone.jd7cdc53389aa3a9ebd124ea7a13f1035
2026.09.01 15:33:40,15:33:40,2,com.android.healthconnect.phone.jd7cdc53389aa3a9ebd124ea7a13f1035
2026.09.01 16:01:37,16:01:37,6,com.android.healthconnect.phone.jd7cdc53389aa3a9ebd124ea7a13f1035
2026.09.01 16:01:49,16:01:49,20,com.android.healthconnect.phone.jd7cdc53389aa3a9ebd124ea7a13f1035
2026.09.01 18:58:52,18:58:52,7,com.android.healthconnect.phone.jd7cdc53389aa3a9ebd124ea7a13f1035
2026.09.01 18:59:06,18:59:06,28,com.android.healthconnect.phone.jd7cdc53389aa3a9ebd124ea7a13f1035
2026.09.01 19:03:11,19:03:11,27,com.android.healthconnect.phone.jd7cdc53389aa3a9ebd124ea7a13f1035
2026.09.01 19:08:38,19:08:38,7,com.android.healthconnect.phone.jd7cdc53389aa3a9ebd124ea7a13f1035
2026.09.01 19:08:52,19:08:52,5,com.android.healthconnect.phone.jd7cdc53389aa3a9ebd124ea7a13f1035
2026.09.01 19:16:29,19:16:29,7,com.android.healthconnect.phone.jd7cdc53389aa3a9ebd124ea7a13f1035
2026.09.01 19:16:43,19:16:43,4,com.android.healthconnect.phone.jd7cdc53389aa3a9ebd124ea7a13f1035
2026.09.01 21:57:37,21:57:37,8,com.android.healthconnect.phone.jd7cdc53389aa3a9ebd124ea7a13f1035
2026.09.01 21:57:53,21:57:53,16,com.android.healthconnect.phone.jd7cdc53389aa3a9ebd124ea7a13f1035
2026.09.01 21:58:11,21:58:11,6,com.android.healthconnect.phone.jd7cdc53389aa3a9ebd124ea7a13f1035
2026.09.02 00:14:49,00:14:49,6,com.android.healthconnect.phone.jd7cdc53389aa3a9ebd124ea7a13f1035
2026.09.02 00:19:36,00:19:36,6,com.android.healthconnect.phone.jd7cdc53389aa3a9ebd124ea7a13f1035
2026.09.02 01:05:31,01:05:31,6,com.android.healthconnect.phone.jd7cdc53389aa3a9ebd124ea7a13f1035
2026.09.02 01:05:43,01:05:43,4,com.android.healthconnect.phone.jd7cdc53389aa3a9ebd124ea7a13f1035
2026.09.02 01:10:00,01:10:00,12,com.huami.watch.hmwatchmanager
2026.09.02 01:20:00,01:20:00,9,com.huami.watch.hmwatchmanager
2026.09.02 07:30:00,07:30:00,8,com.huami.watch.hmwatchmanager
2026.09.02 08:20:00,08:20:00,11,com.huami.watch.hmwatchmanager
2026.09.02 08:30:00,08:30:00,18,com.huami.watch.hmwatchmanager
2026.09.02 08:33:44,08:33:44,6,com.android.healthconnect.phone.jd7cdc53389aa3a9ebd124ea7a13f1035
2026.09.02 08:33:56,08:33:56,3,com.android.healthconnect.phone.jd7cdc53389aa3a9ebd124ea7a13f1035
2026.09.02 08:40:00,08:40:00,77,com.huami.watch.hmwatchmanager
2026.09.02 08:44:06,08:44:06,7,com.android.healthconnect.phone.jd7cdc53389aa3a9ebd124ea7a13f1035
2026.09.02 08:44:20,08:44:20,60,com.android.healthconnect.phone.jd7cdc53389aa3a9ebd124ea7a13f1035
2026.09.02 08:48:32,08:48:32,34,com.android.healthconnect.phone.jd7cdc53389aa3a9ebd124ea7a13f1035
2026.09.02 08:50:00,08:50:00,37,com.huami.watch.hmwatchmanager
2026.09.02 09:10:00,09:10:00,6,com.huami.watch.hmwatchmanager
2026.09.02 09:32:03,09:32:03,12,com.android.healthconnect.phone.jd7cdc53389aa3a9ebd124ea7a13f1035
2026.09.02 09:32:27,09:32:27,6,com.android.healthconnect.phone.jd7cdc53389aa3a9ebd124ea7a13f1035
2026.09.02 10:10:00,10:10:00,9,com.huami.watch.hmwatchmanager
2026.09.02 10:30:00,10:30:00,207,com.huami.watch.hmwatchmanager
2026.09.02 10:30:26,10:30:26,15,com.android.healthconnect.phone.jd7cdc53389aa3a9ebd124ea7a13f1035
2026.09.02 10:30:56,10:30:56,65,com.android.healthconnect.phone.jd7cdc53389aa3a9ebd124ea7a13f1035
2026.09.02 10:32:53,10:32:53,7,com.android.healthconnect.phone.jd7cdc53389aa3a9ebd124ea7a13f1035
2026.09.02 10:33:07,10:33:07,9,com.android.healthconnect.phone.jd7cdc53389aa3a9ebd124ea7a13f1035
2026.09.02 10:33:13,10:33:13,44,com.android.healthconnect.phone.jd7cdc53389aa3a9ebd124ea7a13f1035
2026.09.02 10:35:04,10:35:04,7,com.android.healthconnect.phone.jd7cdc53389aa3a9ebd124ea7a13f1035
2026.09.02 10:38:05,10:38:05,94,com.android.healthconnect.phone.jd7cdc53389aa3a9ebd124ea7a13f1035
2026.09.02 10:40:00,10:40:00,139,com.huami.watch.hmwatchmanager
2026.09.02 10:40:04,10:40:04,15,com.android.healthconnect.phone.jd7cdc53389aa3a9ebd124ea7a13f1035
2026.09.02 10:45:32,10:45:32,60,com.android.healthconnect.phone.jd7cdc53389aa3a9ebd124ea7a13f1035
2026.09.02 10:46:58,10:46:58,30,com.android.healthconnect.phone.jd7cdc53389aa3a9ebd124ea7a13f1035
2026.09.02 10:49:17,10:49:17,18,com.android.healthconnect.phone.jd7cdc53389aa3a9ebd124ea7a13f1035
2026.09.02 10:50:00,10:50:00,70,com.huami.watch.hmwatchmanager
2026.09.02 10:59:22,10:59:22,7,com.android.healthconnect.phone.jd7cdc53389aa3a9ebd124ea7a13f1035
2026.09.02 10:59:36,10:59:36,51,com.android.healthconnect.phone.jd7cdc53389aa3a9ebd124ea7a13f1035
2026.09.02 11:00:00,11:00:00,77,com.huami.watch.hmwatchmanager
2026.09.02 11:09:11,11:09:11,16,com.android.healthconnect.phone.jd7cdc53389aa3a9ebd124ea7a13f1035
2026.09.02 11:09:43,11:09:43,19,com.android.healthconnect.phone.jd7cdc53389aa3a9ebd124ea7a13f1035
2026.09.02 11:10:00,11:10:00,102,com.huami.watch.hmwatchmanager
2026.09.02 11:10:59,11:10:59,85,com.android.healthconnect.phone.jd7cdc53389aa3a9ebd124ea7a13f1035
2026.09.02 11:20:00,11:20:00,6,com.huami.watch.hmwatchmanager
2026.09.02 12:40:00,12:40:00,114,com.huami.watch.hmwatchmanager
2026.09.02 12:45:50,12:45:50,16,com.android.healthconnect.phone.jd7cdc53389aa3a9ebd124ea7a13f1035
2026.09.02 12:46:22,12:46:22,94,com.android.healthconnect.phone.jd7cdc53389aa3a9ebd124ea7a13f1035
2026.09.02 12:50:00,12:50:00,7,com.huami.watch.hmwatchmanager
2026.09.02 13:00:00,13:00:00,7,com.huami.watch.hmwatchmanager
2026.09.02 14:49:07,14:49:07,15,com.android.healthconnect.phone.jd7cdc53389aa3a9ebd124ea7a13f1035
2026.09.02 14:49:37,14:49:37,4,com.android.healthconnect.phone.jd7cdc53389aa3a9ebd124ea7a13f1035
2026.09.02 14:56:56,14:56:56,8,com.android.healthconnect.phone.jd7cdc53389aa3a9ebd124ea7a13f1035
2026.09.02 14:57:12,14:57:12,14,com.android.healthconnect.phone.jd7cdc53389aa3a9ebd124ea7a13f1035
2026.09.02 14:58:20,14:58:20,6,com.android.healthconnect.phone.jd7cdc53389aa3a9ebd124ea7a13f1035
2026.09.02 15:16:07,15:16:07,6,com.android.healthconnect.phone.jd7cdc53389aa3a9ebd124ea7a13f1035
2026.09.02 15:16:19,15:16:19,2,com.android.healthconnect.phone.jd7cdc53389aa3a9ebd124ea7a13f1035
2026.09.02 15:28:42,15:28:42,6,com.android.healthconnect.phone.jd7cdc53389aa3a9ebd124ea7a13f1035
2026.09.02 15:28:54,15:28:54,4,com.android.healthconnect.phone.jd7cdc53389aa3a9ebd124ea7a13f1035
2026.09.02 19:12:42,19:12:42,6,com.android.healthconnect.phone.jd7cdc53389aa3a9ebd124ea7a13f1035
2026.09.02 19:12:54,19:12:54,40,com.android.healthconnect.phone.jd7cdc53389aa3a9ebd124ea7a13f1035
2026.09.02 19:13:39,19:13:39,21,com.android.healthconnect.phone.jd7cdc53389aa3a9ebd124ea7a13f1035
2026.09.02 19:20:00,19:20:00,137,com.huami.watch.hmwatchmanager
2026.09.02 19:22:02,19:22:02,7,com.android.healthconnect.phone.jd7cdc53389aa3a9ebd124ea7a13f1035
2026.09.02 19:22:16,19:22:16,25,com.android.healthconnect.phone.jd7cdc53389aa3a9ebd124ea7a13f1035
2026.09.02 19:23:16,19:23:16,79,com.android.healthconnect.phone.jd7cdc53389aa3a9ebd124ea7a13f1035
2026.09.02 19:24:13,19:24:13,34,com.android.healthconnect.phone.jd7cdc53389aa3a9ebd124ea7a13f1035
2026.09.02 19:24:40,19:24:40,32,com.android.healthconnect.phone.jd7cdc53389aa3a9ebd124ea7a13f1035
2026.09.02 19:30:00,19:30:00,100,com.huami.watch.hmwatchmanager
2026.09.02 19:30:29,19:30:29,56,com.android.healthconnect.phone.jd7cdc53389aa3a9ebd124ea7a13f1035
2026.09.02 19:31:53,19:31:53,9,com.android.healthconnect.phone.jd7cdc53389aa3a9ebd124ea7a13f1035
2026.09.02 19:40:00,19:40:00,94,com.huami.watch.hmwatchmanager
2026.09.02 19:44:48,19:44:48,15,com.android.healthconnect.phone.jd7cdc53389aa3a9ebd124ea7a13f1035
2026.09.02 19:45:18,19:45:18,35,com.android.healthconnect.phone.jd7cdc53389aa3a9ebd124ea7a13f1035
2026.09.02 19:46:08,19:46:08,16,com.android.healthconnect.phone.jd7cdc53389aa3a9ebd124ea7a13f1035
2026.09.02 19:46:55,19:46:55,56,com.android.healthconnect.phone.jd7cdc53389aa3a9ebd124ea7a13f1035
2026.09.02 19:48:43,19:48:43,34,com.android.healthconnect.phone.jd7cdc53389aa3a9ebd124ea7a13f1035
2026.09.02 19:50:00,19:50:00,9,com.huami.watch.hmwatchmanager
2026.09.02 20:00:00,20:00:00,37,com.huami.watch.hmwatchmanager
2026.09.02 20:00:57,20:00:57,7,com.android.healthconnect.phone.jd7cdc53389aa3a9ebd124ea7a13f1035
2026.09.02 20:01:11,20:01:11,2,com.android.healthconnect.phone.jd7cdc53389aa3a9ebd124ea7a13f1035
2026.09.02 20:04:57,20:04:57,7,com.android.healthconnect.phone.jd7cdc53389aa3a9ebd124ea7a13f1035
2026.09.02 20:05:11,20:05:11,4,com.android.healthconnect.phone.jd7cdc53389aa3a9ebd124ea7a13f1035
2026.09.02 20:05:14,20:05:14,9,com.android.healthconnect.phone.jd7cdc53389aa3a9ebd124ea7a13f1035
2026.09.02 20:10:00,20:10:00,82,com.huami.watch.hmwatchmanager
2026.09.02 20:10:32,20:10:32,8,com.android.healthconnect.phone.jd7cdc53389aa3a9ebd124ea7a13f1035
2026.09.02 20:10:48,20:10:48,9,com.android.healthconnect.phone.jd7cdc53389aa3a9ebd124ea7a13f1035
2026.09.02 20:15:14,20:15:14,15,com.android.healthconnect.phone.jd7cdc53389aa3a9ebd124ea7a13f1035
2026.09.02 20:15:44,20:15:44,5,com.android.healthconnect.phone.jd7cdc53389aa3a9ebd124ea7a13f1035
2026.09.02 20:15:49,20:15:49,14,com.android.healthconnect.phone.jd7cdc53389aa3a9ebd124ea7a13f1035
2026.09.02 20:20:00,20:20:00,24,com.huami.watch.hmwatchmanager
2026.09.02 20:24:09,20:24:09,7,com.android.healthconnect.phone.jd7cdc53389aa3a9ebd124ea7a13f1035
2026.09.02 20:24:23,20:24:23,2,com.android.healthconnect.phone.jd7cdc53389aa3a9ebd124ea7a13f1035
2026.09.02 20:28:57,20:28:57,8,com.android.healthconnect.phone.jd7cdc53389aa3a9ebd124ea7a13f1035
2026.09.02 20:29:13,20:29:13,9,com.android.healthconnect.phone.jd7cdc53389aa3a9ebd124ea7a13f1035
2026.09.02 20:30:00,20:30:00,49,com.huami.watch.hmwatchmanager
2026.09.02 20:39:45,20:39:45,7,com.android.healthconnect.phone.jd7cdc53389aa3a9ebd124ea7a13f1035
2026.09.02 20:39:59,20:39:59,57,com.android.healthconnect.phone.jd7cdc53389aa3a9ebd124ea7a13f1035
2026.09.02 20:40:00,20:40:00,120,com.huami.watch.hmwatchmanager
2026.09.02 20:43:24,20:43:24,17,com.android.healthconnect.phone.jd7cdc53389aa3a9ebd124ea7a13f1035
2026.09.02 20:44:12,20:44:12,114,com.android.healthconnect.phone.jd7cdc53389aa3a9ebd124ea7a13f1035
2026.09.02 20:50:00,20:50:00,22,com.huami.watch.hmwatchmanager
2026.09.02 21:10:00,21:10:00,85,com.huami.watch.hmwatchmanager
2026.09.02 21:20:00,21:20:00,1086,com.huami.watch.hmwatchmanager
2026.09.02 21:20:30,21:20:30,15,com.android.healthconnect.phone.jd7cdc53389aa3a9ebd124ea7a13f1035
2026.09.02 21:21:00,21:21:00,113,com.android.healthconnect.phone.jd7cdc53389aa3a9ebd124ea7a13f1035
2026.09.02 21:21:59,21:21:59,118,com.android.healthconnect.phone.jd7cdc53389aa3a9ebd124ea7a13f1035
2026.09.02 21:23:00,21:23:00,115,com.android.healthconnect.phone.jd7cdc53389aa3a9ebd124ea7a13f1035
2026.09.02 21:23:59,21:23:59,117,com.android.healthconnect.phone.jd7cdc53389aa3a9ebd124ea7a13f1035
2026.09.02 21:25:00,21:25:00,116,com.android.healthconnect.phone.jd7cdc53389aa3a9ebd124ea7a13f1035
2026.09.02 21:26:00,21:26:00,115,com.android.healthconnect.phone.jd7cdc53389aa3a9ebd124ea7a13f1035
2026.09.02 21:27:00,21:27:00,121,com.android.healthconnect.phone.jd7cdc53389aa3a9ebd124ea7a13f1035
2026.09.02 21:27:59,21:27:59,123,com.android.healthconnect.phone.jd7cdc53389aa3a9ebd124ea7a13f1035
2026.09.02 21:29:00,21:29:00,122,com.android.healthconnect.phone.jd7cdc53389aa3a9ebd124ea7a13f1035
2026.09.02 21:30:00,21:30:00,805,com.huami.watch.hmwatchmanager
2026.09.02 21:30:00,21:30:00,114,com.android.healthconnect.phone.jd7cdc53389aa3a9ebd124ea7a13f1035
2026.09.02 21:30:59,21:30:59,117,com.android.healthconnect.phone.jd7cdc53389aa3a9ebd124ea7a13f1035
2026.09.02 21:32:00,21:32:00,116,com.android.healthconnect.phone.jd7cdc53389aa3a9ebd124ea7a13f1035
2026.09.02 21:33:00,21:33:00,119,com.android.healthconnect.phone.jd7cdc53389aa3a9ebd124ea7a13f1035
2026.09.02 21:34:00,21:34:00,120,com.android.healthconnect.phone.jd7cdc53389aa3a9ebd124ea7a13f1035
2026.09.02 21:35:00,21:35:00,115,com.android.healthconnect.phone.jd7cdc53389aa3a9ebd124ea7a13f1035
2026.09.02 21:35:59,21:35:59,74,com.android.healthconnect.phone.jd7cdc53389aa3a9ebd124ea7a13f1035
2026.09.02 21:40:00,21:40:00,13,com.huami.watch.hmwatchmanager
2026.09.02 21:50:00,21:50:00,5,com.huami.watch.hmwatchmanager
2026.09.02 21:58:38,21:58:38,6,com.android.healthconnect.phone.jd7cdc53389aa3a9ebd124ea7a13f1035
2026.09.02 22:50:00,22:50:00,8,com.huami.watch.hmwatchmanager
2026.09.02 23:10:00,23:10:00,113,com.huami.watch.hmwatchmanager
2026.09.02 23:20:00,23:20:00,8,com.huami.watch.hmwatchmanager
2026.09.02 23:30:00,23:30:00,8,com.huami.watch.hmwatchmanager
2026.09.03 00:00:00,00:00:00,5,com.huami.watch.hmwatchmanager
2026.09.03 00:50:00,00:50:00,10,com.huami.watch.hmwatchmanager
2026.09.03 01:10:00,01:10:00,16,com.huami.watch.hmwatchmanager
2026.09.03 01:30:00,01:30:00,12,com.huami.watch.hmwatchmanager
2026.09.03 01:40:00,01:40:00,652,com.huami.watch.hmwatchmanager
2026.09.03 01:40:54,01:40:54,16,com.android.healthconnect.phone.jd7cdc53389aa3a9ebd124ea7a13f1035
2026.09.03 01:41:26,01:41:26,84,com.android.healthconnect.phone.jd7cdc53389aa3a9ebd124ea7a13f1035
2026.09.03 01:42:30,01:42:30,105,com.android.healthconnect.phone.jd7cdc53389aa3a9ebd124ea7a13f1035
2026.09.03 01:45:09,01:45:09,95,com.android.healthconnect.phone.jd7cdc53389aa3a9ebd124ea7a13f1035
2026.09.03 01:46:17,01:46:17,350,com.android.healthconnect.phone.jd7cdc53389aa3a9ebd124ea7a13f1035
2026.09.03 01:50:00,01:50:00,853,com.huami.watch.hmwatchmanager
2026.09.03 01:50:09,01:50:09,649,com.android.healthconnect.phone.jd7cdc53389aa3a9ebd124ea7a13f1035
2026.09.03 01:57:56,01:57:56,789,com.android.healthconnect.phone.jd7cdc53389aa3a9ebd124ea7a13f1035
2026.09.03 02:00:00,02:00:00,976,com.huami.watch.hmwatchmanager
2026.09.03 02:05:52,02:05:52,352,com.android.healthconnect.phone.jd7cdc53389aa3a9ebd124ea7a13f1035
2026.09.03 02:09:18,02:09:18,41,com.android.healthconnect.phone.jd7cdc53389aa3a9ebd124ea7a13f1035
2026.09.03 02:10:00,02:10:00,26,com.huami.watch.hmwatchmanager
2026.09.03 02:25:59,02:25:59,6,com.android.healthconnect.phone.jd7cdc53389aa3a9ebd124ea7a13f1035
2026.09.03 02:26:11,02:26:11,6,com.android.healthconnect.phone.jd7cdc53389aa3a9ebd124ea7a13f1035
2026.09.03 09:53:06,09:53:06,6,com.android.healthconnect.phone.jd7cdc53389aa3a9ebd124ea7a13f1035
2026.09.03 09:53:18,09:53:18,2,com.android.healthconnect.phone.jd7cdc53389aa3a9ebd124ea7a13f1035
2026.09.03 10:20:00,10:20:00,29,com.huami.watch.hmwatchmanager
2026.09.03 10:20:12,10:20:12,6,com.android.healthconnect.phone.jd7cdc53389aa3a9ebd124ea7a13f1035
2026.09.03 10:20:24,10:20:24,2,com.android.healthconnect.phone.jd7cdc53389aa3a9ebd124ea7a13f1035
2026.09.03 10:20:26,10:20:26,26,com.android.healthconnect.phone.jd7cdc53389aa3a9ebd124ea7a13f1035
2026.09.03 10:28:37,10:28:37,7,com.android.healthconnect.phone.jd7cdc53389aa3a9ebd124ea7a13f1035
2026.09.03 10:28:51,10:28:51,9,com.android.healthconnect.phone.jd7cdc53389aa3a9ebd124ea7a13f1035
2026.09.03 10:29:10,10:29:10,23,com.android.healthconnect.phone.jd7cdc53389aa3a9ebd124ea7a13f1035
2026.09.03 10:30:00,10:30:00,19,com.huami.watch.hmwatchmanager
2026.09.03 10:50:00,10:50:00,35,com.huami.watch.hmwatchmanager
2026.09.03 11:00:00,11:00:00,6,com.huami.watch.hmwatchmanager
2026.09.03 11:10:00,11:10:00,58,com.huami.watch.hmwatchmanager
2026.09.03 11:17:56,11:17:56,6,com.android.healthconnect.phone.jd7cdc53389aa3a9ebd124ea7a13f1035
2026.09.03 11:18:08,11:18:08,6,com.android.healthconnect.phone.jd7cdc53389aa3a9ebd124ea7a13f1035
2026.09.03 11:30:14,11:30:14,8,com.android.healthconnect.phone.jd7cdc53389aa3a9ebd124ea7a13f1035
2026.09.03 11:30:30,11:30:30,7,com.android.healthconnect.phone.jd7cdc53389aa3a9ebd124ea7a13f1035
2026.09.03 14:48:10,14:48:10,8,com.android.healthconnect.phone.jd7cdc53389aa3a9ebd124ea7a13f1035
2026.09.03 14:48:26,14:48:26,7,com.android.healthconnect.phone.jd7cdc53389aa3a9ebd124ea7a13f1035
2026.09.03 15:03:55,15:03:55,7,com.android.healthconnect.phone.jd7cdc53389aa3a9ebd124ea7a13f1035
2026.09.03 15:04:09,15:04:09,21,com.android.healthconnect.phone.jd7cdc53389aa3a9ebd124ea7a13f1035
2026.09.03 15:05:19,15:05:19,21,com.android.healthconnect.phone.jd7cdc53389aa3a9ebd124ea7a13f1035
2026.09.03 16:21:54,16:21:54,6,com.android.healthconnect.phone.jd7cdc53389aa3a9ebd124ea7a13f1035
2026.09.03 16:22:06,16:22:06,7,com.android.healthconnect.phone.jd7cdc53389aa3a9ebd124ea7a13f1035
2026.09.03 16:25:00,16:25:00,6,com.android.healthconnect.phone.jd7cdc53389aa3a9ebd124ea7a13f1035
2026.09.03 16:45:42,16:45:42,6,com.android.healthconnect.phone.jd7cdc53389aa3a9ebd124ea7a13f1035
2026.09.03 18:11:46,18:11:46,7,com.android.healthconnect.phone.jd7cdc53389aa3a9ebd124ea7a13f1035
2026.09.03 18:12:00,18:12:00,20,com.android.healthconnect.phone.jd7cdc53389aa3a9ebd124ea7a13f1035
2026.09.03 18:12:39,18:12:39,30,com.android.healthconnect.phone.jd7cdc53389aa3a9ebd124ea7a13f1035
2026.09.03 18:41:43,18:41:43,6,com.android.healthconnect.phone.jd7cdc53389aa3a9ebd124ea7a13f1035
2026.09.03 18:41:55,18:41:55,9,com.android.healthconnect.phone.jd7cdc53389aa3a9ebd124ea7a13f1035
2026.09.03 18:43:18,18:43:18,1,com.android.healthconnect.phone.jd7cdc53389aa3a9ebd124ea7a13f1035
2026.09.03 20:55:33,20:55:33,7,com.android.healthconnect.phone.jd7cdc53389aa3a9ebd124ea7a13f1035
2026.09.03 20:55:47,20:55:47,39,com.android.healthconnect.phone.jd7cdc53389aa3a9ebd124ea7a13f1035
2026.09.03 20:59:02,20:59:02,7,com.android.healthconnect.phone.jd7cdc53389aa3a9ebd124ea7a13f1035
2026.09.03 20:59:16,20:59:16,21,com.android.healthconnect.phone.jd7cdc53389aa3a9ebd124ea7a13f1035
2026.09.03 22:44:21,22:44:21,15,com.android.healthconnect.phone.jd7cdc53389aa3a9ebd124ea7a13f1035
2026.09.03 22:44:51,22:44:51,30,com.android.healthconnect.phone.jd7cdc53389aa3a9ebd124ea7a13f1035
2026.09.03 22:56:32,22:56:32,7,com.android.healthconnect.phone.jd7cdc53389aa3a9ebd124ea7a13f1035
2026.09.03 22:56:46,22:56:46,17,com.android.healthconnect.phone.jd7cdc53389aa3a9ebd124ea7a13f1035
2026.09.03 23:38:22,23:38:22,7,com.android.healthconnect.phone.jd7cdc53389aa3a9ebd124ea7a13f1035
2026.09.03 23:38:36,23:38:36,6,com.android.healthconnect.phone.jd7cdc53389aa3a9ebd124ea7a13f1035
2026.09.04 01:53:32,01:53:32,9,com.android.healthconnect.phone.jd7cdc53389aa3a9ebd124ea7a13f1035
2026.09.04 01:53:50,01:53:50,8,com.android.healthconnect.phone.jd7cdc53389aa3a9ebd124ea7a13f1035
2026.09.04 09:37:33,09:37:33,8,com.android.healthconnect.phone.jd7cdc53389aa3a9ebd124ea7a13f1035
2026.09.04 09:37:49,09:37:49,7,com.android.healthconnect.phone.jd7cdc53389aa3a9ebd124ea7a13f1035
2026.09.04 09:50:00,09:50:00,97,com.huami.watch.hmwatchmanager
2026.09.04 09:50:43,09:50:43,6,com.android.healthconnect.phone.jd7cdc53389aa3a9ebd124ea7a13f1035
2026.09.04 09:50:55,09:50:55,19,com.android.healthconnect.phone.jd7cdc53389aa3a9ebd124ea7a13f1035
2026.09.04 09:54:42,09:54:42,145,com.android.healthconnect.phone.jd7cdc53389aa3a9ebd124ea7a13f1035
2026.09.04 10:00:00,10:00:00,1104,com.huami.watch.hmwatchmanager
2026.09.04 10:01:26,10:01:26,112,com.android.healthconnect.phone.jd7cdc53389aa3a9ebd124ea7a13f1035
2026.09.04 10:02:26,10:02:26,112,com.android.healthconnect.phone.jd7cdc53389aa3a9ebd124ea7a13f1035
2026.09.04 10:03:26,10:03:26,112,com.android.healthconnect.phone.jd7cdc53389aa3a9ebd124ea7a13f1035
2026.09.04 10:04:26,10:04:26,111,com.android.healthconnect.phone.jd7cdc53389aa3a9ebd124ea7a13f1035
2026.09.04 10:05:26,10:05:26,114,com.android.healthconnect.phone.jd7cdc53389aa3a9ebd124ea7a13f1035
2026.09.04 10:06:26,10:06:26,118,com.android.healthconnect.phone.jd7cdc53389aa3a9ebd124ea7a13f1035
2026.09.04 10:07:26,10:07:26,121,com.android.healthconnect.phone.jd7cdc53389aa3a9ebd124ea7a13f1035
2026.09.04 10:08:26,10:08:26,120,com.android.healthconnect.phone.jd7cdc53389aa3a9ebd124ea7a13f1035
2026.09.04 10:09:26,10:09:26,116,com.android.healthconnect.phone.jd7cdc53389aa3a9ebd124ea7a13f1035
2026.09.04 10:10:00,10:10:00,416,com.huami.watch.hmwatchmanager
2026.09.04 10:10:26,10:10:26,112,com.android.healthconnect.phone.jd7cdc53389aa3a9ebd124ea7a13f1035
2026.09.04 10:11:26,10:11:26,108,com.android.healthconnect.phone.jd7cdc53389aa3a9ebd124ea7a13f1035
2026.09.04 10:12:26,10:12:26,14,com.android.healthconnect.phone.jd7cdc53389aa3a9ebd124ea7a13f1035
2026.09.04 10:13:26,10:13:26,24,com.android.healthconnect.phone.jd7cdc53389aa3a9ebd124ea7a13f1035
2026.09.04 10:17:02,10:17:02,6,com.android.healthconnect.phone.jd7cdc53389aa3a9ebd124ea7a13f1035
2026.09.04 10:17:14,10:17:14,2,com.android.healthconnect.phone.jd7cdc53389aa3a9ebd124ea7a13f1035
2026.09.04 10:20:00,10:20:00,57,com.huami.watch.hmwatchmanager
2026.09.04 10:24:56,10:24:56,7,com.android.healthconnect.phone.jd7cdc53389aa3a9ebd124ea7a13f1035
2026.09.04 10:40:00,10:40:00,89,com.huami.watch.hmwatchmanager
2026.09.04 10:42:09,10:42:09,7,com.android.healthconnect.phone.jd7cdc53389aa3a9ebd124ea7a13f1035
2026.09.04 10:42:23,10:42:23,57,com.android.healthconnect.phone.jd7cdc53389aa3a9ebd124ea7a13f1035
2026.09.04 10:43:18,10:43:18,33,com.android.healthconnect.phone.jd7cdc53389aa3a9ebd124ea7a13f1035
2026.09.04 10:44:16,10:44:16,12,com.android.healthconnect.phone.jd7cdc53389aa3a9ebd124ea7a13f1035
2026.09.04 10:50:00,10:50:00,92,com.huami.watch.hmwatchmanager
2026.09.04 10:57:05,10:57:05,7,com.android.healthconnect.phone.jd7cdc53389aa3a9ebd124ea7a13f1035
2026.09.04 10:57:19,10:57:19,8,com.android.healthconnect.phone.jd7cdc53389aa3a9ebd124ea7a13f1035
2026.09.04 11:00:00,11:00:00,29,com.huami.watch.hmwatchmanager
2026.09.04 11:08:56,11:08:56,7,com.android.healthconnect.phone.jd7cdc53389aa3a9ebd124ea7a13f1035
2026.09.04 11:09:10,11:09:10,11,com.android.healthconnect.phone.jd7cdc53389aa3a9ebd124ea7a13f1035
2026.09.04 11:09:25,11:09:25,7,com.android.healthconnect.phone.jd7cdc53389aa3a9ebd124ea7a13f1035
2026.09.04 11:16:16,11:16:16,7,com.android.healthconnect.phone.jd7cdc53389aa3a9ebd124ea7a13f1035
2026.09.04 11:16:30,11:16:30,6,com.android.healthconnect.phone.jd7cdc53389aa3a9ebd124ea7a13f1035
2026.09.04 11:18:39,11:18:39,7,com.android.healthconnect.phone.jd7cdc53389aa3a9ebd124ea7a13f1035
2026.09.04 11:19:59,11:19:59,7,com.android.healthconnect.phone.jd7cdc53389aa3a9ebd124ea7a13f1035
2026.09.04 11:20:00,11:20:00,84,com.huami.watch.hmwatchmanager
2026.09.04 11:20:13,11:20:13,21,com.android.healthconnect.phone.jd7cdc53389aa3a9ebd124ea7a13f1035
2026.09.04 11:20:30,11:20:30,38,com.android.healthconnect.phone.jd7cdc53389aa3a9ebd124ea7a13f1035
2026.09.04 11:26:57,11:26:57,7,com.android.healthconnect.phone.jd7cdc53389aa3a9ebd124ea7a13f1035
2026.09.04 11:27:11,11:27:11,6,com.android.healthconnect.phone.jd7cdc53389aa3a9ebd124ea7a13f1035
2026.09.04 11:30:00,11:30:00,85,com.huami.watch.hmwatchmanager
2026.09.04 11:32:50,11:32:50,7,com.android.healthconnect.phone.jd7cdc53389aa3a9ebd124ea7a13f1035
2026.09.04 11:33:04,11:33:04,35,com.android.healthconnect.phone.jd7cdc53389aa3a9ebd124ea7a13f1035
2026.09.04 11:40:00,11:40:00,372,com.huami.watch.hmwatchmanager
2026.09.04 11:40:26,11:40:26,7,com.android.healthconnect.phone.jd7cdc53389aa3a9ebd124ea7a13f1035
2026.09.04 11:40:40,11:40:40,53,com.android.healthconnect.phone.jd7cdc53389aa3a9ebd124ea7a13f1035
2026.09.04 11:43:04,11:43:04,8,com.android.healthconnect.phone.jd7cdc53389aa3a9ebd124ea7a13f1035
2026.09.04 11:43:20,11:43:20,107,com.android.healthconnect.phone.jd7cdc53389aa3a9ebd124ea7a13f1035
2026.09.04 11:44:20,11:44:20,105,com.android.healthconnect.phone.jd7cdc53389aa3a9ebd124ea7a13f1035
2026.09.04 11:45:20,11:45:20,105,com.android.healthconnect.phone.jd7cdc53389aa3a9ebd124ea7a13f1035
2026.09.04 11:46:20,11:46:20,95,com.android.healthconnect.phone.jd7cdc53389aa3a9ebd124ea7a13f1035
2026.09.04 11:47:20,11:47:20,99,com.android.healthconnect.phone.jd7cdc53389aa3a9ebd124ea7a13f1035
2026.09.04 11:48:20,11:48:20,107,com.android.healthconnect.phone.jd7cdc53389aa3a9ebd124ea7a13f1035
2026.09.04 11:49:20,11:49:20,107,com.android.healthconnect.phone.jd7cdc53389aa3a9ebd124ea7a13f1035
2026.09.04 11:50:00,11:50:00,952,com.huami.watch.hmwatchmanager
2026.09.04 11:50:20,11:50:20,111,com.android.healthconnect.phone.jd7cdc53389aa3a9ebd124ea7a13f1035
2026.09.04 11:51:20,11:51:20,113,com.android.healthconnect.phone.jd7cdc53389aa3a9ebd124ea7a13f1035
2026.09.04 11:52:20,11:52:20,113,com.android.healthconnect.phone.jd7cdc53389aa3a9ebd124ea7a13f1035
2026.09.04 11:53:19,11:53:19,106,com.android.healthconnect.phone.jd7cdc53389aa3a9ebd124ea7a13f1035
2026.09.04 11:54:20,11:54:20,109,com.android.healthconnect.phone.jd7cdc53389aa3a9ebd124ea7a13f1035
2026.09.04 11:55:19,11:55:19,111,com.android.healthconnect.phone.jd7cdc53389aa3a9ebd124ea7a13f1035
2026.09.04 11:56:20,11:56:20,99,com.android.healthconnect.phone.jd7cdc53389aa3a9ebd124ea7a13f1035
2026.09.04 11:57:20,11:57:20,81,com.android.healthconnect.phone.jd7cdc53389aa3a9ebd124ea7a13f1035
2026.09.04 11:58:20,11:58:20,7,com.android.healthconnect.phone.jd7cdc53389aa3a9ebd124ea7a13f1035
2026.09.04 11:58:30,11:58:30,17,com.android.healthconnect.phone.jd7cdc53389aa3a9ebd124ea7a13f1035
2026.09.04 12:00:00,12:00:00,9,com.huami.watch.hmwatchmanager
2026.09.04 12:10:00,12:10:00,52,com.huami.watch.hmwatchmanager
2026.09.04 12:16:03,12:16:03,15,com.android.healthconnect.phone.jd7cdc53389aa3a9ebd124ea7a13f1035
2026.09.04 12:16:33,12:16:33,12,com.android.healthconnect.phone.jd7cdc53389aa3a9ebd124ea7a13f1035
2026.09.04 12:20:00,12:20:00,14,com.huami.watch.hmwatchmanager
2026.09.04 12:30:00,12:30:00,21,com.huami.watch.hmwatchmanager
2026.09.04 12:40:00,12:40:00,101,com.huami.watch.hmwatchmanager
2026.09.04 12:47:53,12:47:53,7,com.android.healthconnect.phone.jd7cdc53389aa3a9ebd124ea7a13f1035
2026.09.04 12:48:07,12:48:07,3,com.android.healthconnect.phone.jd7cdc53389aa3a9ebd124ea7a13f1035
2026.09.04 12:50:00,12:50:00,141,com.huami.watch.hmwatchmanager
2026.09.04 12:50:31,12:50:31,6,com.android.healthconnect.phone.jd7cdc53389aa3a9ebd124ea7a13f1035
2026.09.04 12:50:43,12:50:43,1,com.android.healthconnect.phone.jd7cdc53389aa3a9ebd124ea7a13f1035
2026.09.04 14:27:37,14:27:37,7,com.android.healthconnect.phone.jd7cdc53389aa3a9ebd124ea7a13f1035
2026.09.04 14:55:11,14:55:11,7,com.android.healthconnect.phone.jd7cdc53389aa3a9ebd124ea7a13f1035
2026.09.04 14:55:25,14:55:25,18,com.android.healthconnect.phone.jd7cdc53389aa3a9ebd124ea7a13f1035
2026.09.04 15:23:33,15:23:33,7,com.android.healthconnect.phone.jd7cdc53389aa3a9ebd124ea7a13f1035
2026.09.04 15:23:47,15:23:47,8,com.android.healthconnect.phone.jd7cdc53389aa3a9ebd124ea7a13f1035
2026.09.04 18:27:13,18:27:13,15,com.android.healthconnect.phone.jd7cdc53389aa3a9ebd124ea7a13f1035
2026.09.04 18:27:43,18:27:43,2,com.android.healthconnect.phone.jd7cdc53389aa3a9ebd124ea7a13f1035
2026.09.04 19:00:00,19:00:00,15,com.huami.watch.hmwatchmanager
2026.09.04 19:06:50,19:06:50,15,com.android.healthconnect.phone.jd7cdc53389aa3a9ebd124ea7a13f1035
2026.09.04 19:07:20,19:07:20,13,com.android.healthconnect.phone.jd7cdc53389aa3a9ebd124ea7a13f1035
2026.09.04 19:10:00,19:10:00,315,com.huami.watch.hmwatchmanager
2026.09.04 19:10:59,19:10:59,7,com.android.healthconnect.phone.jd7cdc53389aa3a9ebd124ea7a13f1035
2026.09.04 19:11:13,19:11:13,128,com.android.healthconnect.phone.jd7cdc53389aa3a9ebd124ea7a13f1035
2026.09.04 19:12:50,19:12:50,134,com.android.healthconnect.phone.jd7cdc53389aa3a9ebd124ea7a13f1035
2026.09.04 19:17:22,19:17:22,7,com.android.healthconnect.phone.jd7cdc53389aa3a9ebd124ea7a13f1035
2026.09.04 19:17:36,19:17:36,5,com.android.healthconnect.phone.jd7cdc53389aa3a9ebd124ea7a13f1035
2026.09.04 19:20:00,19:20:00,31,com.huami.watch.hmwatchmanager
2026.09.04 19:30:00,19:30:00,32,com.huami.watch.hmwatchmanager
2026.09.04 19:50:00,19:50:00,446,com.huami.watch.hmwatchmanager
2026.09.04 19:53:36,19:53:36,16,com.android.healthconnect.phone.jd7cdc53389aa3a9ebd124ea7a13f1035
2026.09.04 19:54:08,19:54:08,221,com.android.healthconnect.phone.jd7cdc53389aa3a9ebd124ea7a13f1035
2026.09.04 19:56:47,19:56:47,201,com.android.healthconnect.phone.jd7cdc53389aa3a9ebd124ea7a13f1035
2026.09.04 19:59:29,19:59:29,47,com.android.healthconnect.phone.jd7cdc53389aa3a9ebd124ea7a13f1035
2026.09.04 20:00:00,20:00:00,32,com.huami.watch.hmwatchmanager
2026.09.04 20:10:00,20:10:00,344,com.huami.watch.hmwatchmanager
2026.09.04 20:12:46,20:12:46,59,com.android.healthconnect.phone.jd7cdc53389aa3a9ebd124ea7a13f1035
2026.09.04 20:13:49,20:13:49,73,com.android.healthconnect.phone.jd7cdc53389aa3a9ebd124ea7a13f1035
2026.09.04 20:15:19,20:15:19,91,com.android.healthconnect.phone.jd7cdc53389aa3a9ebd124ea7a13f1035
2026.09.04 20:18:17,20:18:17,21,com.android.healthconnect.phone.jd7cdc53389aa3a9ebd124ea7a13f1035
2026.09.04 20:18:59,20:18:59,67,com.android.healthconnect.phone.jd7cdc53389aa3a9ebd124ea7a13f1035
2026.09.04 20:20:00,20:20:00,312,com.huami.watch.hmwatchmanager
2026.09.04 20:21:15,20:21:15,130,com.android.healthconnect.phone.jd7cdc53389aa3a9ebd124ea7a13f1035
2026.09.04 20:25:02,20:25:02,87,com.android.healthconnect.phone.jd7cdc53389aa3a9ebd124ea7a13f1035
2026.09.04 20:26:14,20:26:14,125,com.android.healthconnect.phone.jd7cdc53389aa3a9ebd124ea7a13f1035
2026.09.04 20:30:00,20:30:00,57,com.huami.watch.hmwatchmanager
2026.09.04 20:37:01,20:37:01,12,com.android.healthconnect.phone.jd7cdc53389aa3a9ebd124ea7a13f1035
2026.09.04 20:40:00,20:40:00,22,com.huami.watch.hmwatchmanager
2026.09.04 20:50:00,20:50:00,52,com.huami.watch.hmwatchmanager
2026.09.04 20:54:02,20:54:02,16,com.android.healthconnect.phone.jd7cdc53389aa3a9ebd124ea7a13f1035
2026.09.04 20:54:34,20:54:34,70,com.android.healthconnect.phone.jd7cdc53389aa3a9ebd124ea7a13f1035
2026.09.04 21:00:00,21:00:00,109,com.huami.watch.hmwatchmanager
2026.09.04 21:10:00,21:10:00,32,com.huami.watch.hmwatchmanager
2026.09.04 21:20:00,21:20:00,39,com.huami.watch.hmwatchmanager
2026.09.04 22:00:00,22:00:00,21,com.huami.watch.hmwatchmanager
2026.09.04 22:10:00,22:10:00,81,com.huami.watch.hmwatchmanager
2026.09.04 22:15:02,22:15:02,12,com.android.healthconnect.phone.jd7cdc53389aa3a9ebd124ea7a13f1035
2026.09.04 22:15:26,22:15:26,10,com.android.healthconnect.phone.jd7cdc53389aa3a9ebd124ea7a13f1035
2026.09.04 22:20:00,22:20:00,66,com.huami.watch.hmwatchmanager
2026.09.04 23:00:00,23:00:00,8,com.huami.watch.hmwatchmanager
2026.09.04 23:10:00,23:10:00,9,com.huami.watch.hmwatchmanager
2026.09.04 23:50:00,23:50:00,7,com.huami.watch.hmwatchmanager
2026.09.05 00:40:00,00:40:00,88,com.huami.watch.hmwatchmanager
2026.09.05 00:50:00,00:50:00,32,com.huami.watch.hmwatchmanager
2026.09.05 00:51:02,00:51:02,16,com.android.healthconnect.phone.jd7cdc53389aa3a9ebd124ea7a13f1035
2026.09.05 00:51:34,00:51:34,142,com.android.healthconnect.phone.jd7cdc53389aa3a9ebd124ea7a13f1035
2026.09.05 00:56:59,00:56:59,762,com.android.healthconnect.phone.jd7cdc53389aa3a9ebd124ea7a13f1035
2026.09.05 01:00:00,01:00:00,824,com.huami.watch.hmwatchmanager
2026.09.05 01:05:35,01:05:35,722,com.android.healthconnect.phone.jd7cdc53389aa3a9ebd124ea7a13f1035
2026.09.05 01:10:00,01:10:00,341,com.huami.watch.hmwatchmanager
2026.09.05 01:20:00,01:20:00,7,com.huami.watch.hmwatchmanager
2026.09.05 01:30:00,01:30:00,83,com.huami.watch.hmwatchmanager
2026.09.05 01:40:00,01:40:00,12,com.huami.watch.hmwatchmanager
2026.09.05 01:50:00,01:50:00,94,com.huami.watch.hmwatchmanager
2026.09.05 02:00:00,02:00:00,146,com.huami.watch.hmwatchmanager
2026.09.05 02:10:00,02:10:00,130,com.huami.watch.hmwatchmanager
2026.09.05 02:20:00,02:20:00,135,com.huami.watch.hmwatchmanager
2026.09.05 02:30:00,02:30:00,74,com.huami.watch.hmwatchmanager
2026.09.05 02:40:00,02:40:00,204,com.huami.watch.hmwatchmanager
2026.09.05 02:50:00,02:50:00,254,com.huami.watch.hmwatchmanager
2026.09.05 03:00:00,03:00:00,49,com.huami.watch.hmwatchmanager
2026.09.05 03:10:00,03:10:00,10,com.huami.watch.hmwatchmanager
2026.09.05 03:17:38,03:17:38,16,com.android.healthconnect.phone.jd7cdc53389aa3a9ebd124ea7a13f1035
2026.09.05 03:18:10,03:18:10,119,com.android.healthconnect.phone.jd7cdc53389aa3a9ebd124ea7a13f1035
2026.09.05 03:19:51,03:19:51,394,com.android.healthconnect.phone.jd7cdc53389aa3a9ebd124ea7a13f1035
2026.09.05 03:20:00,03:20:00,854,com.huami.watch.hmwatchmanager
2026.09.05 03:25:16,03:25:16,76,com.android.healthconnect.phone.jd7cdc53389aa3a9ebd124ea7a13f1035
2026.09.05 03:26:16,03:26:16,81,com.android.healthconnect.phone.jd7cdc53389aa3a9ebd124ea7a13f1035
2026.09.05 03:27:16,03:27:16,88,com.android.healthconnect.phone.jd7cdc53389aa3a9ebd124ea7a13f1035
2026.09.05 03:28:17,03:28:17,82,com.android.healthconnect.phone.jd7cdc53389aa3a9ebd124ea7a13f1035
2026.09.05 03:29:16,03:29:16,91,com.android.healthconnect.phone.jd7cdc53389aa3a9ebd124ea7a13f1035
2026.09.05 03:30:00,03:30:00,735,com.huami.watch.hmwatchmanager
2026.09.05 03:30:16,03:30:16,244,com.android.healthconnect.phone.jd7cdc53389aa3a9ebd124ea7a13f1035
2026.09.05 03:32:55,03:32:55,83,com.android.healthconnect.phone.jd7cdc53389aa3a9ebd124ea7a13f1035
2026.09.05 03:33:56,03:33:56,265,com.android.healthconnect.phone.jd7cdc53389aa3a9ebd124ea7a13f1035
2026.09.05 03:36:54,03:36:54,74,com.android.healthconnect.phone.jd7cdc53389aa3a9ebd124ea7a13f1035
2026.09.05 03:38:06,03:38:06,20,com.android.healthconnect.phone.jd7cdc53389aa3a9ebd124ea7a13f1035
2026.09.05 03:40:00,03:40:00,38,com.huami.watch.hmwatchmanager
2026.09.05 03:50:00,03:50:00,8,com.huami.watch.hmwatchmanager
2026.09.05 10:30:00,10:30:00,48,com.huami.watch.hmwatchmanager
2026.09.05 10:38:00,10:38:00,7,com.android.healthconnect.phone.jd7cdc53389aa3a9ebd124ea7a13f1035
2026.09.05 10:38:14,10:38:14,15,com.android.healthconnect.phone.jd7cdc53389aa3a9ebd124ea7a13f1035
2026.09.05 10:50:00,10:50:00,11,com.huami.watch.hmwatchmanager
2026.09.05 11:20:00,11:20:00,89,com.huami.watch.hmwatchmanager
2026.09.05 11:29:33,11:29:33,8,com.android.healthconnect.phone.jd7cdc53389aa3a9ebd124ea7a13f1035
2026.09.05 11:29:49,11:29:49,4,com.android.healthconnect.phone.jd7cdc53389aa3a9ebd124ea7a13f1035
2026.09.05 11:40:00,11:40:00,18,com.huami.watch.hmwatchmanager
2026.09.05 12:10:00,12:10:00,12,com.huami.watch.hmwatchmanager
2026.09.05 12:20:00,12:20:00,21,com.huami.watch.hmwatchmanager
2026.09.05 12:30:00,12:30:00,425,com.huami.watch.hmwatchmanager
2026.09.05 12:32:11,12:32:11,7,com.android.healthconnect.phone.jd7cdc53389aa3a9ebd124ea7a13f1035
2026.09.05 12:32:25,12:32:25,295,com.android.healthconnect.phone.jd7cdc53389aa3a9ebd124ea7a13f1035
2026.09.05 12:36:18,12:36:18,150,com.android.healthconnect.phone.jd7cdc53389aa3a9ebd124ea7a13f1035
2026.09.05 12:50:00,12:50:00,6,com.huami.watch.hmwatchmanager
2026.09.05 13:10:00,13:10:00,317,com.huami.watch.hmwatchmanager
2026.09.05 13:15:25,13:15:25,16,com.android.healthconnect.phone.jd7cdc53389aa3a9ebd124ea7a13f1035
2026.09.05 13:15:57,13:15:57,287,com.android.healthconnect.phone.jd7cdc53389aa3a9ebd124ea7a13f1035
2026.09.05 13:19:14,13:19:14,69,com.android.healthconnect.phone.jd7cdc53389aa3a9ebd124ea7a13f1035
2026.09.05 13:20:00,13:20:00,63,com.huami.watch.hmwatchmanager
2026.09.05 13:30:00,13:30:00,15,com.huami.watch.hmwatchmanager
2026.09.05 18:50:55,18:50:55,17,com.android.healthconnect.phone.jd7cdc53389aa3a9ebd124ea7a13f1035
2026.09.05 18:51:29,18:51:29,29,com.android.healthconnect.phone.jd7cdc53389aa3a9ebd124ea7a13f1035
2026.09.05 19:50:00,19:50:00,311,com.huami.watch.hmwatchmanager
2026.09.05 19:54:32,19:54:32,7,com.android.healthconnect.phone.jd7cdc53389aa3a9ebd124ea7a13f1035
2026.09.05 19:54:46,19:54:46,49,com.android.healthconnect.phone.jd7cdc53389aa3a9ebd124ea7a13f1035
2026.09.05 19:58:31,19:58:31,102,com.android.healthconnect.phone.jd7cdc53389aa3a9ebd124ea7a13f1035
2026.09.05 19:59:31,19:59:31,114,com.android.healthconnect.phone.jd7cdc53389aa3a9ebd124ea7a13f1035
2026.09.05 20:00:00,20:00:00,1029,com.huami.watch.hmwatchmanager
2026.09.05 20:00:31,20:00:31,116,com.android.healthconnect.phone.jd7cdc53389aa3a9ebd124ea7a13f1035
2026.09.05 20:01:31,20:01:31,116,com.android.healthconnect.phone.jd7cdc53389aa3a9ebd124ea7a13f1035
2026.09.05 20:02:31,20:02:31,116,com.android.healthconnect.phone.jd7cdc53389aa3a9ebd124ea7a13f1035
2026.09.05 20:03:31,20:03:31,101,com.android.healthconnect.phone.jd7cdc53389aa3a9ebd124ea7a13f1035
2026.09.05 20:06:36,20:06:36,7,com.android.healthconnect.phone.jd7cdc53389aa3a9ebd124ea7a13f1035
2026.09.05 20:06:50,20:06:50,157,com.android.healthconnect.phone.jd7cdc53389aa3a9ebd124ea7a13f1035
2026.09.05 20:07:50,20:07:50,168,com.android.healthconnect.phone.jd7cdc53389aa3a9ebd124ea7a13f1035
2026.09.05 20:08:50,20:08:50,172,com.android.healthconnect.phone.jd7cdc53389aa3a9ebd124ea7a13f1035
2026.09.05 20:09:49,20:09:49,170,com.android.healthconnect.phone.jd7cdc53389aa3a9ebd124ea7a13f1035
2026.09.05 20:10:00,20:10:00,1702,com.huami.watch.hmwatchmanager
2026.09.05 20:10:50,20:10:50,170,com.android.healthconnect.phone.jd7cdc53389aa3a9ebd124ea7a13f1035
2026.09.05 20:11:50,20:11:50,168,com.android.healthconnect.phone.jd7cdc53389aa3a9ebd124ea7a13f1035
2026.09.05 20:12:50,20:12:50,168,com.android.healthconnect.phone.jd7cdc53389aa3a9ebd124ea7a13f1035
2026.09.05 20:13:50,20:13:50,169,com.android.healthconnect.phone.jd7cdc53389aa3a9ebd124ea7a13f1035
2026.09.05 20:14:50,20:14:50,171,com.android.healthconnect.phone.jd7cdc53389aa3a9ebd124ea7a13f1035
2026.09.05 20:15:50,20:15:50,172,com.android.healthconnect.phone.jd7cdc53389aa3a9ebd124ea7a13f1035
2026.09.05 20:16:50,20:16:50,170,com.android.healthconnect.phone.jd7cdc53389aa3a9ebd124ea7a13f1035
2026.09.05 20:17:50,20:17:50,173,com.android.healthconnect.phone.jd7cdc53389aa3a9ebd124ea7a13f1035
2026.09.05 20:18:50,20:18:50,175,com.android.healthconnect.phone.jd7cdc53389aa3a9ebd124ea7a13f1035
2026.09.05 20:19:50,20:19:50,168,com.android.healthconnect.phone.jd7cdc53389aa3a9ebd124ea7a13f1035
2026.09.05 20:20:00,20:20:00,1771,com.huami.watch.hmwatchmanager
2026.09.05 20:20:50,20:20:50,171,com.android.healthconnect.phone.jd7cdc53389aa3a9ebd124ea7a13f1035
2026.09.05 20:21:50,20:21:50,169,com.android.healthconnect.phone.jd7cdc53389aa3a9ebd124ea7a13f1035
2026.09.05 20:22:50,20:22:50,165,com.android.healthconnect.phone.jd7cdc53389aa3a9ebd124ea7a13f1035
2026.09.05 20:23:50,20:23:50,171,com.android.healthconnect.phone.jd7cdc53389aa3a9ebd124ea7a13f1035
2026.09.05 20:24:50,20:24:50,176,com.android.healthconnect.phone.jd7cdc53389aa3a9ebd124ea7a13f1035
2026.09.05 20:25:50,20:25:50,168,com.android.healthconnect.phone.jd7cdc53389aa3a9ebd124ea7a13f1035
2026.09.05 20:26:50,20:26:50,173,com.android.healthconnect.phone.jd7cdc53389aa3a9ebd124ea7a13f1035
2026.09.05 20:27:50,20:27:50,177,com.android.healthconnect.phone.jd7cdc53389aa3a9ebd124ea7a13f1035
2026.09.05 20:28:50,20:28:50,144,com.android.healthconnect.phone.jd7cdc53389aa3a9ebd124ea7a13f1035
2026.09.05 20:29:50,20:29:50,151,com.android.healthconnect.phone.jd7cdc53389aa3a9ebd124ea7a13f1035
2026.09.05 20:30:00,20:30:00,983,com.huami.watch.hmwatchmanager
2026.09.05 20:30:50,20:30:50,129,com.android.healthconnect.phone.jd7cdc53389aa3a9ebd124ea7a13f1035
2026.09.05 20:31:50,20:31:50,88,com.android.healthconnect.phone.jd7cdc53389aa3a9ebd124ea7a13f1035
2026.09.05 20:32:50,20:32:50,89,com.android.healthconnect.phone.jd7cdc53389aa3a9ebd124ea7a13f1035
2026.09.05 20:33:50,20:33:50,89,com.android.healthconnect.phone.jd7cdc53389aa3a9ebd124ea7a13f1035
2026.09.05 20:34:49,20:34:49,92,com.android.healthconnect.phone.jd7cdc53389aa3a9ebd124ea7a13f1035
2026.09.05 20:35:50,20:35:50,95,com.android.healthconnect.phone.jd7cdc53389aa3a9ebd124ea7a13f1035
2026.09.05 20:36:50,20:36:50,96,com.android.healthconnect.phone.jd7cdc53389aa3a9ebd124ea7a13f1035
2026.09.05 20:37:47,20:37:47,95,com.android.healthconnect.phone.jd7cdc53389aa3a9ebd124ea7a13f1035
2026.09.05 20:38:48,20:38:48,27,com.android.healthconnect.phone.jd7cdc53389aa3a9ebd124ea7a13f1035
2026.09.05 20:40:00,20:40:00,7,com.huami.watch.hmwatchmanager
2026.09.05 20:40:07,20:40:07,10,com.android.healthconnect.phone.jd7cdc53389aa3a9ebd124ea7a13f1035
2026.09.05 21:00:29,21:00:29,7,com.android.healthconnect.phone.jd7cdc53389aa3a9ebd124ea7a13f1035
2026.09.05 21:04:37,21:04:37,7,com.android.healthconnect.phone.jd7cdc53389aa3a9ebd124ea7a13f1035
2026.09.05 21:04:51,21:04:51,23,com.android.healthconnect.phone.jd7cdc53389aa3a9ebd124ea7a13f1035
2026.09.05 21:10:45,21:10:45,3,com.android.healthconnect.phone.jd7cdc53389aa3a9ebd124ea7a13f1035
2026.09.05 21:23:38,21:23:38,6,com.android.healthconnect.phone.jd7cdc53389aa3a9ebd124ea7a13f1035
2026.09.05 21:23:50,21:23:50,5,com.android.healthconnect.phone.jd7cdc53389aa3a9ebd124ea7a13f1035
2026.09.05 21:27:03,21:27:03,6,com.android.healthconnect.phone.jd7cdc53389aa3a9ebd124ea7a13f1035
2026.09.05 21:27:15,21:27:15,22,com.android.healthconnect.phone.jd7cdc53389aa3a9ebd124ea7a13f1035
2026.09.05 21:30:00,21:30:00,406,com.huami.watch.hmwatchmanager
2026.09.05 21:31:57,21:31:57,10,com.android.healthconnect.phone.jd7cdc53389aa3a9ebd124ea7a13f1035
2026.09.05 21:34:52,21:34:52,137,com.android.healthconnect.phone.jd7cdc53389aa3a9ebd124ea7a13f1035
2026.09.05 21:37:29,21:37:29,103,com.android.healthconnect.phone.jd7cdc53389aa3a9ebd124ea7a13f1035
2026.09.05 21:38:29,21:38:29,171,com.android.healthconnect.phone.jd7cdc53389aa3a9ebd124ea7a13f1035
2026.09.05 21:40:00,21:40:00,611,com.huami.watch.hmwatchmanager
2026.09.05 21:40:02,21:40:02,138,com.android.healthconnect.phone.jd7cdc53389aa3a9ebd124ea7a13f1035
2026.09.05 21:41:18,21:41:18,111,com.android.healthconnect.phone.jd7cdc53389aa3a9ebd124ea7a13f1035
2026.09.05 21:42:20,21:42:20,108,com.android.healthconnect.phone.jd7cdc53389aa3a9ebd124ea7a13f1035
2026.09.05 21:43:20,21:43:20,60,com.android.healthconnect.phone.jd7cdc53389aa3a9ebd124ea7a13f1035
2026.09.05 21:43:55,21:43:55,20,com.android.healthconnect.phone.jd7cdc53389aa3a9ebd124ea7a13f1035
2026.09.05 21:45:20,21:45:20,92,com.android.healthconnect.phone.jd7cdc53389aa3a9ebd124ea7a13f1035
2026.09.05 21:46:20,21:46:20,103,com.android.healthconnect.phone.jd7cdc53389aa3a9ebd124ea7a13f1035
2026.09.05 21:47:20,21:47:20,256,com.android.healthconnect.phone.jd7cdc53389aa3a9ebd124ea7a13f1035
2026.09.05 21:49:44,21:49:44,168,com.android.healthconnect.phone.jd7cdc53389aa3a9ebd124ea7a13f1035
2026.09.05 21:50:00,21:50:00,867,com.huami.watch.hmwatchmanager
2026.09.05 21:51:35,21:51:35,51,com.android.healthconnect.phone.jd7cdc53389aa3a9ebd124ea7a13f1035
2026.09.05 21:52:35,21:52:35,102,com.android.healthconnect.phone.jd7cdc53389aa3a9ebd124ea7a13f1035
2026.09.05 21:53:35,21:53:35,250,com.android.healthconnect.phone.jd7cdc53389aa3a9ebd124ea7a13f1035
2026.09.05 21:56:06,21:56:06,80,com.android.healthconnect.phone.jd7cdc53389aa3a9ebd124ea7a13f1035
2026.09.05 21:57:24,21:57:24,97,com.android.healthconnect.phone.jd7cdc53389aa3a9ebd124ea7a13f1035
2026.09.05 21:58:24,21:58:24,334,com.android.healthconnect.phone.jd7cdc53389aa3a9ebd124ea7a13f1035
2026.09.05 22:00:00,22:00:00,738,com.huami.watch.hmwatchmanager
2026.09.05 22:01:51,22:01:51,111,com.android.healthconnect.phone.jd7cdc53389aa3a9ebd124ea7a13f1035
2026.09.05 22:02:55,22:02:55,102,com.android.healthconnect.phone.jd7cdc53389aa3a9ebd124ea7a13f1035
2026.09.05 22:03:54,22:03:54,22,com.android.healthconnect.phone.jd7cdc53389aa3a9ebd124ea7a13f1035
2026.09.05 22:04:08,22:04:08,52,com.android.healthconnect.phone.jd7cdc53389aa3a9ebd124ea7a13f1035
2026.09.05 22:05:54,22:05:54,196,com.android.healthconnect.phone.jd7cdc53389aa3a9ebd124ea7a13f1035
2026.09.05 22:07:46,22:07:46,35,com.android.healthconnect.phone.jd7cdc53389aa3a9ebd124ea7a13f1035
2026.09.05 22:40:00,22:40:00,5,com.huami.watch.hmwatchmanager
2026.09.05 23:20:00,23:20:00,302,com.huami.watch.hmwatchmanager
2026.09.05 23:22:52,23:22:52,16,com.android.healthconnect.phone.jd7cdc53389aa3a9ebd124ea7a13f1035
2026.09.05 23:26:24,23:26:24,7,com.android.healthconnect.phone.jd7cdc53389aa3a9ebd124ea7a13f1035
2026.09.05 23:26:38,23:26:38,92,com.android.healthconnect.phone.jd7cdc53389aa3a9ebd124ea7a13f1035
2026.09.05 23:27:38,23:27:38,163,com.android.healthconnect.phone.jd7cdc53389aa3a9ebd124ea7a13f1035
2026.09.05 23:29:19,23:29:19,153,com.android.healthconnect.phone.jd7cdc53389aa3a9ebd124ea7a13f1035
2026.09.05 23:30:00,23:30:00,946,com.huami.watch.hmwatchmanager
2026.09.05 23:30:50,23:30:50,175,com.android.healthconnect.phone.jd7cdc53389aa3a9ebd124ea7a13f1035
2026.09.05 23:32:37,23:32:37,93,com.android.healthconnect.phone.jd7cdc53389aa3a9ebd124ea7a13f1035
2026.09.05 23:33:37,23:33:37,87,com.android.healthconnect.phone.jd7cdc53389aa3a9ebd124ea7a13f1035
2026.09.05 23:34:36,23:34:36,113,com.android.healthconnect.phone.jd7cdc53389aa3a9ebd124ea7a13f1035
2026.09.05 23:35:49,23:35:49,126,com.android.healthconnect.phone.jd7cdc53389aa3a9ebd124ea7a13f1035
2026.09.05 23:37:08,23:37:08,90,com.android.healthconnect.phone.jd7cdc53389aa3a9ebd124ea7a13f1035
2026.09.05 23:38:08,23:38:08,92,com.android.healthconnect.phone.jd7cdc53389aa3a9ebd124ea7a13f1035
2026.09.05 23:39:08,23:39:08,144,com.android.healthconnect.phone.jd7cdc53389aa3a9ebd124ea7a13f1035
2026.09.05 23:40:00,23:40:00,386,com.huami.watch.hmwatchmanager
2026.09.05 23:40:39,23:40:39,52,com.android.healthconnect.phone.jd7cdc53389aa3a9ebd124ea7a13f1035
2026.09.05 23:41:34,23:41:34,85,com.android.healthconnect.phone.jd7cdc53389aa3a9ebd124ea7a13f1035
2026.09.05 23:42:40,23:42:40,79,com.android.healthconnect.phone.jd7cdc53389aa3a9ebd124ea7a13f1035
2026.09.05 23:44:42,23:44:42,15,com.android.healthconnect.phone.jd7cdc53389aa3a9ebd124ea7a13f1035
2026.09.05 23:45:12,23:45:12,83,com.android.healthconnect.phone.jd7cdc53389aa3a9ebd124ea7a13f1035
2026.09.05 23:50:00,23:50:00,418,com.huami.watch.hmwatchmanager
2026.09.05 23:54:01,23:54:01,16,com.android.healthconnect.phone.jd7cdc53389aa3a9ebd124ea7a13f1035
2026.09.05 23:54:33,23:54:33,133,com.android.healthconnect.phone.jd7cdc53389aa3a9ebd124ea7a13f1035
2026.09.05 23:56:07,23:56:07,222,com.android.healthconnect.phone.jd7cdc53389aa3a9ebd124ea7a13f1035
2026.09.05 23:58:31,23:58:31,57,com.android.healthconnect.phone.jd7cdc53389aa3a9ebd124ea7a13f1035
2026.09.06 00:10:00,00:10:00,306,com.huami.watch.hmwatchmanager
2026.09.06 00:12:00,00:12:00,9,com.android.healthconnect.phone.jd7cdc53389aa3a9ebd124ea7a13f1035
2026.09.06 00:12:18,00:12:18,8,com.android.healthconnect.phone.jd7cdc53389aa3a9ebd124ea7a13f1035
2026.09.06 00:12:24,00:12:24,61,com.android.healthconnect.phone.jd7cdc53389aa3a9ebd124ea7a13f1035
2026.09.06 00:16:59,00:16:59,140,com.android.healthconnect.phone.jd7cdc53389aa3a9ebd124ea7a13f1035
2026.09.06 00:18:30,00:18:30,143,com.android.healthconnect.phone.jd7cdc53389aa3a9ebd124ea7a13f1035
2026.09.06 00:20:00,00:20:00,95,com.huami.watch.hmwatchmanager
2026.09.06 00:20:12,00:20:12,43,com.android.healthconnect.phone.jd7cdc53389aa3a9ebd124ea7a13f1035
2026.09.06 00:20:43,00:20:43,25,com.android.healthconnect.phone.jd7cdc53389aa3a9ebd124ea7a13f1035
2026.09.06 00:21:27,00:21:27,14,com.android.healthconnect.phone.jd7cdc53389aa3a9ebd124ea7a13f1035
2026.09.06 00:34:29,00:34:29,7,com.android.healthconnect.phone.jd7cdc53389aa3a9ebd124ea7a13f1035
2026.09.06 00:37:31,00:37:31,8,com.android.healthconnect.phone.jd7cdc53389aa3a9ebd124ea7a13f1035
2026.09.06 00:45:31,00:45:31,7,com.android.healthconnect.phone.jd7cdc53389aa3a9ebd124ea7a13f1035
2026.09.06 00:50:00,00:50:00,3,com.huami.watch.hmwatchmanager
2026.09.06 00:57:22,00:57:22,9,com.android.healthconnect.phone.jd7cdc53389aa3a9ebd124ea7a13f1035
2026.09.06 00:57:40,00:57:40,2,com.android.healthconnect.phone.jd7cdc53389aa3a9ebd124ea7a13f1035
2026.09.06 00:57:41,00:57:41,24,com.android.healthconnect.phone.jd7cdc53389aa3a9ebd124ea7a13f1035
2026.09.06 01:02:09,01:02:09,7,com.android.healthconnect.phone.jd7cdc53389aa3a9ebd124ea7a13f1035
2026.09.06 01:05:27,01:05:27,11,com.android.healthconnect.phone.jd7cdc53389aa3a9ebd124ea7a13f1035
2026.09.06 01:21:14,01:21:14,7,com.android.healthconnect.phone.jd7cdc53389aa3a9ebd124ea7a13f1035
2026.09.06 01:21:28,01:21:28,16,com.android.healthconnect.phone.jd7cdc53389aa3a9ebd124ea7a13f1035
2026.09.06 01:23:40,01:23:40,8,com.android.healthconnect.phone.jd7cdc53389aa3a9ebd124ea7a13f1035
2026.09.06 01:25:29,01:25:29,7,com.android.healthconnect.phone.jd7cdc53389aa3a9ebd124ea7a13f1035
2026.09.06 02:09:16,02:09:16,15,com.android.healthconnect.phone.jd7cdc53389aa3a9ebd124ea7a13f1035
2026.09.06 02:10:00,02:10:00,10,com.huami.watch.hmwatchmanager
2026.09.06 02:19:32,02:19:32,7,com.android.healthconnect.phone.jd7cdc53389aa3a9ebd124ea7a13f1035
2026.09.06 02:19:46,02:19:46,14,com.android.healthconnect.phone.jd7cdc53389aa3a9ebd124ea7a13f1035
2026.09.06 02:20:00,02:20:00,301,com.huami.watch.hmwatchmanager
2026.09.06 02:26:21,02:26:21,7,com.android.healthconnect.phone.jd7cdc53389aa3a9ebd124ea7a13f1035
2026.09.06 02:26:35,02:26:35,95,com.android.healthconnect.phone.jd7cdc53389aa3a9ebd124ea7a13f1035
2026.09.06 02:27:46,02:27:46,83,com.android.healthconnect.phone.jd7cdc53389aa3a9ebd124ea7a13f1035
2026.09.06 02:28:46,02:28:46,82,com.android.healthconnect.phone.jd7cdc53389aa3a9ebd124ea7a13f1035
2026.09.06 02:29:46,02:29:46,152,com.android.healthconnect.phone.jd7cdc53389aa3a9ebd124ea7a13f1035
2026.09.06 02:30:00,02:30:00,727,com.huami.watch.hmwatchmanager
2026.09.06 02:31:46,02:31:46,93,com.android.healthconnect.phone.jd7cdc53389aa3a9ebd124ea7a13f1035
2026.09.06 02:32:47,02:32:47,95,com.android.healthconnect.phone.jd7cdc53389aa3a9ebd124ea7a13f1035
2026.09.06 02:33:47,02:33:47,102,com.android.healthconnect.phone.jd7cdc53389aa3a9ebd124ea7a13f1035
2026.09.06 02:34:53,02:34:53,177,com.android.healthconnect.phone.jd7cdc53389aa3a9ebd124ea7a13f1035
2026.09.06 02:36:35,02:36:35,67,com.android.healthconnect.phone.jd7cdc53389aa3a9ebd124ea7a13f1035
2026.09.06 02:37:28,02:37:28,7,com.android.healthconnect.phone.jd7cdc53389aa3a9ebd124ea7a13f1035
2026.09.06 02:38:10,02:38:10,18,com.android.healthconnect.phone.jd7cdc53389aa3a9ebd124ea7a13f1035
2026.09.06 02:40:00,02:40:00,51,com.huami.watch.hmwatchmanager
2026.09.06 02:42:51,02:42:51,7,com.android.healthconnect.phone.jd7cdc53389aa3a9ebd124ea7a13f1035
2026.09.06 02:43:05,02:43:05,36,com.android.healthconnect.phone.jd7cdc53389aa3a9ebd124ea7a13f1035
2026.09.06 02:47:29,02:47:29,6,com.android.healthconnect.phone.jd7cdc53389aa3a9ebd124ea7a13f1035
2026.09.06 02:47:41,02:47:41,21,com.android.healthconnect.phone.jd7cdc53389aa3a9ebd124ea7a13f1035
2026.09.06 12:43:26,12:43:26,7,com.android.healthconnect.phone.jd7cdc53389aa3a9ebd124ea7a13f1035
2026.09.06 12:43:40,12:43:40,13,com.android.healthconnect.phone.jd7cdc53389aa3a9ebd124ea7a13f1035
2026.09.06 12:53:12,12:53:12,7,com.android.healthconnect.phone.jd7cdc53389aa3a9ebd124ea7a13f1035
2026.09.06 12:53:26,12:53:26,14,com.android.healthconnect.phone.jd7cdc53389aa3a9ebd124ea7a13f1035
2026.09.06 13:04:28,13:04:28,6,com.android.healthconnect.phone.jd7cdc53389aa3a9ebd124ea7a13f1035
2026.09.06 15:13:23,15:13:23,16,com.android.healthconnect.phone.jd7cdc53389aa3a9ebd124ea7a13f1035
2026.09.06 15:13:55,15:13:55,13,com.android.healthconnect.phone.jd7cdc53389aa3a9ebd124ea7a13f1035
2026.09.06 15:27:47,15:27:47,7,com.android.healthconnect.phone.jd7cdc53389aa3a9ebd124ea7a13f1035
2026.09.06 15:28:01,15:28:01,21,com.android.healthconnect.phone.jd7cdc53389aa3a9ebd124ea7a13f1035
2026.09.06 15:37:48,15:37:48,7,com.android.healthconnect.phone.jd7cdc53389aa3a9ebd124ea7a13f1035
2026.09.06 15:38:02,15:38:02,10,com.android.healthconnect.phone.jd7cdc53389aa3a9ebd124ea7a13f1035
2026.09.06 15:55:19,15:55:19,7,com.android.healthconnect.phone.jd7cdc53389aa3a9ebd124ea7a13f1035
2026.09.06 15:55:33,15:55:33,3,com.android.healthconnect.phone.jd7cdc53389aa3a9ebd124ea7a13f1035
2026.09.06 16:04:22,16:04:22,6,com.android.healthconnect.phone.jd7cdc53389aa3a9ebd124ea7a13f1035
2026.09.06 16:04:34,16:04:34,5,com.android.healthconnect.phone.jd7cdc53389aa3a9ebd124ea7a13f1035
2026.09.06 16:16:28,16:16:28,7,com.android.healthconnect.phone.jd7cdc53389aa3a9ebd124ea7a13f1035
2026.09.06 16:16:42,16:16:42,2,com.android.healthconnect.phone.jd7cdc53389aa3a9ebd124ea7a13f1035
2026.09.06 16:30:34,16:30:34,8,com.android.healthconnect.phone.jd7cdc53389aa3a9ebd124ea7a13f1035
2026.09.06 16:30:50,16:30:50,6,com.android.healthconnect.phone.jd7cdc53389aa3a9ebd124ea7a13f1035
2026.09.06 17:52:29,17:52:29,6,com.android.healthconnect.phone.jd7cdc53389aa3a9ebd124ea7a13f1035
2026.09.06 17:52:41,17:52:41,42,com.android.healthconnect.phone.jd7cdc53389aa3a9ebd124ea7a13f1035
2026.09.06 22:20:34,22:20:34,6,com.android.healthconnect.phone.jd7cdc53389aa3a9ebd124ea7a13f1035
2026.09.06 22:20:46,22:20:46,24,com.android.healthconnect.phone.jd7cdc53389aa3a9ebd124ea7a13f1035
2026.09.06 22:28:22,22:28:22,6,com.android.healthconnect.phone.jd7cdc53389aa3a9ebd124ea7a13f1035
2026.09.06 22:28:34,22:28:34,16,com.android.healthconnect.phone.jd7cdc53389aa3a9ebd124ea7a13f1035
2026.09.06 23:58:41,23:58:41,6,com.android.healthconnect.phone.jd7cdc53389aa3a9ebd124ea7a13f1035
2026.09.06 23:58:53,23:58:53,14,com.android.healthconnect.phone.jd7cdc53389aa3a9ebd124ea7a13f1035
2026.09.06 23:59:12,23:59:12,7,com.android.healthconnect.phone.jd7cdc53389aa3a9ebd124ea7a13f1035
2026.09.07 00:09:26,00:09:26,6,com.android.healthconnect.phone.jd7cdc53389aa3a9ebd124ea7a13f1035
2026.09.07 00:09:38,00:09:38,6,com.android.healthconnect.phone.jd7cdc53389aa3a9ebd124ea7a13f1035
2026.09.07 01:00:00,01:00:00,11,com.huami.watch.hmwatchmanager
2026.09.07 09:50:00,09:50:00,49,com.huami.watch.hmwatchmanager
2026.09.07 09:55:15,09:55:15,8,com.android.healthconnect.phone.jd7cdc53389aa3a9ebd124ea7a13f1035
2026.09.07 09:55:31,09:55:31,2,com.android.healthconnect.phone.jd7cdc53389aa3a9ebd124ea7a13f1035
2026.09.07 09:58:46,09:58:46,8,com.android.healthconnect.phone.jd7cdc53389aa3a9ebd124ea7a13f1035
2026.09.07 09:59:02,09:59:02,10,com.android.healthconnect.phone.jd7cdc53389aa3a9ebd124ea7a13f1035
2026.09.07 10:30:00,10:30:00,13,com.huami.watch.hmwatchmanager
2026.09.07 10:35:18,10:35:18,8,com.android.healthconnect.phone.jd7cdc53389aa3a9ebd124ea7a13f1035
2026.09.07 10:35:34,10:35:34,15,com.android.healthconnect.phone.jd7cdc53389aa3a9ebd124ea7a13f1035
2026.09.07 10:40:00,10:40:00,35,com.huami.watch.hmwatchmanager
2026.09.07 10:43:01,10:43:01,7,com.android.healthconnect.phone.jd7cdc53389aa3a9ebd124ea7a13f1035
2026.09.07 10:43:15,10:43:15,7,com.android.healthconnect.phone.jd7cdc53389aa3a9ebd124ea7a13f1035
2026.09.07 10:50:00,10:50:00,37,com.huami.watch.hmwatchmanager
2026.09.07 11:00:00,11:00:00,30,com.huami.watch.hmwatchmanager
2026.09.07 11:50:00,11:50:00,50,com.huami.watch.hmwatchmanager
2026.09.07 14:26:48,14:26:48,2,com.fitbit.FitbitMobile
2026.09.07 14:27:48,14:27:48,19,com.fitbit.FitbitMobile
2026.09.07 14:28:17,14:28:17,7,com.android.healthconnect.phone.jd7cdc53389aa3a9ebd124ea7a13f1035
2026.09.07 14:28:31,14:28:31,14,com.android.healthconnect.phone.jd7cdc53389aa3a9ebd124ea7a13f1035
2026.09.07 14:47:48,14:47:48,8,com.fitbit.FitbitMobile
2026.09.07 14:48:35,14:48:35,8,com.android.healthconnect.phone.jd7cdc53389aa3a9ebd124ea7a13f1035
2026.09.07 21:20:00,21:20:00,7,com.fitbit.FitbitMobile
2026.09.07 21:20:53,21:20:53,8,com.android.healthconnect.phone.jd7cdc53389aa3a9ebd124ea7a13f1035
2026.09.07 21:21:00,21:21:00,50,com.fitbit.FitbitMobile
2026.09.07 21:21:09,21:21:09,49,com.android.healthconnect.phone.jd7cdc53389aa3a9ebd124ea7a13f1035
2026.09.07 21:35:00,21:35:00,7,com.fitbit.FitbitMobile
2026.09.07 21:35:54,21:35:54,7,com.android.healthconnect.phone.jd7cdc53389aa3a9ebd124ea7a13f1035
2026.09.07 21:36:00,21:36:00,13,com.fitbit.FitbitMobile
2026.09.07 21:36:08,21:36:08,14,com.android.healthconnect.phone.jd7cdc53389aa3a9ebd124ea7a13f1035
2026.09.07 21:37:00,21:37:00,1,com.fitbit.FitbitMobile
2026.09.07 21:50:00,21:50:00,7,com.fitbit.FitbitMobile
2026.09.07 21:50:56,21:50:56,7,com.android.healthconnect.phone.jd7cdc53389aa3a9ebd124ea7a13f1035
2026.09.07 21:51:00,21:51:00,22,com.fitbit.FitbitMobile
2026.09.07 21:51:10,21:51:10,22,com.android.healthconnect.phone.jd7cdc53389aa3a9ebd124ea7a13f1035
2026.09.07 23:40:00,23:40:00,3,com.fitbit.FitbitMobile
2026.09.07 23:41:00,23:41:00,3,com.fitbit.FitbitMobile
2026.09.07 23:41:17,23:41:17,6,com.android.healthconnect.phone.jd7cdc53389aa3a9ebd124ea7a13f1035
2026.09.07 23:46:00,23:46:00,4,com.fitbit.FitbitMobile
2026.09.07 23:47:00,23:47:00,4,com.fitbit.FitbitMobile
2026.09.07 23:47:16,23:47:16,8,com.android.healthconnect.phone.jd7cdc53389aa3a9ebd124ea7a13f1035
2026.09.07 23:50:00,23:50:00,47,com.huami.watch.hmwatchmanager
2026.09.08 00:10:00,00:10:00,15,com.huami.watch.hmwatchmanager
2026.09.08 00:11:00,00:11:00,7,com.fitbit.FitbitMobile
2026.09.08 00:11:49,00:11:49,8,com.android.healthconnect.phone.jd7cdc53389aa3a9ebd124ea7a13f1035
2026.09.08 00:12:00,00:12:00,15,com.fitbit.FitbitMobile
2026.09.08 00:12:05,00:12:05,14,com.android.healthconnect.phone.jd7cdc53389aa3a9ebd124ea7a13f1035
2026.09.08 00:14:00,00:14:00,3,com.fitbit.FitbitMobile
2026.09.08 00:15:00,00:15:00,3,com.fitbit.FitbitMobile
2026.09.08 00:15:22,00:15:22,6,com.android.healthconnect.phone.jd7cdc53389aa3a9ebd124ea7a13f1035
2026.09.08 00:56:00,00:56:00,7,com.fitbit.FitbitMobile
2026.09.08 00:56:50,00:56:50,6,com.android.healthconnect.phone.jd7cdc53389aa3a9ebd124ea7a13f1035
2026.09.08 00:57:02,00:57:02,1,com.android.healthconnect.phone.jd7cdc53389aa3a9ebd124ea7a13f1035
2026.09.08 01:30:00,01:30:00,12,com.huami.watch.hmwatchmanager
2026.09.08 07:50:00,07:50:00,10,com.huami.watch.hmwatchmanager
2026.09.08 09:20:00,09:20:00,8,com.huami.watch.hmwatchmanager
2026.09.08 09:24:00,09:24:00,3,com.fitbit.FitbitMobile
2026.09.08 09:25:00,09:25:00,7,com.fitbit.FitbitMobile
2026.09.08 09:25:23,09:25:23,8,com.android.healthconnect.phone.jd7cdc53389aa3a9ebd124ea7a13f1035
2026.09.08 09:25:39,09:25:39,2,com.android.healthconnect.phone.jd7cdc53389aa3a9ebd124ea7a13f1035
2026.09.08 09:30:00,09:30:00,112,com.huami.watch.hmwatchmanager
2026.09.08 09:40:00,09:40:00,609,com.huami.watch.hmwatchmanager
2026.09.08 09:40:00,09:40:00,3,com.fitbit.FitbitMobile
2026.09.08 09:41:00,09:41:00,9,com.fitbit.FitbitMobile
2026.09.08 09:41:23,09:41:23,7,com.android.healthconnect.phone.jd7cdc53389aa3a9ebd124ea7a13f1035
2026.09.08 09:41:37,09:41:37,41,com.android.healthconnect.phone.jd7cdc53389aa3a9ebd124ea7a13f1035
2026.09.08 09:43:00,09:43:00,1,com.fitbit.FitbitMobile
2026.09.08 09:44:00,09:44:00,21,com.fitbit.FitbitMobile
2026.09.08 09:45:00,09:45:00,99,com.fitbit.FitbitMobile
2026.09.08 09:45:10,09:45:10,105,com.android.healthconnect.phone.jd7cdc53389aa3a9ebd124ea7a13f1035
2026.09.08 09:46:00,09:46:00,110,com.fitbit.FitbitMobile
2026.09.08 09:46:10,09:46:10,109,com.android.healthconnect.phone.jd7cdc53389aa3a9ebd124ea7a13f1035
2026.09.08 09:47:00,09:47:00,107,com.fitbit.FitbitMobile
2026.09.08 09:47:10,09:47:10,107,com.android.healthconnect.phone.jd7cdc53389aa3a9ebd124ea7a13f1035
2026.09.08 09:48:00,09:48:00,108,com.fitbit.FitbitMobile
2026.09.08 09:48:10,09:48:10,107,com.android.healthconnect.phone.jd7cdc53389aa3a9ebd124ea7a13f1035
2026.09.08 09:49:00,09:49:00,107,com.fitbit.FitbitMobile
2026.09.08 09:49:10,09:49:10,108,com.android.healthconnect.phone.jd7cdc53389aa3a9ebd124ea7a13f1035
2026.09.08 09:50:00,09:50:00,946,com.huami.watch.hmwatchmanager
2026.09.08 09:50:00,09:50:00,111,com.fitbit.FitbitMobile
2026.09.08 09:50:10,09:50:10,111,com.android.healthconnect.phone.jd7cdc53389aa3a9ebd124ea7a13f1035
2026.09.08 09:51:00,09:51:00,113,com.fitbit.FitbitMobile
2026.09.08 09:51:10,09:51:10,113,com.android.healthconnect.phone.jd7cdc53389aa3a9ebd124ea7a13f1035
2026.09.08 09:52:00,09:52:00,114,com.fitbit.FitbitMobile
2026.09.08 09:52:10,09:52:10,116,com.android.healthconnect.phone.jd7cdc53389aa3a9ebd124ea7a13f1035
2026.09.08 09:53:00,09:53:00,115,com.fitbit.FitbitMobile
2026.09.08 09:53:10,09:53:10,114,com.android.healthconnect.phone.jd7cdc53389aa3a9ebd124ea7a13f1035
2026.09.08 09:54:00,09:54:00,116,com.fitbit.FitbitMobile
2026.09.08 09:54:10,09:54:10,116,com.android.healthconnect.phone.jd7cdc53389aa3a9ebd124ea7a13f1035
2026.09.08 09:55:00,09:55:00,112,com.fitbit.FitbitMobile
2026.09.08 09:55:10,09:55:10,111,com.android.healthconnect.phone.jd7cdc53389aa3a9ebd124ea7a13f1035
2026.09.08 09:56:00,09:56:00,108,com.fitbit.FitbitMobile
2026.09.08 09:56:10,09:56:10,108,com.android.healthconnect.phone.jd7cdc53389aa3a9ebd124ea7a13f1035
2026.09.08 09:57:00,09:57:00,67,com.fitbit.FitbitMobile
2026.09.08 09:57:10,09:57:10,44,com.android.healthconnect.phone.jd7cdc53389aa3a9ebd124ea7a13f1035
2026.09.08 09:57:34,09:57:34,35,com.android.healthconnect.phone.jd7cdc53389aa3a9ebd124ea7a13f1035
2026.09.08 09:58:00,09:58:00,30,com.fitbit.FitbitMobile
2026.09.08 09:59:00,09:59:00,1,com.fitbit.FitbitMobile
2026.09.08 10:00:00,10:00:00,57,com.huami.watch.hmwatchmanager
2026.09.08 10:01:00,10:01:00,11,com.fitbit.FitbitMobile
2026.09.08 10:01:43,10:01:43,7,com.android.healthconnect.phone.jd7cdc53389aa3a9ebd124ea7a13f1035
2026.09.08 10:01:57,10:01:57,28,com.android.healthconnect.phone.jd7cdc53389aa3a9ebd124ea7a13f1035
2026.09.08 10:02:00,10:02:00,24,com.fitbit.FitbitMobile
2026.09.08 10:10:00,10:10:00,45,com.huami.watch.hmwatchmanager
2026.09.08 10:11:00,10:11:00,4,com.fitbit.FitbitMobile
2026.09.08 10:12:00,10:12:00,18,com.fitbit.FitbitMobile
2026.09.08 10:12:11,10:12:11,7,com.android.healthconnect.phone.jd7cdc53389aa3a9ebd124ea7a13f1035
2026.09.08 10:12:25,10:12:25,15,com.android.healthconnect.phone.jd7cdc53389aa3a9ebd124ea7a13f1035
2026.09.08 10:20:00,10:20:00,7,com.huami.watch.hmwatchmanager
2026.09.08 10:28:00,10:28:00,2,com.fitbit.FitbitMobile
2026.09.08 10:29:00,10:29:00,13,com.fitbit.FitbitMobile
2026.09.08 10:29:33,10:29:33,7,com.android.healthconnect.phone.jd7cdc53389aa3a9ebd124ea7a13f1035
2026.09.08 10:29:47,10:29:47,25,com.android.healthconnect.phone.jd7cdc53389aa3a9ebd124ea7a13f1035
2026.09.08 10:30:00,10:30:00,13,com.huami.watch.hmwatchmanager
2026.09.08 10:30:00,10:30:00,14,com.fitbit.FitbitMobile
2026.09.08 10:31:00,10:31:00,31,com.fitbit.FitbitMobile
2026.09.08 10:31:18,10:31:18,28,com.android.healthconnect.phone.jd7cdc53389aa3a9ebd124ea7a13f1035
2026.09.08 10:40:00,10:40:00,8,com.huami.watch.hmwatchmanager
2026.09.08 10:40:00,10:40:00,1,com.fitbit.FitbitMobile
2026.09.08 10:41:00,10:41:00,12,com.fitbit.FitbitMobile
2026.09.08 10:41:41,10:41:41,7,com.android.healthconnect.phone.jd7cdc53389aa3a9ebd124ea7a13f1035
2026.09.08 10:41:55,10:41:55,7,com.android.healthconnect.phone.jd7cdc53389aa3a9ebd124ea7a13f1035
2026.09.08 10:42:00,10:42:00,2,com.fitbit.FitbitMobile
2026.09.08 10:42:01,10:42:01,8,com.android.healthconnect.phone.jd7cdc53389aa3a9ebd124ea7a13f1035
2026.09.08 10:43:00,10:43:00,7,com.fitbit.FitbitMobile
2026.09.08 10:43:54,10:43:54,17,com.android.healthconnect.phone.jd7cdc53389aa3a9ebd124ea7a13f1035
2026.09.08 10:44:00,10:44:00,3,com.fitbit.FitbitMobile
2026.09.08 10:45:00,10:45:00,14,com.fitbit.FitbitMobile
2026.09.08 10:46:00,10:46:00,4,com.fitbit.FitbitMobile
2026.09.08 10:47:00,10:47:00,15,com.fitbit.FitbitMobile
2026.09.08 10:47:10,10:47:10,7,com.android.healthconnect.phone.jd7cdc53389aa3a9ebd124ea7a13f1035
2026.09.08 10:47:24,10:47:24,26,com.android.healthconnect.phone.jd7cdc53389aa3a9ebd124ea7a13f1035
2026.09.08 10:48:00,10:48:00,21,com.fitbit.FitbitMobile
2026.09.08 10:48:20,10:48:20,7,com.android.healthconnect.phone.jd7cdc53389aa3a9ebd124ea7a13f1035
2026.09.08 10:48:40,10:48:40,12,com.android.healthconnect.phone.jd7cdc53389aa3a9ebd124ea7a13f1035
2026.09.08 10:49:00,10:49:00,6,com.fitbit.FitbitMobile
2026.09.08 10:50:00,10:50:00,15,com.huami.watch.hmwatchmanager
2026.09.08 10:50:00,10:50:00,36,com.fitbit.FitbitMobile
2026.09.08 10:50:22,10:50:22,37,com.android.healthconnect.phone.jd7cdc53389aa3a9ebd124ea7a13f1035
2026.09.08 10:51:00,10:51:00,7,com.fitbit.FitbitMobile
2026.09.08 11:00:00,11:00:00,39,com.huami.watch.hmwatchmanager
2026.09.08 11:00:00,11:00:00,3,com.fitbit.FitbitMobile
2026.09.08 11:01:00,11:01:00,5,com.fitbit.FitbitMobile
2026.09.08 11:01:22,11:01:22,7,com.android.healthconnect.phone.jd7cdc53389aa3a9ebd124ea7a13f1035
2026.09.08 11:01:36,11:01:36,1,com.android.healthconnect.phone.jd7cdc53389aa3a9ebd124ea7a13f1035
2026.09.08 11:03:00,11:03:00,4,com.fitbit.FitbitMobile
2026.09.08 11:04:00,11:04:00,10,com.fitbit.FitbitMobile
2026.09.08 11:04:15,11:04:15,7,com.android.healthconnect.phone.jd7cdc53389aa3a9ebd124ea7a13f1035
2026.09.08 11:04:29,11:04:29,7,com.android.healthconnect.phone.jd7cdc53389aa3a9ebd124ea7a13f1035
2026.09.08 11:09:00,11:09:00,1,com.fitbit.FitbitMobile
2026.09.08 11:10:00,11:10:00,15,com.huami.watch.hmwatchmanager
2026.09.08 11:10:00,11:10:00,14,com.fitbit.FitbitMobile
2026.09.08 11:10:37,11:10:37,6,com.android.healthconnect.phone.jd7cdc53389aa3a9ebd124ea7a13f1035
2026.09.08 11:10:49,11:10:49,9,com.android.healthconnect.phone.jd7cdc53389aa3a9ebd124ea7a13f1035
2026.09.08 11:20:00,11:20:00,53,com.huami.watch.hmwatchmanager
2026.09.08 11:28:00,11:28:00,4,com.fitbit.FitbitMobile
2026.09.08 11:29:00,11:29:00,17,com.fitbit.FitbitMobile
2026.09.08 11:29:12,11:29:12,15,com.android.healthconnect.phone.jd7cdc53389aa3a9ebd124ea7a13f1035
2026.09.08 11:29:42,11:29:42,19,com.android.healthconnect.phone.jd7cdc53389aa3a9ebd124ea7a13f1035
2026.09.08 11:30:00,11:30:00,19,com.huami.watch.hmwatchmanager
2026.09.08 11:30:00,11:30:00,33,com.fitbit.FitbitMobile
2026.09.08 11:30:39,11:30:39,20,com.android.healthconnect.phone.jd7cdc53389aa3a9ebd124ea7a13f1035
2026.09.08 11:30:54,11:30:54,15,com.android.healthconnect.phone.jd7cdc53389aa3a9ebd124ea7a13f1035
2026.09.08 11:31:00,11:31:00,3,com.fitbit.FitbitMobile
2026.09.08 11:32:00,11:32:00,34,com.fitbit.FitbitMobile
2026.09.08 11:32:42,11:32:42,66,com.android.healthconnect.phone.jd7cdc53389aa3a9ebd124ea7a13f1035
2026.09.08 11:33:00,11:33:00,51,com.fitbit.FitbitMobile
2026.09.08 11:33:40,11:33:40,70,com.android.healthconnect.phone.jd7cdc53389aa3a9ebd124ea7a13f1035
2026.09.08 11:34:00,11:34:00,95,com.fitbit.FitbitMobile
2026.09.08 11:34:42,11:34:42,106,com.android.healthconnect.phone.jd7cdc53389aa3a9ebd124ea7a13f1035
2026.09.08 11:35:00,11:35:00,106,com.fitbit.FitbitMobile
2026.09.08 11:35:42,11:35:42,127,com.android.healthconnect.phone.jd7cdc53389aa3a9ebd124ea7a13f1035
2026.09.08 11:36:00,11:36:00,98,com.fitbit.FitbitMobile
2026.09.08 11:36:58,11:36:58,91,com.android.healthconnect.phone.jd7cdc53389aa3a9ebd124ea7a13f1035
2026.09.08 11:37:00,11:37:00,90,com.fitbit.FitbitMobile
2026.09.08 11:37:58,11:37:58,89,com.android.healthconnect.phone.jd7cdc53389aa3a9ebd124ea7a13f1035
2026.09.08 11:38:00,11:38:00,91,com.fitbit.FitbitMobile
2026.09.08 11:38:57,11:38:57,103,com.android.healthconnect.phone.jd7cdc53389aa3a9ebd124ea7a13f1035
2026.09.08 11:39:00,11:39:00,103,com.fitbit.FitbitMobile
2026.09.08 11:39:58,11:39:58,104,com.android.healthconnect.phone.jd7cdc53389aa3a9ebd124ea7a13f1035
2026.09.08 11:40:00,11:40:00,1035,com.huami.watch.hmwatchmanager
2026.09.08 11:40:00,11:40:00,103,com.fitbit.FitbitMobile
2026.09.08 11:40:58,11:40:58,144,com.android.healthconnect.phone.jd7cdc53389aa3a9ebd124ea7a13f1035
2026.09.08 11:41:00,11:41:00,99,com.fitbit.FitbitMobile
2026.09.08 11:42:00,11:42:00,105,com.fitbit.FitbitMobile
2026.09.08 11:42:24,11:42:24,104,com.android.healthconnect.phone.jd7cdc53389aa3a9ebd124ea7a13f1035
2026.09.08 11:43:00,11:43:00,107,com.fitbit.FitbitMobile
2026.09.08 11:43:23,11:43:23,109,com.android.healthconnect.phone.jd7cdc53389aa3a9ebd124ea7a13f1035
2026.09.08 11:44:00,11:44:00,108,com.fitbit.FitbitMobile
2026.09.08 11:44:24,11:44:24,106,com.android.healthconnect.phone.jd7cdc53389aa3a9ebd124ea7a13f1035
2026.09.08 11:45:00,11:45:00,101,com.fitbit.FitbitMobile
2026.09.08 11:45:24,11:45:24,102,com.android.healthconnect.phone.jd7cdc53389aa3a9ebd124ea7a13f1035
2026.09.08 11:46:00,11:46:00,99,com.fitbit.FitbitMobile
2026.09.08 11:46:25,11:46:25,102,com.android.healthconnect.phone.jd7cdc53389aa3a9ebd124ea7a13f1035
2026.09.08 11:47:00,11:47:00,104,com.fitbit.FitbitMobile
2026.09.08 11:47:27,11:47:27,112,com.android.healthconnect.phone.jd7cdc53389aa3a9ebd124ea7a13f1035
2026.09.08 11:48:00,11:48:00,110,com.fitbit.FitbitMobile
2026.09.08 11:48:29,11:48:29,102,com.android.healthconnect.phone.jd7cdc53389aa3a9ebd124ea7a13f1035
2026.09.08 11:49:00,11:49:00,90,com.fitbit.FitbitMobile
2026.09.08 11:49:29,11:49:29,69,com.android.healthconnect.phone.jd7cdc53389aa3a9ebd124ea7a13f1035
2026.09.08 11:50:00,11:50:00,75,com.huami.watch.hmwatchmanager
2026.09.08 11:50:00,11:50:00,36,com.fitbit.FitbitMobile
2026.09.08 11:50:29,11:50:29,12,com.android.healthconnect.phone.jd7cdc53389aa3a9ebd124ea7a13f1035
2026.09.08 12:00:00,12:00:00,167,com.huami.watch.hmwatchmanager
2026.09.08 12:03:00,12:03:00,2,com.fitbit.FitbitMobile
2026.09.08 12:04:00,12:04:00,21,com.fitbit.FitbitMobile
2026.09.08 12:04:29,12:04:29,7,com.android.healthconnect.phone.jd7cdc53389aa3a9ebd124ea7a13f1035
2026.09.08 12:04:43,12:04:43,50,com.android.healthconnect.phone.jd7cdc53389aa3a9ebd124ea7a13f1035
2026.09.08 12:05:00,12:05:00,34,com.fitbit.FitbitMobile
2026.09.08 12:06:00,12:06:00,7,com.fitbit.FitbitMobile
2026.09.08 12:06:47,12:06:47,7,com.android.healthconnect.phone.jd7cdc53389aa3a9ebd124ea7a13f1035
2026.09.08 12:07:00,12:07:00,15,com.fitbit.FitbitMobile
2026.09.08 12:07:01,12:07:01,15,com.android.healthconnect.phone.jd7cdc53389aa3a9ebd124ea7a13f1035
2026.09.08 12:10:00,12:10:00,34,com.huami.watch.hmwatchmanager
2026.09.08 12:12:00,12:12:00,5,com.fitbit.FitbitMobile
2026.09.08 12:13:00,12:13:00,14,com.fitbit.FitbitMobile
2026.09.08 12:13:08,12:13:08,8,com.android.healthconnect.phone.jd7cdc53389aa3a9ebd124ea7a13f1035
2026.09.08 12:13:24,12:13:24,11,com.android.healthconnect.phone.jd7cdc53389aa3a9ebd124ea7a13f1035
2026.09.08 14:54:00,14:54:00,1,com.fitbit.FitbitMobile
2026.09.08 14:55:00,14:55:00,14,com.fitbit.FitbitMobile
2026.09.08 14:55:41,14:55:41,7,com.android.healthconnect.phone.jd7cdc53389aa3a9ebd124ea7a13f1035
2026.09.08 14:55:55,14:55:55,8,com.android.healthconnect.phone.jd7cdc53389aa3a9ebd124ea7a13f1035
2026.09.08 15:07:00,15:07:00,1,com.fitbit.FitbitMobile
2026.09.08 15:08:00,15:08:00,14,com.fitbit.FitbitMobile
2026.09.08 15:08:33,15:08:33,9,com.android.healthconnect.phone.jd7cdc53389aa3a9ebd124ea7a13f1035
2026.09.08 15:08:51,15:08:51,6,com.android.healthconnect.phone.jd7cdc53389aa3a9ebd124ea7a13f1035
2026.09.08 16:26:00,16:26:00,8,com.fitbit.FitbitMobile
2026.09.08 16:26:47,16:26:47,8,com.android.healthconnect.phone.jd7cdc53389aa3a9ebd124ea7a13f1035
2026.09.08 16:27:00,16:27:00,1,com.fitbit.FitbitMobile
2026.09.08 16:27:03,16:27:03,1,com.android.healthconnect.phone.jd7cdc53389aa3a9ebd124ea7a13f1035
2026.09.08 21:30:00,21:30:00,4,com.fitbit.FitbitMobile
2026.09.08 21:31:00,21:31:00,49,com.fitbit.FitbitMobile
2026.09.08 21:31:10,21:31:10,7,com.android.healthconnect.phone.jd7cdc53389aa3a9ebd124ea7a13f1035
2026.09.08 21:31:24,21:31:24,46,com.android.healthconnect.phone.jd7cdc53389aa3a9ebd124ea7a13f1035
2026.09.08 21:45:00,21:45:00,1,com.fitbit.FitbitMobile
2026.09.08 21:46:00,21:46:00,12,com.fitbit.FitbitMobile
2026.09.08 21:46:37,21:46:37,8,com.android.healthconnect.phone.jd7cdc53389aa3a9ebd124ea7a13f1035
2026.09.08 21:46:53,21:46:53,5,com.android.healthconnect.phone.jd7cdc53389aa3a9ebd124ea7a13f1035
2026.09.08 23:52:00,23:52:00,7,com.fitbit.FitbitMobile
2026.09.08 23:52:49,23:52:49,8,com.android.healthconnect.phone.jd7cdc53389aa3a9ebd124ea7a13f1035
2026.09.08 23:53:00,23:53:00,4,com.fitbit.FitbitMobile
2026.09.08 23:54:00,23:54:00,19,com.fitbit.FitbitMobile
2026.09.08 23:54:26,23:54:26,6,com.android.healthconnect.phone.jd7cdc53389aa3a9ebd124ea7a13f1035
2026.09.08 23:54:38,23:54:38,16,com.android.healthconnect.phone.jd7cdc53389aa3a9ebd124ea7a13f1035
2026.09.09 00:20:00,00:20:00,7,com.huami.watch.hmwatchmanager
2026.09.09 08:30:00,08:30:00,31,com.huami.watch.hmwatchmanager
2026.09.09 08:30:00,08:30:00,3,com.fitbit.FitbitMobile
2026.09.09 08:31:00,08:31:00,10,com.fitbit.FitbitMobile
2026.09.09 08:31:25,08:31:25,7,com.android.healthconnect.phone.jd7cdc53389aa3a9ebd124ea7a13f1035
2026.09.09 08:31:39,08:31:39,6,com.android.healthconnect.phone.jd7cdc53389aa3a9ebd124ea7a13f1035
2026.09.09 08:40:00,08:40:00,52,com.huami.watch.hmwatchmanager
2026.09.09 08:45:00,08:45:00,4,com.fitbit.FitbitMobile
2026.09.09 08:46:00,08:46:00,7,com.fitbit.FitbitMobile
2026.09.09 08:46:17,08:46:17,8,com.android.healthconnect.phone.jd7cdc53389aa3a9ebd124ea7a13f1035
2026.09.09 08:46:33,08:46:33,3,com.android.healthconnect.phone.jd7cdc53389aa3a9ebd124ea7a13f1035
2026.09.09 08:46:37,08:46:37,67,com.android.healthconnect.phone.jd7cdc53389aa3a9ebd124ea7a13f1035
2026.09.09 08:50:00,08:50:00,808,com.huami.watch.hmwatchmanager
2026.09.09 08:52:00,08:52:00,7,com.fitbit.FitbitMobile
2026.09.09 08:53:00,08:53:00,98,com.fitbit.FitbitMobile
2026.09.09 08:53:39,08:53:39,112,com.android.healthconnect.phone.jd7cdc53389aa3a9ebd124ea7a13f1035
2026.09.09 08:54:00,08:54:00,112,com.fitbit.FitbitMobile
2026.09.09 08:54:39,08:54:39,110,com.android.healthconnect.phone.jd7cdc53389aa3a9ebd124ea7a13f1035
2026.09.09 08:55:00,08:55:00,109,com.fitbit.FitbitMobile
2026.09.09 08:55:39,08:55:39,110,com.android.healthconnect.phone.jd7cdc53389aa3a9ebd124ea7a13f1035
2026.09.09 08:56:00,08:56:00,109,com.fitbit.FitbitMobile
2026.09.09 08:56:39,08:56:39,102,com.android.healthconnect.phone.jd7cdc53389aa3a9ebd124ea7a13f1035
2026.09.09 08:57:00,08:57:00,102,com.fitbit.FitbitMobile
2026.09.09 08:57:39,08:57:39,108,com.android.healthconnect.phone.jd7cdc53389aa3a9ebd124ea7a13f1035
2026.09.09 08:58:00,08:58:00,109,com.fitbit.FitbitMobile
2026.09.09 08:58:39,08:58:39,110,com.android.healthconnect.phone.jd7cdc53389aa3a9ebd124ea7a13f1035
2026.09.09 08:59:00,08:59:00,114,com.fitbit.FitbitMobile
2026.09.09 08:59:39,08:59:39,121,com.android.healthconnect.phone.jd7cdc53389aa3a9ebd124ea7a13f1035
2026.09.09 09:00:00,09:00:00,653,com.huami.watch.hmwatchmanager
2026.09.09 09:00:00,09:00:00,119,com.fitbit.FitbitMobile
2026.09.09 09:00:39,09:00:39,113,com.android.healthconnect.phone.jd7cdc53389aa3a9ebd124ea7a13f1035
2026.09.09 09:01:00,09:01:00,116,com.fitbit.FitbitMobile
2026.09.09 09:01:39,09:01:39,118,com.android.healthconnect.phone.jd7cdc53389aa3a9ebd124ea7a13f1035
2026.09.09 09:02:00,09:02:00,114,com.fitbit.FitbitMobile
2026.09.09 09:02:39,09:02:39,112,com.android.healthconnect.phone.jd7cdc53389aa3a9ebd124ea7a13f1035
2026.09.09 09:03:00,09:03:00,112,com.fitbit.FitbitMobile
2026.09.09 09:03:39,09:03:39,112,com.android.healthconnect.phone.jd7cdc53389aa3a9ebd124ea7a13f1035
2026.09.09 09:04:00,09:04:00,109,com.fitbit.FitbitMobile
2026.09.09 09:04:39,09:04:39,41,com.android.healthconnect.phone.jd7cdc53389aa3a9ebd124ea7a13f1035
2026.09.09 09:05:00,09:05:00,12,com.fitbit.FitbitMobile
2026.09.09 09:05:03,09:05:03,32,com.android.healthconnect.phone.jd7cdc53389aa3a9ebd124ea7a13f1035
2026.09.09 09:06:00,09:06:00,26,com.fitbit.FitbitMobile
2026.09.09 09:08:00,09:08:00,1,com.fitbit.FitbitMobile
2026.09.09 09:09:00,09:09:00,16,com.fitbit.FitbitMobile
2026.09.09 09:09:38,09:09:38,7,com.android.healthconnect.phone.jd7cdc53389aa3a9ebd124ea7a13f1035
2026.09.09 09:09:52,09:09:52,11,com.android.healthconnect.phone.jd7cdc53389aa3a9ebd124ea7a13f1035
2026.09.09 09:10:00,09:10:00,4,com.fitbit.FitbitMobile
2026.09.09 09:10:01,09:10:01,23,com.android.healthconnect.phone.jd7cdc53389aa3a9ebd124ea7a13f1035
2026.09.09 09:11:00,09:11:00,27,com.fitbit.FitbitMobile
2026.09.09 09:11:52,09:11:52,7,com.android.healthconnect.phone.jd7cdc53389aa3a9ebd124ea7a13f1035
2026.09.09 09:28:00,09:28:00,1,com.fitbit.FitbitMobile
2026.09.09 09:29:00,09:29:00,15,com.fitbit.FitbitMobile
2026.09.09 09:29:26,09:29:26,15,com.android.healthconnect.phone.jd7cdc53389aa3a9ebd124ea7a13f1035
2026.09.09 09:29:56,09:29:56,1,com.android.healthconnect.phone.jd7cdc53389aa3a9ebd124ea7a13f1035
2026.09.09 09:30:00,09:30:00,7,com.huami.watch.hmwatchmanager
2026.09.09 09:40:00,09:40:00,7,com.huami.watch.hmwatchmanager
2026.09.09 09:50:00,09:50:00,7,com.huami.watch.hmwatchmanager
2026.09.09 09:54:00,09:54:00,16,com.fitbit.FitbitMobile
2026.09.09 09:54:29,09:54:29,15,com.android.healthconnect.phone.jd7cdc53389aa3a9ebd124ea7a13f1035
2026.09.09 09:54:59,09:54:59,3,com.android.healthconnect.phone.jd7cdc53389aa3a9ebd124ea7a13f1035
2026.09.09 09:55:00,09:55:00,2,com.fitbit.FitbitMobile
2026.09.09 09:56:00,09:56:00,5,com.fitbit.FitbitMobile
2026.09.09 09:57:00,09:57:00,12,com.fitbit.FitbitMobile
2026.09.09 09:57:09,09:57:09,7,com.android.healthconnect.phone.jd7cdc53389aa3a9ebd124ea7a13f1035
2026.09.09 09:57:23,09:57:23,10,com.android.healthconnect.phone.jd7cdc53389aa3a9ebd124ea7a13f1035
2026.09.09 10:00:00,10:00:00,80,com.huami.watch.hmwatchmanager
2026.09.09 10:07:00,10:07:00,9,com.fitbit.FitbitMobile
2026.09.09 10:07:56,10:07:56,15,com.android.healthconnect.phone.jd7cdc53389aa3a9ebd124ea7a13f1035
2026.09.09 10:08:00,10:08:00,37,com.fitbit.FitbitMobile
2026.09.09 10:08:26,10:08:26,39,com.android.healthconnect.phone.jd7cdc53389aa3a9ebd124ea7a13f1035
2026.09.09 10:09:00,10:09:00,21,com.fitbit.FitbitMobile
2026.09.09 10:09:26,10:09:26,13,com.android.healthconnect.phone.jd7cdc53389aa3a9ebd124ea7a13f1035
2026.09.09 10:10:00,10:10:00,31,com.huami.watch.hmwatchmanager
2026.09.09 10:17:00,10:17:00,7,com.fitbit.FitbitMobile
2026.09.09 10:18:00,10:18:00,17,com.fitbit.FitbitMobile
2026.09.09 10:18:05,10:18:05,15,com.android.healthconnect.phone.jd7cdc53389aa3a9ebd124ea7a13f1035
2026.09.09 10:18:35,10:18:35,9,com.android.healthconnect.phone.jd7cdc53389aa3a9ebd124ea7a13f1035
2026.09.09 10:20:00,10:20:00,80,com.huami.watch.hmwatchmanager
2026.09.09 10:25:00,10:25:00,4,com.fitbit.FitbitMobile
2026.09.09 10:26:00,10:26:00,25,com.fitbit.FitbitMobile
2026.09.09 10:26:10,10:26:10,8,com.android.healthconnect.phone.jd7cdc53389aa3a9ebd124ea7a13f1035
2026.09.09 10:26:26,10:26:26,64,com.android.healthconnect.phone.jd7cdc53389aa3a9ebd124ea7a13f1035
2026.09.09 10:27:00,10:27:00,60,com.fitbit.FitbitMobile
2026.09.09 10:27:54,10:27:54,167,com.android.healthconnect.phone.jd7cdc53389aa3a9ebd124ea7a13f1035
2026.09.09 10:28:00,10:28:00,162,com.fitbit.FitbitMobile
2026.09.09 10:28:55,10:28:55,167,com.android.healthconnect.phone.jd7cdc53389aa3a9ebd124ea7a13f1035
2026.09.09 10:29:00,10:29:00,165,com.fitbit.FitbitMobile
2026.09.09 10:29:55,10:29:55,154,com.android.healthconnect.phone.jd7cdc53389aa3a9ebd124ea7a13f1035
2026.09.09 10:30:00,10:30:00,1782,com.huami.watch.hmwatchmanager
2026.09.09 10:30:00,10:30:00,157,com.fitbit.FitbitMobile
2026.09.09 10:30:55,10:30:55,153,com.android.healthconnect.phone.jd7cdc53389aa3a9ebd124ea7a13f1035
2026.09.09 10:31:00,10:31:00,151,com.fitbit.FitbitMobile
2026.09.09 10:31:55,10:31:55,154,com.android.healthconnect.phone.jd7cdc53389aa3a9ebd124ea7a13f1035
2026.09.09 10:32:00,10:32:00,153,com.fitbit.FitbitMobile
2026.09.09 10:32:55,10:32:55,145,com.android.healthconnect.phone.jd7cdc53389aa3a9ebd124ea7a13f1035
2026.09.09 10:33:00,10:33:00,147,com.fitbit.FitbitMobile
2026.09.09 10:33:55,10:33:55,139,com.android.healthconnect.phone.jd7cdc53389aa3a9ebd124ea7a13f1035
2026.09.09 10:34:00,10:34:00,131,com.fitbit.FitbitMobile
2026.09.09 10:34:55,10:34:55,110,com.android.healthconnect.phone.jd7cdc53389aa3a9ebd124ea7a13f1035
2026.09.09 10:35:00,10:35:00,115,com.fitbit.FitbitMobile
2026.09.09 10:35:55,10:35:55,130,com.android.healthconnect.phone.jd7cdc53389aa3a9ebd124ea7a13f1035
2026.09.09 10:36:00,10:36:00,129,com.fitbit.FitbitMobile
2026.09.09 10:36:55,10:36:55,103,com.android.healthconnect.phone.jd7cdc53389aa3a9ebd124ea7a13f1035
2026.09.09 10:37:00,10:37:00,102,com.fitbit.FitbitMobile
2026.09.09 10:37:55,10:37:55,135,com.android.healthconnect.phone.jd7cdc53389aa3a9ebd124ea7a13f1035
2026.09.09 10:38:00,10:38:00,139,com.fitbit.FitbitMobile
2026.09.09 10:38:55,10:38:55,134,com.android.healthconnect.phone.jd7cdc53389aa3a9ebd124ea7a13f1035
2026.09.09 10:39:00,10:39:00,133,com.fitbit.FitbitMobile
2026.09.09 10:39:55,10:39:55,131,com.android.healthconnect.phone.jd7cdc53389aa3a9ebd124ea7a13f1035
2026.09.09 10:40:00,10:40:00,912,com.huami.watch.hmwatchmanager
2026.09.09 10:40:00,10:40:00,133,com.fitbit.FitbitMobile
2026.09.09 10:40:55,10:40:55,128,com.android.healthconnect.phone.jd7cdc53389aa3a9ebd124ea7a13f1035
2026.09.09 10:41:00,10:41:00,123,com.fitbit.FitbitMobile
2026.09.09 10:41:55,10:41:55,125,com.android.healthconnect.phone.jd7cdc53389aa3a9ebd124ea7a13f1035
2026.09.09 10:42:00,10:42:00,127,com.fitbit.FitbitMobile
2026.09.09 10:42:55,10:42:55,125,com.android.healthconnect.phone.jd7cdc53389aa3a9ebd124ea7a13f1035
2026.09.09 10:43:00,10:43:00,125,com.fitbit.FitbitMobile
2026.09.09 10:43:55,10:43:55,140,com.android.healthconnect.phone.jd7cdc53389aa3a9ebd124ea7a13f1035
2026.09.09 10:44:00,10:44:00,139,com.fitbit.FitbitMobile
2026.09.09 10:44:55,10:44:55,59,com.android.healthconnect.phone.jd7cdc53389aa3a9ebd124ea7a13f1035
2026.09.09 10:45:00,10:45:00,59,com.fitbit.FitbitMobile
2026.09.09 10:45:55,10:45:55,107,com.android.healthconnect.phone.jd7cdc53389aa3a9ebd124ea7a13f1035
2026.09.09 10:46:00,10:46:00,107,com.fitbit.FitbitMobile
2026.09.09 10:46:55,10:46:55,103,com.android.healthconnect.phone.jd7cdc53389aa3a9ebd124ea7a13f1035
2026.09.09 10:47:00,10:47:00,102,com.fitbit.FitbitMobile
2026.09.09 10:47:55,10:47:55,98,com.android.healthconnect.phone.jd7cdc53389aa3a9ebd124ea7a13f1035
2026.09.09 10:48:00,10:48:00,98,com.fitbit.FitbitMobile
2026.09.09 10:48:55,10:48:55,100,com.android.healthconnect.phone.jd7cdc53389aa3a9ebd124ea7a13f1035
2026.09.09 10:49:00,10:49:00,101,com.fitbit.FitbitMobile
2026.09.09 10:49:55,10:49:55,54,com.android.healthconnect.phone.jd7cdc53389aa3a9ebd124ea7a13f1035
2026.09.09 10:50:00,10:50:00,807,com.huami.watch.hmwatchmanager
2026.09.09 10:50:00,10:50:00,46,com.fitbit.FitbitMobile
2026.09.09 10:50:27,10:50:27,84,com.android.healthconnect.phone.jd7cdc53389aa3a9ebd124ea7a13f1035
2026.09.09 10:51:00,10:51:00,5,com.fitbit.FitbitMobile
2026.09.09 10:52:00,10:52:00,66,com.fitbit.FitbitMobile
2026.09.09 10:53:00,10:53:00,104,com.fitbit.FitbitMobile
2026.09.09 10:53:07,10:53:07,105,com.android.healthconnect.phone.jd7cdc53389aa3a9ebd124ea7a13f1035
2026.09.09 10:54:00,10:54:00,102,com.fitbit.FitbitMobile
2026.09.09 10:54:07,10:54:07,98,com.android.healthconnect.phone.jd7cdc53389aa3a9ebd124ea7a13f1035
2026.09.09 10:55:00,10:55:00,90,com.fitbit.FitbitMobile
2026.09.09 10:55:07,10:55:07,90,com.android.healthconnect.phone.jd7cdc53389aa3a9ebd124ea7a13f1035
2026.09.09 10:56:00,10:56:00,84,com.fitbit.FitbitMobile
2026.09.09 10:56:07,10:56:07,84,com.android.healthconnect.phone.jd7cdc53389aa3a9ebd124ea7a13f1035
2026.09.09 10:57:00,10:57:00,83,com.fitbit.FitbitMobile
2026.09.09 10:57:07,10:57:07,83,com.android.healthconnect.phone.jd7cdc53389aa3a9ebd124ea7a13f1035
2026.09.09 10:58:00,10:58:00,95,com.fitbit.FitbitMobile
2026.09.09 10:58:07,10:58:07,97,com.android.healthconnect.phone.jd7cdc53389aa3a9ebd124ea7a13f1035
2026.09.09 10:59:00,10:59:00,96,com.fitbit.FitbitMobile
2026.09.09 10:59:07,10:59:07,97,com.android.healthconnect.phone.jd7cdc53389aa3a9ebd124ea7a13f1035
2026.09.09 11:00:00,11:00:00,911,com.huami.watch.hmwatchmanager
2026.09.09 11:00:00,11:00:00,96,com.fitbit.FitbitMobile
2026.09.09 11:00:07,11:00:07,95,com.android.healthconnect.phone.jd7cdc53389aa3a9ebd124ea7a13f1035
2026.09.09 11:01:00,11:01:00,99,com.fitbit.FitbitMobile
2026.09.09 11:01:07,11:01:07,97,com.android.healthconnect.phone.jd7cdc53389aa3a9ebd124ea7a13f1035
2026.09.09 11:02:00,11:02:00,93,com.fitbit.FitbitMobile
2026.09.09 11:02:07,11:02:07,97,com.android.healthconnect.phone.jd7cdc53389aa3a9ebd124ea7a13f1035
2026.09.09 11:03:00,11:03:00,108,com.fitbit.FitbitMobile
2026.09.09 11:03:07,11:03:07,108,com.android.healthconnect.phone.jd7cdc53389aa3a9ebd124ea7a13f1035
2026.09.09 11:04:00,11:04:00,110,com.fitbit.FitbitMobile
2026.09.09 11:04:07,11:04:07,109,com.android.healthconnect.phone.jd7cdc53389aa3a9ebd124ea7a13f1035
2026.09.09 11:05:00,11:05:00,104,com.fitbit.FitbitMobile
2026.09.09 11:05:07,11:05:07,103,com.android.healthconnect.phone.jd7cdc53389aa3a9ebd124ea7a13f1035
2026.09.09 11:06:00,11:06:00,101,com.fitbit.FitbitMobile
2026.09.09 11:06:07,11:06:07,102,com.android.healthconnect.phone.jd7cdc53389aa3a9ebd124ea7a13f1035
2026.09.09 11:07:00,11:07:00,102,com.fitbit.FitbitMobile
2026.09.09 11:07:07,11:07:07,101,com.android.healthconnect.phone.jd7cdc53389aa3a9ebd124ea7a13f1035
2026.09.09 11:08:00,11:08:00,85,com.fitbit.FitbitMobile
2026.09.09 11:08:07,11:08:07,92,com.android.healthconnect.phone.jd7cdc53389aa3a9ebd124ea7a13f1035
2026.09.09 11:09:00,11:09:00,37,com.fitbit.FitbitMobile
2026.09.09 11:09:12,11:09:12,61,com.android.healthconnect.phone.jd7cdc53389aa3a9ebd124ea7a13f1035
2026.09.09 11:10:00,11:10:00,18,com.huami.watch.hmwatchmanager
2026.09.09 11:10:00,11:10:00,38,com.fitbit.FitbitMobile
2026.09.09 11:11:00,11:11:00,28,com.fitbit.FitbitMobile
2026.09.09 11:11:11,11:11:11,23,com.android.healthconnect.phone.jd7cdc53389aa3a9ebd124ea7a13f1035
2026.09.09 11:20:00,11:20:00,37,com.huami.watch.hmwatchmanager
2026.09.09 11:29:00,11:29:00,10,com.fitbit.FitbitMobile
2026.09.09 11:29:52,11:29:52,15,com.android.healthconnect.phone.jd7cdc53389aa3a9ebd124ea7a13f1035
2026.09.09 11:30:00,11:30:00,41,com.huami.watch.hmwatchmanager
2026.09.09 11:30:00,11:30:00,6,com.fitbit.FitbitMobile
2026.09.09 11:30:22,11:30:22,1,com.android.healthconnect.phone.jd7cdc53389aa3a9ebd124ea7a13f1035
2026.09.09 11:38:00,11:38:00,6,com.fitbit.FitbitMobile
2026.09.09 11:38:56,11:38:56,6,com.android.healthconnect.phone.jd7cdc53389aa3a9ebd124ea7a13f1035
2026.09.09 11:39:00,11:39:00,18,com.fitbit.FitbitMobile
2026.09.09 11:39:08,11:39:08,18,com.android.healthconnect.phone.jd7cdc53389aa3a9ebd124ea7a13f1035
2026.09.09 11:50:00,11:50:00,60,com.huami.watch.hmwatchmanager
2026.09.09 12:00:00,12:00:00,33,com.huami.watch.hmwatchmanager
2026.09.09 12:10:00,12:10:00,6,com.huami.watch.hmwatchmanager
2026.09.09 12:20:00,12:20:00,8,com.huami.watch.hmwatchmanager
2026.09.09 12:40:00,12:40:00,12,com.huami.watch.hmwatchmanager
2026.09.09 12:47:00,12:47:00,2,com.fitbit.FitbitMobile
2026.09.09 12:48:00,12:48:00,14,com.fitbit.FitbitMobile
2026.09.09 12:48:26,12:48:26,12,com.android.healthconnect.phone.jd7cdc53389aa3a9ebd124ea7a13f1035
2026.09.09 12:48:50,12:48:50,22,com.android.healthconnect.phone.jd7cdc53389aa3a9ebd124ea7a13f1035
2026.09.09 12:49:00,12:49:00,18,com.fitbit.FitbitMobile
2026.09.09 13:07:00,13:07:00,6,com.fitbit.FitbitMobile
2026.09.09 13:07:58,13:07:58,7,com.android.healthconnect.phone.jd7cdc53389aa3a9ebd124ea7a13f1035
2026.09.09 13:08:00,13:08:00,9,com.fitbit.FitbitMobile
2026.09.09 13:08:12,13:08:12,8,com.android.healthconnect.phone.jd7cdc53389aa3a9ebd124ea7a13f1035
2026.09.09 13:28:00,13:28:00,7,com.fitbit.FitbitMobile
2026.09.09 13:28:50,13:28:50,7,com.android.healthconnect.phone.jd7cdc53389aa3a9ebd124ea7a13f1035
2026.09.09 13:29:00,13:29:00,7,com.fitbit.FitbitMobile
2026.09.09 13:29:04,13:29:04,7,com.android.healthconnect.phone.jd7cdc53389aa3a9ebd124ea7a13f1035
2026.09.09 14:40:00,14:40:00,59,com.huami.watch.hmwatchmanager
2026.09.09 14:40:00,14:40:00,10,com.fitbit.FitbitMobile
2026.09.09 14:40:41,14:40:41,8,com.android.healthconnect.phone.jd7cdc53389aa3a9ebd124ea7a13f1035
2026.09.09 14:40:57,14:40:57,14,com.android.healthconnect.phone.jd7cdc53389aa3a9ebd124ea7a13f1035
2026.09.09 14:41:00,14:41:00,12,com.fitbit.FitbitMobile
2026.09.09 14:47:00,14:47:00,1,com.fitbit.FitbitMobile
2026.09.09 14:48:00,14:48:00,19,com.fitbit.FitbitMobile
2026.09.09 14:48:33,14:48:33,7,com.android.healthconnect.phone.jd7cdc53389aa3a9ebd124ea7a13f1035
2026.09.09 14:48:47,14:48:47,13,com.android.healthconnect.phone.jd7cdc53389aa3a9ebd124ea7a13f1035
2026.09.09 14:50:00,14:50:00,15,com.huami.watch.hmwatchmanager
2026.09.09 14:54:00,14:54:00,2,com.fitbit.FitbitMobile
2026.09.09 14:55:00,14:55:00,14,com.fitbit.FitbitMobile
2026.09.09 14:55:32,14:55:32,7,com.android.healthconnect.phone.jd7cdc53389aa3a9ebd124ea7a13f1035
2026.09.09 14:55:46,14:55:46,9,com.android.healthconnect.phone.jd7cdc53389aa3a9ebd124ea7a13f1035
2026.09.09 15:10:00,15:10:00,3,com.huami.watch.hmwatchmanager
2026.09.09 15:10:00,15:10:00,1,com.fitbit.FitbitMobile
2026.09.09 15:11:00,15:11:00,14,com.fitbit.FitbitMobile
2026.09.09 15:11:40,15:11:40,8,com.android.healthconnect.phone.jd7cdc53389aa3a9ebd124ea7a13f1035
2026.09.09 15:11:56,15:11:56,8,com.android.healthconnect.phone.jd7cdc53389aa3a9ebd124ea7a13f1035
2026.09.09 15:12:00,15:12:00,1,com.fitbit.FitbitMobile
2026.09.09 15:16:00,15:16:00,2,com.fitbit.FitbitMobile
2026.09.09 15:17:00,15:17:00,5,com.fitbit.FitbitMobile
2026.09.09 15:17:33,15:17:33,7,com.android.healthconnect.phone.jd7cdc53389aa3a9ebd124ea7a13f1035
2026.09.09 15:20:00,15:20:00,3,com.fitbit.FitbitMobile
2026.09.09 15:21:00,15:21:00,7,com.fitbit.FitbitMobile
2026.09.09 15:21:22,15:21:22,6,com.android.healthconnect.phone.jd7cdc53389aa3a9ebd124ea7a13f1035
2026.09.09 15:21:34,15:21:34,4,com.android.healthconnect.phone.jd7cdc53389aa3a9ebd124ea7a13f1035
2026.09.09 16:20:00,16:20:00,8,com.huami.watch.hmwatchmanager
2026.09.09 22:38:00,22:38:00,7,com.fitbit.FitbitMobile
2026.09.09 22:38:56,22:38:56,7,com.android.healthconnect.phone.jd7cdc53389aa3a9ebd124ea7a13f1035
2026.09.09 22:39:00,22:39:00,20,com.fitbit.FitbitMobile
2026.09.09 22:39:10,22:39:10,20,com.android.healthconnect.phone.jd7cdc53389aa3a9ebd124ea7a13f1035
2026.09.09 22:56:00,22:56:00,9,com.fitbit.FitbitMobile
2026.09.09 22:56:44,22:56:44,7,com.android.healthconnect.phone.jd7cdc53389aa3a9ebd124ea7a13f1035
2026.09.09 22:56:58,22:56:58,16,com.android.healthconnect.phone.jd7cdc53389aa3a9ebd124ea7a13f1035
2026.09.09 22:57:00,22:57:00,14,com.fitbit.FitbitMobile
2026.09.09 23:49:00,23:49:00,7,com.fitbit.FitbitMobile
2026.09.09 23:49:51,23:49:51,7,com.android.healthconnect.phone.jd7cdc53389aa3a9ebd124ea7a13f1035
2026.09.09 23:50:00,23:50:00,5,com.fitbit.FitbitMobile
2026.09.09 23:50:05,23:50:05,5,com.android.healthconnect.phone.jd7cdc53389aa3a9ebd124ea7a13f1035
2026.09.10 00:20:00,00:20:00,6,com.huami.watch.hmwatchmanager
2026.09.10 06:30:00,06:30:00,12,com.huami.watch.hmwatchmanager
2026.09.10 08:50:00,08:50:00,6,com.huami.watch.hmwatchmanager
2026.09.10 09:25:00,09:25:00,3,com.fitbit.FitbitMobile
2026.09.10 09:26:00,09:26:00,4,com.fitbit.FitbitMobile
2026.09.10 09:26:20,09:26:20,7,com.android.healthconnect.phone.jd7cdc53389aa3a9ebd124ea7a13f1035
2026.09.10 09:30:00,09:30:00,27,com.huami.watch.hmwatchmanager
2026.09.10 09:36:00,09:36:00,2,com.fitbit.FitbitMobile
2026.09.10 09:37:00,09:37:00,7,com.fitbit.FitbitMobile
2026.09.10 09:37:27,09:37:27,6,com.android.healthconnect.phone.jd7cdc53389aa3a9ebd124ea7a13f1035
2026.09.10 09:37:39,09:37:39,3,com.android.healthconnect.phone.jd7cdc53389aa3a9ebd124ea7a13f1035
2026.09.10 09:40:00,09:40:00,123,com.huami.watch.hmwatchmanager
2026.09.10 09:45:00,09:45:00,5,com.fitbit.FitbitMobile
2026.09.10 09:46:00,09:46:00,4,com.fitbit.FitbitMobile
2026.09.10 09:46:03,09:46:03,7,com.android.healthconnect.phone.jd7cdc53389aa3a9ebd124ea7a13f1035
2026.09.10 09:46:17,09:46:17,50,com.android.healthconnect.phone.jd7cdc53389aa3a9ebd124ea7a13f1035
2026.09.10 09:47:00,09:47:00,11,com.fitbit.FitbitMobile
2026.09.10 09:50:00,09:50:00,916,com.huami.watch.hmwatchmanager
2026.09.10 09:50:00,09:50:00,9,com.fitbit.FitbitMobile
2026.09.10 09:51:00,09:51:00,33,com.fitbit.FitbitMobile
2026.09.10 09:51:50,09:51:50,80,com.android.healthconnect.phone.jd7cdc53389aa3a9ebd124ea7a13f1035
2026.09.10 09:52:00,09:52:00,82,com.fitbit.FitbitMobile
2026.09.10 09:52:56,09:52:56,112,com.android.healthconnect.phone.jd7cdc53389aa3a9ebd124ea7a13f1035
2026.09.10 09:53:00,09:53:00,112,com.fitbit.FitbitMobile
2026.09.10 09:53:56,09:53:56,113,com.android.healthconnect.phone.jd7cdc53389aa3a9ebd124ea7a13f1035
2026.09.10 09:54:00,09:54:00,115,com.fitbit.FitbitMobile
2026.09.10 09:54:55,09:54:55,112,com.android.healthconnect.phone.jd7cdc53389aa3a9ebd124ea7a13f1035
2026.09.10 09:55:00,09:55:00,110,com.fitbit.FitbitMobile
2026.09.10 09:55:56,09:55:56,105,com.android.healthconnect.phone.jd7cdc53389aa3a9ebd124ea7a13f1035
2026.09.10 09:56:00,09:56:00,107,com.fitbit.FitbitMobile
2026.09.10 09:56:55,09:56:55,85,com.android.healthconnect.phone.jd7cdc53389aa3a9ebd124ea7a13f1035
2026.09.10 09:57:00,09:57:00,91,com.fitbit.FitbitMobile
2026.09.10 09:57:44,09:57:44,114,com.android.healthconnect.phone.jd7cdc53389aa3a9ebd124ea7a13f1035
2026.09.10 09:58:00,09:58:00,108,com.fitbit.FitbitMobile
2026.09.10 09:58:56,09:58:56,120,com.android.healthconnect.phone.jd7cdc53389aa3a9ebd124ea7a13f1035
2026.09.10 09:59:00,09:59:00,117,com.fitbit.FitbitMobile
2026.09.10 09:59:56,09:59:56,110,com.android.healthconnect.phone.jd7cdc53389aa3a9ebd124ea7a13f1035
2026.09.10 10:00:00,10:00:00,484,com.huami.watch.hmwatchmanager
2026.09.10 10:00:00,10:00:00,110,com.fitbit.FitbitMobile
2026.09.10 10:00:56,10:00:56,51,com.android.healthconnect.phone.jd7cdc53389aa3a9ebd124ea7a13f1035
2026.09.10 10:01:00,10:01:00,52,com.fitbit.FitbitMobile
2026.09.10 10:01:56,10:01:56,117,com.android.healthconnect.phone.jd7cdc53389aa3a9ebd124ea7a13f1035
2026.09.10 10:02:00,10:02:00,118,com.fitbit.FitbitMobile
2026.09.10 10:02:56,10:02:56,112,com.android.healthconnect.phone.jd7cdc53389aa3a9ebd124ea7a13f1035
2026.09.10 10:03:00,10:03:00,112,com.fitbit.FitbitMobile
2026.09.10 10:03:56,10:03:56,51,com.android.healthconnect.phone.jd7cdc53389aa3a9ebd124ea7a13f1035
2026.09.10 10:04:00,10:04:00,43,com.fitbit.FitbitMobile
2026.09.10 10:05:00,10:05:00,5,com.fitbit.FitbitMobile
2026.09.10 10:06:00,10:06:00,25,com.fitbit.FitbitMobile
2026.09.10 10:06:08,10:06:08,7,com.android.healthconnect.phone.jd7cdc53389aa3a9ebd124ea7a13f1035
2026.09.10 10:06:22,10:06:22,23,com.android.healthconnect.phone.jd7cdc53389aa3a9ebd124ea7a13f1035
2026.09.10 10:09:00,10:09:00,8,com.fitbit.FitbitMobile
2026.09.10 10:09:45,10:09:45,7,com.android.healthconnect.phone.jd7cdc53389aa3a9ebd124ea7a13f1035
2026.09.10 10:09:59,10:09:59,24,com.android.healthconnect.phone.jd7cdc53389aa3a9ebd124ea7a13f1035
2026.09.10 10:10:00,10:10:00,34,com.huami.watch.hmwatchmanager
2026.09.10 10:10:00,10:10:00,23,com.fitbit.FitbitMobile
2026.09.10 10:12:00,10:12:00,2,com.fitbit.FitbitMobile
2026.09.10 10:13:00,10:13:00,7,com.fitbit.FitbitMobile
2026.09.10 10:13:28,10:13:28,7,com.android.healthconnect.phone.jd7cdc53389aa3a9ebd124ea7a13f1035
2026.09.10 10:14:00,10:14:00,5,com.fitbit.FitbitMobile
2026.09.10 10:14:30,10:14:30,6,com.android.healthconnect.phone.jd7cdc53389aa3a9ebd124ea7a13f1035
2026.09.10 10:14:42,10:14:42,1,com.android.healthconnect.phone.jd7cdc53389aa3a9ebd124ea7a13f1035
2026.09.10 10:17:00,10:17:00,3,com.fitbit.FitbitMobile
2026.09.10 10:18:00,10:18:00,24,com.fitbit.FitbitMobile
2026.09.10 10:18:23,10:18:23,7,com.android.healthconnect.phone.jd7cdc53389aa3a9ebd124ea7a13f1035
2026.09.10 10:18:37,10:18:37,37,com.android.healthconnect.phone.jd7cdc53389aa3a9ebd124ea7a13f1035
2026.09.10 10:19:00,10:19:00,17,com.fitbit.FitbitMobile
2026.09.10 10:20:00,10:20:00,29,com.huami.watch.hmwatchmanager
2026.09.10 10:21:00,10:21:00,6,com.fitbit.FitbitMobile
2026.09.10 10:22:00,10:22:00,14,com.fitbit.FitbitMobile
2026.09.10 10:22:01,10:22:01,7,com.android.healthconnect.phone.jd7cdc53389aa3a9ebd124ea7a13f1035
2026.09.10 10:22:15,10:22:15,13,com.android.healthconnect.phone.jd7cdc53389aa3a9ebd124ea7a13f1035
2026.09.10 10:29:00,10:29:00,7,com.fitbit.FitbitMobile
2026.09.10 10:29:50,10:29:50,7,com.android.healthconnect.phone.jd7cdc53389aa3a9ebd124ea7a13f1035
2026.09.10 10:30:00,10:30:00,79,com.huami.watch.hmwatchmanager
2026.09.10 10:30:00,10:30:00,22,com.fitbit.FitbitMobile
2026.09.10 10:30:04,10:30:04,22,com.android.healthconnect.phone.jd7cdc53389aa3a9ebd124ea7a13f1035
2026.09.10 10:31:00,10:31:00,6,com.fitbit.FitbitMobile
2026.09.10 10:31:59,10:31:59,6,com.android.healthconnect.phone.jd7cdc53389aa3a9ebd124ea7a13f1035
2026.09.10 10:32:00,10:32:00,22,com.fitbit.FitbitMobile
2026.09.10 10:32:11,10:32:11,17,com.android.healthconnect.phone.jd7cdc53389aa3a9ebd124ea7a13f1035
2026.09.10 10:32:24,10:32:24,9,com.android.healthconnect.phone.jd7cdc53389aa3a9ebd124ea7a13f1035
2026.09.10 10:33:00,10:33:00,4,com.fitbit.FitbitMobile
2026.09.10 10:35:00,10:35:00,4,com.fitbit.FitbitMobile
2026.09.10 10:36:00,10:36:00,28,com.fitbit.FitbitMobile
2026.09.10 10:36:15,10:36:15,7,com.android.healthconnect.phone.jd7cdc53389aa3a9ebd124ea7a13f1035
2026.09.10 10:36:29,10:36:29,54,com.android.healthconnect.phone.jd7cdc53389aa3a9ebd124ea7a13f1035
2026.09.10 10:37:00,10:37:00,29,com.fitbit.FitbitMobile
2026.09.10 10:38:00,10:38:00,7,com.fitbit.FitbitMobile
2026.09.10 10:38:54,10:38:54,7,com.android.healthconnect.phone.jd7cdc53389aa3a9ebd124ea7a13f1035
2026.09.10 10:39:00,10:39:00,7,com.fitbit.FitbitMobile
2026.09.10 10:39:08,10:39:08,7,com.android.healthconnect.phone.jd7cdc53389aa3a9ebd124ea7a13f1035
2026.09.10 10:40:00,10:40:00,68,com.huami.watch.hmwatchmanager
2026.09.10 10:40:00,10:40:00,5,com.fitbit.FitbitMobile
2026.09.10 10:41:00,10:41:00,9,com.fitbit.FitbitMobile
2026.09.10 10:41:03,10:41:03,7,com.android.healthconnect.phone.jd7cdc53389aa3a9ebd124ea7a13f1035
2026.09.10 10:41:17,10:41:17,22,com.android.healthconnect.phone.jd7cdc53389aa3a9ebd124ea7a13f1035
2026.09.10 10:42:00,10:42:00,26,com.fitbit.FitbitMobile
2026.09.10 10:42:16,10:42:16,11,com.android.healthconnect.phone.jd7cdc53389aa3a9ebd124ea7a13f1035
2026.09.10 10:49:00,10:49:00,5,com.fitbit.FitbitMobile
2026.09.10 10:50:00,10:50:00,176,com.huami.watch.hmwatchmanager
2026.09.10 10:50:00,10:50:00,40,com.fitbit.FitbitMobile
2026.09.10 10:50:16,10:50:16,7,com.android.healthconnect.phone.jd7cdc53389aa3a9ebd124ea7a13f1035
2026.09.10 10:50:30,10:50:30,73,com.android.healthconnect.phone.jd7cdc53389aa3a9ebd124ea7a13f1035
2026.09.10 10:51:00,10:51:00,62,com.fitbit.FitbitMobile
2026.09.10 10:51:29,10:51:29,42,com.android.healthconnect.phone.jd7cdc53389aa3a9ebd124ea7a13f1035
2026.09.10 10:52:00,10:52:00,36,com.fitbit.FitbitMobile
2026.09.10 10:52:30,10:52:30,21,com.android.healthconnect.phone.jd7cdc53389aa3a9ebd124ea7a13f1035
2026.09.10 11:00:00,11:00:00,67,com.huami.watch.hmwatchmanager
2026.09.10 11:05:00,11:05:00,5,com.fitbit.FitbitMobile
2026.09.10 11:05:57,11:05:57,6,com.android.healthconnect.phone.jd7cdc53389aa3a9ebd124ea7a13f1035
2026.09.10 11:06:00,11:06:00,1,com.fitbit.FitbitMobile
2026.09.10 11:10:00,11:10:00,46,com.huami.watch.hmwatchmanager
2026.09.10 11:17:00,11:17:00,5,com.fitbit.FitbitMobile
2026.09.10 11:18:00,11:18:00,25,com.fitbit.FitbitMobile
2026.09.10 11:18:09,11:18:09,16,com.android.healthconnect.phone.jd7cdc53389aa3a9ebd124ea7a13f1035
2026.09.10 11:18:41,11:18:41,14,com.android.healthconnect.phone.jd7cdc53389aa3a9ebd124ea7a13f1035
2026.09.10 11:22:00,11:22:00,5,com.fitbit.FitbitMobile
2026.09.10 11:22:56,11:22:56,6,com.android.healthconnect.phone.jd7cdc53389aa3a9ebd124ea7a13f1035
2026.09.10 11:23:00,11:23:00,20,com.fitbit.FitbitMobile
2026.09.10 11:23:08,11:23:08,19,com.android.healthconnect.phone.jd7cdc53389aa3a9ebd124ea7a13f1035
2026.09.10 11:30:00,11:30:00,72,com.huami.watch.hmwatchmanager
2026.09.10 11:36:00,11:36:00,1,com.fitbit.FitbitMobile
2026.09.10 11:37:00,11:37:00,16,com.fitbit.FitbitMobile
2026.09.10 11:37:34,11:37:34,7,com.android.healthconnect.phone.jd7cdc53389aa3a9ebd124ea7a13f1035
2026.09.10 11:37:48,11:37:48,17,com.android.healthconnect.phone.jd7cdc53389aa3a9ebd124ea7a13f1035
2026.09.10 11:38:00,11:38:00,7,com.fitbit.FitbitMobile
2026.09.10 11:40:00,11:40:00,589,com.huami.watch.hmwatchmanager
2026.09.10 11:40:00,11:40:00,12,com.fitbit.FitbitMobile
2026.09.10 11:40:43,11:40:43,15,com.android.healthconnect.phone.jd7cdc53389aa3a9ebd124ea7a13f1035
2026.09.10 11:41:00,11:41:00,88,com.fitbit.FitbitMobile
2026.09.10 11:41:13,11:41:13,109,com.android.healthconnect.phone.jd7cdc53389aa3a9ebd124ea7a13f1035
2026.09.10 11:42:00,11:42:00,105,com.fitbit.FitbitMobile
2026.09.10 11:42:13,11:42:13,101,com.android.healthconnect.phone.jd7cdc53389aa3a9ebd124ea7a13f1035
2026.09.10 11:43:00,11:43:00,100,com.fitbit.FitbitMobile
2026.09.10 11:43:12,11:43:12,101,com.android.healthconnect.phone.jd7cdc53389aa3a9ebd124ea7a13f1035
2026.09.10 11:44:00,11:44:00,93,com.fitbit.FitbitMobile
2026.09.10 11:44:12,11:44:12,92,com.android.healthconnect.phone.jd7cdc53389aa3a9ebd124ea7a13f1035
2026.09.10 11:45:00,11:45:00,94,com.fitbit.FitbitMobile
2026.09.10 11:45:13,11:45:13,94,com.android.healthconnect.phone.jd7cdc53389aa3a9ebd124ea7a13f1035
2026.09.10 11:46:00,11:46:00,103,com.fitbit.FitbitMobile
2026.09.10 11:46:13,11:46:13,107,com.android.healthconnect.phone.jd7cdc53389aa3a9ebd124ea7a13f1035
2026.09.10 11:47:00,11:47:00,108,com.fitbit.FitbitMobile
2026.09.10 11:47:13,11:47:13,106,com.android.healthconnect.phone.jd7cdc53389aa3a9ebd124ea7a13f1035
2026.09.10 11:48:00,11:48:00,104,com.fitbit.FitbitMobile
2026.09.10 11:48:13,11:48:13,106,com.android.healthconnect.phone.jd7cdc53389aa3a9ebd124ea7a13f1035
2026.09.10 11:49:00,11:49:00,113,com.fitbit.FitbitMobile
2026.09.10 11:49:12,11:49:12,115,com.android.healthconnect.phone.jd7cdc53389aa3a9ebd124ea7a13f1035
2026.09.10 11:50:00,11:50:00,727,com.huami.watch.hmwatchmanager
2026.09.10 11:50:00,11:50:00,112,com.fitbit.FitbitMobile
2026.09.10 11:50:13,11:50:13,110,com.android.healthconnect.phone.jd7cdc53389aa3a9ebd124ea7a13f1035
2026.09.10 11:51:00,11:51:00,114,com.fitbit.FitbitMobile
2026.09.10 11:51:13,11:51:13,116,com.android.healthconnect.phone.jd7cdc53389aa3a9ebd124ea7a13f1035
2026.09.10 11:52:00,11:52:00,114,com.fitbit.FitbitMobile
2026.09.10 11:52:13,11:52:13,113,com.android.healthconnect.phone.jd7cdc53389aa3a9ebd124ea7a13f1035
2026.09.10 11:53:00,11:53:00,110,com.fitbit.FitbitMobile
2026.09.10 11:53:13,11:53:13,110,com.android.healthconnect.phone.jd7cdc53389aa3a9ebd124ea7a13f1035
2026.09.10 11:54:00,11:54:00,110,com.fitbit.FitbitMobile
2026.09.10 11:54:13,11:54:13,93,com.android.healthconnect.phone.jd7cdc53389aa3a9ebd124ea7a13f1035
2026.09.10 11:55:00,11:55:00,67,com.fitbit.FitbitMobile
2026.09.10 11:55:04,11:55:04,58,com.android.healthconnect.phone.jd7cdc53389aa3a9ebd124ea7a13f1035
2026.09.10 11:55:56,11:55:56,42,com.android.healthconnect.phone.jd7cdc53389aa3a9ebd124ea7a13f1035
2026.09.10 11:56:00,11:56:00,20,com.fitbit.FitbitMobile
2026.09.10 11:57:00,11:57:00,24,com.fitbit.FitbitMobile
2026.09.10 11:57:57,11:57:57,44,com.android.healthconnect.phone.jd7cdc53389aa3a9ebd124ea7a13f1035
2026.09.10 11:58:00,11:58:00,40,com.fitbit.FitbitMobile
2026.09.10 11:59:00,11:59:00,1,com.fitbit.FitbitMobile
2026.09.10 12:00:00,12:00:00,7,com.huami.watch.hmwatchmanager
2026.09.10 12:10:00,12:10:00,6,com.huami.watch.hmwatchmanager
2026.09.10 12:25:00,12:25:00,6,com.fitbit.FitbitMobile
2026.09.10 12:25:50,12:25:50,7,com.android.healthconnect.phone.jd7cdc53389aa3a9ebd124ea7a13f1035
2026.09.10 12:26:00,12:26:00,24,com.fitbit.FitbitMobile
2026.09.10 12:26:04,12:26:04,23,com.android.healthconnect.phone.jd7cdc53389aa3a9ebd124ea7a13f1035
2026.09.10 12:39:00,12:39:00,3,com.fitbit.FitbitMobile
2026.09.10 12:40:00,12:40:00,20,com.fitbit.FitbitMobile
2026.09.10 12:40:25,12:40:25,7,com.android.healthconnect.phone.jd7cdc53389aa3a9ebd124ea7a13f1035
2026.09.10 12:40:39,12:40:39,26,com.android.healthconnect.phone.jd7cdc53389aa3a9ebd124ea7a13f1035
2026.09.10 12:41:00,12:41:00,10,com.fitbit.FitbitMobile
2026.09.10 12:42:00,12:42:00,2,com.fitbit.FitbitMobile
2026.09.10 12:43:00,12:43:00,9,com.fitbit.FitbitMobile
2026.09.10 12:43:32,12:43:32,7,com.android.healthconnect.phone.jd7cdc53389aa3a9ebd124ea7a13f1035
2026.09.10 12:43:46,12:43:46,14,com.android.healthconnect.phone.jd7cdc53389aa3a9ebd124ea7a13f1035
2026.09.10 12:44:00,12:44:00,26,com.fitbit.FitbitMobile
2026.09.10 12:44:46,12:44:46,17,com.android.healthconnect.phone.jd7cdc53389aa3a9ebd124ea7a13f1035
2026.09.10 12:45:00,12:45:00,1,com.fitbit.FitbitMobile
2026.09.10 12:51:00,12:51:00,7,com.fitbit.FitbitMobile
2026.09.10 12:51:45,12:51:45,6,com.android.healthconnect.phone.jd7cdc53389aa3a9ebd124ea7a13f1035
2026.09.10 12:51:57,12:51:57,1,com.android.healthconnect.phone.jd7cdc53389aa3a9ebd124ea7a13f1035
2026.09.10 13:26:00,13:26:00,4,com.fitbit.FitbitMobile
2026.09.10 13:27:00,13:27:00,2,com.fitbit.FitbitMobile
2026.09.10 13:27:04,13:27:04,6,com.android.healthconnect.phone.jd7cdc53389aa3a9ebd124ea7a13f1035
2026.09.10 13:32:00,13:32:00,3,com.fitbit.FitbitMobile
2026.09.10 13:33:00,13:33:00,12,com.fitbit.FitbitMobile
2026.09.10 13:33:24,13:33:24,7,com.android.healthconnect.phone.jd7cdc53389aa3a9ebd124ea7a13f1035
2026.09.10 13:33:38,13:33:38,8,com.android.healthconnect.phone.jd7cdc53389aa3a9ebd124ea7a13f1035
2026.09.10 15:11:00,15:11:00,5,com.fitbit.FitbitMobile
2026.09.10 15:12:00,15:12:00,22,com.fitbit.FitbitMobile
2026.09.10 15:12:05,15:12:05,6,com.android.healthconnect.phone.jd7cdc53389aa3a9ebd124ea7a13f1035
2026.09.10 15:12:17,15:12:17,21,com.android.healthconnect.phone.jd7cdc53389aa3a9ebd124ea7a13f1035
2026.09.10 15:35:00,15:35:00,1,com.fitbit.FitbitMobile
2026.09.10 15:36:00,15:36:00,20,com.fitbit.FitbitMobile
2026.09.10 15:36:35,15:36:35,7,com.android.healthconnect.phone.jd7cdc53389aa3a9ebd124ea7a13f1035
2026.09.10 15:36:49,15:36:49,14,com.android.healthconnect.phone.jd7cdc53389aa3a9ebd124ea7a13f1035
2026.09.10 16:23:00,16:23:00,5,com.fitbit.FitbitMobile
2026.09.10 16:23:56,16:23:56,6,com.android.healthconnect.phone.jd7cdc53389aa3a9ebd124ea7a13f1035
2026.09.10 16:24:00,16:24:00,1,com.fitbit.FitbitMobile
2026.09.10 16:33:00,16:33:00,3,com.fitbit.FitbitMobile
2026.09.10 16:34:00,16:34:00,3,com.fitbit.FitbitMobile
2026.09.10 16:34:19,16:34:19,6,com.android.healthconnect.phone.jd7cdc53389aa3a9ebd124ea7a13f1035
2026.09.10 16:58:00,16:58:00,3,com.fitbit.FitbitMobile
2026.09.10 16:59:00,16:59:00,8,com.fitbit.FitbitMobile
2026.09.10 16:59:22,16:59:22,7,com.android.healthconnect.phone.jd7cdc53389aa3a9ebd124ea7a13f1035
2026.09.10 16:59:36,16:59:36,4,com.android.healthconnect.phone.jd7cdc53389aa3a9ebd124ea7a13f1035
2026.09.10 17:04:00,17:04:00,2,com.fitbit.FitbitMobile
2026.09.10 17:05:00,17:05:00,8,com.fitbit.FitbitMobile
2026.09.10 17:05:33,17:05:33,6,com.android.healthconnect.phone.jd7cdc53389aa3a9ebd124ea7a13f1035
2026.09.10 17:05:45,17:05:45,4,com.android.healthconnect.phone.jd7cdc53389aa3a9ebd124ea7a13f1035
2026.09.10 17:09:00,17:09:00,6,com.fitbit.FitbitMobile
2026.09.10 17:09:43,17:09:43,6,com.android.healthconnect.phone.jd7cdc53389aa3a9ebd124ea7a13f1035
2026.09.10 17:23:00,17:23:00,1,com.fitbit.FitbitMobile
2026.09.10 17:24:00,17:24:00,5,com.fitbit.FitbitMobile
2026.09.10 17:24:39,17:24:39,6,com.android.healthconnect.phone.jd7cdc53389aa3a9ebd124ea7a13f1035
2026.09.10 17:30:00,17:30:00,4,com.fitbit.FitbitMobile
2026.09.10 17:31:00,17:31:00,2,com.fitbit.FitbitMobile
2026.09.10 17:31:11,17:31:11,6,com.android.healthconnect.phone.jd7cdc53389aa3a9ebd124ea7a13f1035
2026.09.10 17:41:00,17:41:00,1,com.fitbit.FitbitMobile
2026.09.10 17:42:00,17:42:00,6,com.fitbit.FitbitMobile
2026.09.10 17:42:42,17:42:42,6,com.android.healthconnect.phone.jd7cdc53389aa3a9ebd124ea7a13f1035
2026.09.10 17:42:54,17:42:54,1,com.android.healthconnect.phone.jd7cdc53389aa3a9ebd124ea7a13f1035
2026.09.10 20:24:00,20:24:00,2,com.fitbit.FitbitMobile
2026.09.10 20:25:00,20:25:00,7,com.fitbit.FitbitMobile
2026.09.10 20:25:28,20:25:28,9,com.android.healthconnect.phone.jd7cdc53389aa3a9ebd124ea7a13f1035
2026.09.10 21:00:00,21:00:00,6,com.fitbit.FitbitMobile
2026.09.10 21:01:00,21:01:00,7,com.fitbit.FitbitMobile
2026.09.10 21:01:04,21:01:04,7,com.android.healthconnect.phone.jd7cdc53389aa3a9ebd124ea7a13f1035
2026.09.10 21:01:18,21:01:18,6,com.android.healthconnect.phone.jd7cdc53389aa3a9ebd124ea7a13f1035
2026.09.10 21:16:00,21:16:00,1,com.fitbit.FitbitMobile
2026.09.10 21:17:00,21:17:00,11,com.fitbit.FitbitMobile
2026.09.10 21:17:41,21:17:41,7,com.android.healthconnect.phone.jd7cdc53389aa3a9ebd124ea7a13f1035
2026.09.10 21:17:55,21:17:55,34,com.android.healthconnect.phone.jd7cdc53389aa3a9ebd124ea7a13f1035
2026.09.10 21:18:00,21:18:00,22,com.fitbit.FitbitMobile
2026.09.10 21:26:00,21:26:00,3,com.fitbit.FitbitMobile
2026.09.10 21:27:00,21:27:00,4,com.fitbit.FitbitMobile
2026.09.10 21:38:00,21:38:00,7,com.fitbit.FitbitMobile
2026.09.10 21:38:46,21:38:46,7,com.android.healthconnect.phone.jd7cdc53389aa3a9ebd124ea7a13f1035
2026.09.10 21:39:00,21:39:00,16,com.fitbit.FitbitMobile
2026.09.10 21:39:00,21:39:00,16,com.android.healthconnect.phone.jd7cdc53389aa3a9ebd124ea7a13f1035
2026.09.10 21:41:00,21:41:00,4,com.fitbit.FitbitMobile
2026.09.10 21:42:00,21:42:00,2,com.fitbit.FitbitMobile
2026.09.10 21:42:11,21:42:11,6,com.android.healthconnect.phone.jd7cdc53389aa3a9ebd124ea7a13f1035
2026.09.10 23:14:00,23:14:00,3,com.fitbit.FitbitMobile
2026.09.10 23:15:00,23:15:00,3,com.fitbit.FitbitMobile
2026.09.10 23:15:22,23:15:22,6,com.android.healthconnect.phone.jd7cdc53389aa3a9ebd124ea7a13f1035
2026.09.10 23:31:00,23:31:00,5,com.fitbit.FitbitMobile
2026.09.10 23:32:00,23:32:00,2,com.fitbit.FitbitMobile
2026.09.10 23:32:02,23:32:02,6,com.android.healthconnect.phone.jd7cdc53389aa3a9ebd124ea7a13f1035
2026.09.10 23:32:14,23:32:14,1,com.android.healthconnect.phone.jd7cdc53389aa3a9ebd124ea7a13f1035
2026.09.11 06:10:00,06:10:00,5,com.huami.watch.hmwatchmanager
2026.09.11 06:50:00,06:50:00,9,com.huami.watch.hmwatchmanager
2026.09.11 09:12:00,09:12:00,6,com.fitbit.FitbitMobile
2026.09.11 09:12:56,09:12:56,8,com.android.healthconnect.phone.jd7cdc53389aa3a9ebd124ea7a13f1035
2026.09.11 09:13:00,09:13:00,9,com.fitbit.FitbitMobile
2026.09.11 09:13:12,09:13:12,7,com.android.healthconnect.phone.jd7cdc53389aa3a9ebd124ea7a13f1035
2026.09.11 09:20:00,09:20:00,48,com.huami.watch.hmwatchmanager
2026.09.11 09:20:00,09:20:00,3,com.fitbit.FitbitMobile
2026.09.11 09:21:00,09:21:00,4,com.fitbit.FitbitMobile
2026.09.11 09:21:13,09:21:13,6,com.android.healthconnect.phone.jd7cdc53389aa3a9ebd124ea7a13f1035
2026.09.11 09:21:25,09:21:25,1,com.android.healthconnect.phone.jd7cdc53389aa3a9ebd124ea7a13f1035
2026.09.11 10:00:00,10:00:00,58,com.huami.watch.hmwatchmanager
2026.09.11 10:01:04,10:01:04,7,com.android.healthconnect.phone.jd7cdc53389aa3a9ebd124ea7a13f1035
2026.09.11 10:10:00,10:10:00,609,com.huami.watch.hmwatchmanager
2026.09.11 10:11:00,10:11:00,5,com.fitbit.FitbitMobile
2026.09.11 10:11:58,10:11:58,6,com.android.healthconnect.phone.jd7cdc53389aa3a9ebd124ea7a13f1035
2026.09.11 10:12:00,10:12:00,8,com.fitbit.FitbitMobile
2026.09.11 10:12:10,10:12:10,7,com.android.healthconnect.phone.jd7cdc53389aa3a9ebd124ea7a13f1035
2026.09.11 10:12:14,10:12:14,17,com.android.healthconnect.phone.jd7cdc53389aa3a9ebd124ea7a13f1035
2026.09.11 10:14:00,10:14:00,5,com.fitbit.FitbitMobile
2026.09.11 10:15:00,10:15:00,88,com.fitbit.FitbitMobile
2026.09.11 10:15:18,10:15:18,114,com.android.healthconnect.phone.jd7cdc53389aa3a9ebd124ea7a13f1035
2026.09.11 10:16:00,10:16:00,109,com.fitbit.FitbitMobile
2026.09.11 10:16:21,10:16:21,109,com.android.healthconnect.phone.jd7cdc53389aa3a9ebd124ea7a13f1035
2026.09.11 10:17:00,10:17:00,109,com.fitbit.FitbitMobile
2026.09.11 10:17:20,10:17:20,111,com.android.healthconnect.phone.jd7cdc53389aa3a9ebd124ea7a13f1035
2026.09.11 10:18:00,10:18:00,113,com.fitbit.FitbitMobile
2026.09.11 10:18:21,10:18:21,111,com.android.healthconnect.phone.jd7cdc53389aa3a9ebd124ea7a13f1035
2026.09.11 10:19:00,10:19:00,108,com.fitbit.FitbitMobile
2026.09.11 10:19:21,10:19:21,110,com.android.healthconnect.phone.jd7cdc53389aa3a9ebd124ea7a13f1035
2026.09.11 10:20:00,10:20:00,912,com.huami.watch.hmwatchmanager
2026.09.11 10:20:00,10:20:00,109,com.fitbit.FitbitMobile
2026.09.11 10:20:21,10:20:21,109,com.android.healthconnect.phone.jd7cdc53389aa3a9ebd124ea7a13f1035
2026.09.11 10:21:00,10:21:00,116,com.fitbit.FitbitMobile
2026.09.11 10:21:20,10:21:20,118,com.android.healthconnect.phone.jd7cdc53389aa3a9ebd124ea7a13f1035
2026.09.11 10:22:00,10:22:00,122,com.fitbit.FitbitMobile
2026.09.11 10:22:21,10:22:21,123,com.android.healthconnect.phone.jd7cdc53389aa3a9ebd124ea7a13f1035
2026.09.11 10:23:00,10:23:00,122,com.fitbit.FitbitMobile
2026.09.11 10:23:21,10:23:21,123,com.android.healthconnect.phone.jd7cdc53389aa3a9ebd124ea7a13f1035
2026.09.11 10:24:00,10:24:00,124,com.fitbit.FitbitMobile
2026.09.11 10:24:21,10:24:21,122,com.android.healthconnect.phone.jd7cdc53389aa3a9ebd124ea7a13f1035
2026.09.11 10:25:00,10:25:00,118,com.fitbit.FitbitMobile
2026.09.11 10:25:21,10:25:21,117,com.android.healthconnect.phone.jd7cdc53389aa3a9ebd124ea7a13f1035
2026.09.11 10:26:00,10:26:00,103,com.fitbit.FitbitMobile
2026.09.11 10:26:21,10:26:21,62,com.android.healthconnect.phone.jd7cdc53389aa3a9ebd124ea7a13f1035
2026.09.11 10:26:56,10:26:56,30,com.android.healthconnect.phone.jd7cdc53389aa3a9ebd124ea7a13f1035
2026.09.11 10:27:00,10:27:00,7,com.fitbit.FitbitMobile
2026.09.11 10:28:00,10:28:00,23,com.fitbit.FitbitMobile
2026.09.11 10:30:00,10:30:00,35,com.huami.watch.hmwatchmanager
2026.09.11 10:30:00,10:30:00,1,com.fitbit.FitbitMobile
2026.09.11 10:31:00,10:31:00,18,com.fitbit.FitbitMobile
2026.09.11 10:31:37,10:31:37,6,com.android.healthconnect.phone.jd7cdc53389aa3a9ebd124ea7a13f1035
2026.09.11 10:31:49,10:31:49,20,com.android.healthconnect.phone.jd7cdc53389aa3a9ebd124ea7a13f1035
2026.09.11 10:32:00,10:32:00,7,com.fitbit.FitbitMobile
2026.09.11 10:47:00,10:47:00,2,com.fitbit.FitbitMobile
2026.09.11 10:48:00,10:48:00,6,com.fitbit.FitbitMobile
2026.09.11 10:48:26,10:48:26,8,com.android.healthconnect.phone.jd7cdc53389aa3a9ebd124ea7a13f1035
2026.09.11 11:00:00,11:00:00,41,com.huami.watch.hmwatchmanager
2026.09.11 11:00:00,11:00:00,7,com.fitbit.FitbitMobile
2026.09.11 11:00:55,11:00:55,7,com.android.healthconnect.phone.jd7cdc53389aa3a9ebd124ea7a13f1035
2026.09.11 11:01:00,11:01:00,25,com.fitbit.FitbitMobile
2026.09.11 11:01:09,11:01:09,31,com.android.healthconnect.phone.jd7cdc53389aa3a9ebd124ea7a13f1035
2026.09.11 11:02:00,11:02:00,15,com.fitbit.FitbitMobile
2026.09.11 11:02:05,11:02:05,9,com.android.healthconnect.phone.jd7cdc53389aa3a9ebd124ea7a13f1035
2026.09.11 11:10:00,11:10:00,156,com.huami.watch.hmwatchmanager
2026.09.11 11:14:00,11:14:00,9,com.fitbit.FitbitMobile
2026.09.11 11:14:56,11:14:56,15,com.android.healthconnect.phone.jd7cdc53389aa3a9ebd124ea7a13f1035
2026.09.11 11:15:00,11:15:00,34,com.fitbit.FitbitMobile
2026.09.11 11:15:26,11:15:26,25,com.android.healthconnect.phone.jd7cdc53389aa3a9ebd124ea7a13f1035
2026.09.11 11:15:42,11:15:42,32,com.android.healthconnect.phone.jd7cdc53389aa3a9ebd124ea7a13f1035
2026.09.11 11:16:00,11:16:00,13,com.fitbit.FitbitMobile
2026.09.11 11:17:00,11:17:00,44,com.fitbit.FitbitMobile
2026.09.11 11:17:23,11:17:23,28,com.android.healthconnect.phone.jd7cdc53389aa3a9ebd124ea7a13f1035
2026.09.11 11:20:00,11:20:00,6,com.huami.watch.hmwatchmanager
2026.09.11 11:30:00,11:30:00,79,com.huami.watch.hmwatchmanager
2026.09.11 11:35:00,11:35:00,4,com.fitbit.FitbitMobile
2026.09.11 11:36:00,11:36:00,48,com.fitbit.FitbitMobile
2026.09.11 11:36:11,11:36:11,7,com.android.healthconnect.phone.jd7cdc53389aa3a9ebd124ea7a13f1035
2026.09.11 11:36:25,11:36:25,49,com.android.healthconnect.phone.jd7cdc53389aa3a9ebd124ea7a13f1035
2026.09.11 11:37:00,11:37:00,51,com.fitbit.FitbitMobile
2026.09.11 11:37:02,11:37:02,47,com.android.healthconnect.phone.jd7cdc53389aa3a9ebd124ea7a13f1035
2026.09.11 11:40:00,11:40:00,55,com.huami.watch.hmwatchmanager
2026.09.11 11:44:00,11:44:00,8,com.fitbit.FitbitMobile
2026.09.11 11:44:51,11:44:51,7,com.android.healthconnect.phone.jd7cdc53389aa3a9ebd124ea7a13f1035
2026.09.11 11:45:00,11:45:00,49,com.fitbit.FitbitMobile
2026.09.11 11:45:05,11:45:05,50,com.android.healthconnect.phone.jd7cdc53389aa3a9ebd124ea7a13f1035
2026.09.11 11:50:00,11:50:00,78,com.huami.watch.hmwatchmanager
2026.09.11 11:58:00,11:58:00,4,com.fitbit.FitbitMobile
2026.09.11 11:59:00,11:59:00,45,com.fitbit.FitbitMobile
2026.09.11 11:59:16,11:59:16,7,com.android.healthconnect.phone.jd7cdc53389aa3a9ebd124ea7a13f1035
2026.09.11 11:59:30,11:59:30,52,com.android.healthconnect.phone.jd7cdc53389aa3a9ebd124ea7a13f1035
2026.09.11 12:00:00,12:00:00,862,com.huami.watch.hmwatchmanager
2026.09.11 12:00:00,12:00:00,10,com.fitbit.FitbitMobile
2026.09.11 12:01:00,12:01:00,7,com.fitbit.FitbitMobile
2026.09.11 12:01:51,12:01:51,7,com.android.healthconnect.phone.jd7cdc53389aa3a9ebd124ea7a13f1035
2026.09.11 12:02:00,12:02:00,101,com.fitbit.FitbitMobile
2026.09.11 12:02:05,12:02:05,110,com.android.healthconnect.phone.jd7cdc53389aa3a9ebd124ea7a13f1035
2026.09.11 12:03:00,12:03:00,106,com.fitbit.FitbitMobile
2026.09.11 12:03:04,12:03:04,106,com.android.healthconnect.phone.jd7cdc53389aa3a9ebd124ea7a13f1035
2026.09.11 12:04:00,12:04:00,103,com.fitbit.FitbitMobile
2026.09.11 12:04:04,12:04:04,102,com.android.healthconnect.phone.jd7cdc53389aa3a9ebd124ea7a13f1035
2026.09.11 12:05:00,12:05:00,96,com.fitbit.FitbitMobile
2026.09.11 12:05:04,12:05:04,96,com.android.healthconnect.phone.jd7cdc53389aa3a9ebd124ea7a13f1035
2026.09.11 12:06:00,12:06:00,96,com.fitbit.FitbitMobile
2026.09.11 12:06:05,12:06:05,96,com.android.healthconnect.phone.jd7cdc53389aa3a9ebd124ea7a13f1035
2026.09.11 12:07:00,12:07:00,100,com.fitbit.FitbitMobile
2026.09.11 12:07:05,12:07:05,102,com.android.healthconnect.phone.jd7cdc53389aa3a9ebd124ea7a13f1035
2026.09.11 12:08:00,12:08:00,119,com.fitbit.FitbitMobile
2026.09.11 12:08:05,12:08:05,119,com.android.healthconnect.phone.jd7cdc53389aa3a9ebd124ea7a13f1035
2026.09.11 12:09:00,12:09:00,116,com.fitbit.FitbitMobile
2026.09.11 12:09:05,12:09:05,115,com.android.healthconnect.phone.jd7cdc53389aa3a9ebd124ea7a13f1035
2026.09.11 12:10:00,12:10:00,843,com.huami.watch.hmwatchmanager
2026.09.11 12:10:00,12:10:00,92,com.fitbit.FitbitMobile
2026.09.11 12:10:05,12:10:05,94,com.android.healthconnect.phone.jd7cdc53389aa3a9ebd124ea7a13f1035
2026.09.11 12:11:00,12:11:00,115,com.fitbit.FitbitMobile
2026.09.11 12:11:05,12:11:05,113,com.android.healthconnect.phone.jd7cdc53389aa3a9ebd124ea7a13f1035
2026.09.11 12:12:00,12:12:00,114,com.fitbit.FitbitMobile
2026.09.11 12:12:05,12:12:05,115,com.android.healthconnect.phone.jd7cdc53389aa3a9ebd124ea7a13f1035
2026.09.11 12:13:00,12:13:00,110,com.fitbit.FitbitMobile
2026.09.11 12:13:05,12:13:05,110,com.android.healthconnect.phone.jd7cdc53389aa3a9ebd124ea7a13f1035
2026.09.11 12:14:00,12:14:00,113,com.fitbit.FitbitMobile
2026.09.11 12:14:05,12:14:05,113,com.android.healthconnect.phone.jd7cdc53389aa3a9ebd124ea7a13f1035
2026.09.11 12:15:00,12:15:00,101,com.fitbit.FitbitMobile
2026.09.11 12:15:05,12:15:05,96,com.android.healthconnect.phone.jd7cdc53389aa3a9ebd124ea7a13f1035
2026.09.11 12:16:00,12:16:00,69,com.fitbit.FitbitMobile
2026.09.11 12:16:01,12:16:01,59,com.android.healthconnect.phone.jd7cdc53389aa3a9ebd124ea7a13f1035
2026.09.11 12:16:44,12:16:44,43,com.android.healthconnect.phone.jd7cdc53389aa3a9ebd124ea7a13f1035
2026.09.11 12:17:00,12:17:00,33,com.fitbit.FitbitMobile
2026.09.11 12:18:00,12:18:00,11,com.fitbit.FitbitMobile
2026.09.11 12:18:04,12:18:04,6,com.android.healthconnect.phone.jd7cdc53389aa3a9ebd124ea7a13f1035
2026.09.11 12:45:00,12:45:00,5,com.fitbit.FitbitMobile
2026.09.11 12:46:00,12:46:00,10,com.fitbit.FitbitMobile
2026.09.11 12:46:05,12:46:05,8,com.android.healthconnect.phone.jd7cdc53389aa3a9ebd124ea7a13f1035
2026.09.11 12:46:21,12:46:21,7,com.android.healthconnect.phone.jd7cdc53389aa3a9ebd124ea7a13f1035
2026.09.11 13:08:00,13:08:00,4,com.fitbit.FitbitMobile
2026.09.11 13:09:00,13:09:00,23,com.fitbit.FitbitMobile
2026.09.11 13:09:20,13:09:20,7,com.android.healthconnect.phone.jd7cdc53389aa3a9ebd124ea7a13f1035
2026.09.11 13:09:34,13:09:34,20,com.android.healthconnect.phone.jd7cdc53389aa3a9ebd124ea7a13f1035
2026.09.11 19:25:00,19:25:00,8,com.fitbit.FitbitMobile
2026.09.11 19:26:00,19:26:00,11,com.fitbit.FitbitMobile
2026.09.11 19:26:01,19:26:01,15,com.android.healthconnect.phone.jd7cdc53389aa3a9ebd124ea7a13f1035
2026.09.11 19:26:31,19:26:31,4,com.android.healthconnect.phone.jd7cdc53389aa3a9ebd124ea7a13f1035
2026.09.11 19:31:00,19:31:00,5,com.fitbit.FitbitMobile
2026.09.11 19:32:00,19:32:00,2,com.fitbit.FitbitMobile
2026.09.11 19:32:07,19:32:07,7,com.android.healthconnect.phone.jd7cdc53389aa3a9ebd124ea7a13f1035
2026.09.11 20:51:00,20:51:00,3,com.fitbit.FitbitMobile
2026.09.11 20:52:00,20:52:00,4,com.fitbit.FitbitMobile
2026.09.11 20:52:19,20:52:19,6,com.android.healthconnect.phone.jd7cdc53389aa3a9ebd124ea7a13f1035
2026.09.11 20:52:31,20:52:31,1,com.android.healthconnect.phone.jd7cdc53389aa3a9ebd124ea7a13f1035
2026.09.11 21:14:00,21:14:00,7,com.fitbit.FitbitMobile
2026.09.11 21:14:46,21:14:46,7,com.android.healthconnect.phone.jd7cdc53389aa3a9ebd124ea7a13f1035
2026.09.11 21:30:00,21:30:00,596,com.huami.watch.hmwatchmanager
2026.09.11 21:31:00,21:31:00,2,com.fitbit.FitbitMobile
2026.09.11 21:32:00,21:32:00,12,com.fitbit.FitbitMobile
2026.09.11 21:32:30,21:32:30,6,com.android.healthconnect.phone.jd7cdc53389aa3a9ebd124ea7a13f1035
2026.09.11 21:32:42,21:32:42,45,com.android.healthconnect.phone.jd7cdc53389aa3a9ebd124ea7a13f1035
2026.09.11 21:33:00,21:33:00,1,com.fitbit.FitbitMobile
2026.09.11 21:34:00,21:34:00,10,com.fitbit.FitbitMobile
2026.09.11 21:35:00,21:35:00,107,com.fitbit.FitbitMobile
2026.09.11 21:35:17,21:35:17,112,com.android.healthconnect.phone.jd7cdc53389aa3a9ebd124ea7a13f1035
2026.09.11 21:36:00,21:36:00,115,com.fitbit.FitbitMobile
2026.09.11 21:36:16,21:36:16,117,com.android.healthconnect.phone.jd7cdc53389aa3a9ebd124ea7a13f1035
2026.09.11 21:37:00,21:37:00,116,com.fitbit.FitbitMobile
2026.09.11 21:37:17,21:37:17,194,com.android.healthconnect.phone.jd7cdc53389aa3a9ebd124ea7a13f1035
2026.09.11 21:38:00,21:38:00,120,com.fitbit.FitbitMobile
2026.09.11 21:38:55,21:38:55,122,com.android.healthconnect.phone.jd7cdc53389aa3a9ebd124ea7a13f1035
2026.09.11 21:39:00,21:39:00,122,com.fitbit.FitbitMobile
2026.09.11 21:39:55,21:39:55,118,com.android.healthconnect.phone.jd7cdc53389aa3a9ebd124ea7a13f1035
2026.09.11 21:40:00,21:40:00,416,com.huami.watch.hmwatchmanager
2026.09.11 21:40:00,21:40:00,117,com.fitbit.FitbitMobile
2026.09.11 21:40:55,21:40:55,93,com.android.healthconnect.phone.jd7cdc53389aa3a9ebd124ea7a13f1035
2026.09.11 21:41:00,21:41:00,92,com.fitbit.FitbitMobile
2026.09.11 21:41:52,21:41:52,201,com.android.healthconnect.phone.jd7cdc53389aa3a9ebd124ea7a13f1035
2026.09.11 21:42:00,21:42:00,95,com.fitbit.FitbitMobile
2026.09.11 21:43:00,21:43:00,99,com.fitbit.FitbitMobile
2026.09.11 21:43:57,21:43:57,65,com.android.healthconnect.phone.jd7cdc53389aa3a9ebd124ea7a13f1035
2026.09.11 21:44:00,21:44:00,7,com.fitbit.FitbitMobile
2026.09.11 21:45:00,21:45:00,103,com.fitbit.FitbitMobile
2026.09.11 21:45:35,21:45:35,110,com.android.healthconnect.phone.jd7cdc53389aa3a9ebd124ea7a13f1035
2026.09.11 21:46:00,21:46:00,111,com.fitbit.FitbitMobile
2026.09.11 21:46:35,21:46:35,77,com.android.healthconnect.phone.jd7cdc53389aa3a9ebd124ea7a13f1035
2026.09.11 21:47:00,21:47:00,70,com.fitbit.FitbitMobile
2026.09.11 21:47:35,21:47:35,314,com.android.healthconnect.phone.jd7cdc53389aa3a9ebd124ea7a13f1035
2026.09.11 21:48:00,21:48:00,103,com.fitbit.FitbitMobile
2026.09.11 21:49:00,21:49:00,100,com.fitbit.FitbitMobile
2026.09.11 21:50:00,21:50:00,810,com.huami.watch.hmwatchmanager
2026.09.11 21:50:00,21:50:00,101,com.fitbit.FitbitMobile
2026.09.11 21:50:42,21:50:42,100,com.android.healthconnect.phone.jd7cdc53389aa3a9ebd124ea7a13f1035
2026.09.11 21:51:00,21:51:00,100,com.fitbit.FitbitMobile
2026.09.11 21:51:42,21:51:42,101,com.android.healthconnect.phone.jd7cdc53389aa3a9ebd124ea7a13f1035
2026.09.11 21:52:00,21:52:00,100,com.fitbit.FitbitMobile
2026.09.11 21:52:43,21:52:43,97,com.android.healthconnect.phone.jd7cdc53389aa3a9ebd124ea7a13f1035
2026.09.11 21:53:00,21:53:00,98,com.fitbit.FitbitMobile
2026.09.11 21:53:42,21:53:42,99,com.android.healthconnect.phone.jd7cdc53389aa3a9ebd124ea7a13f1035
2026.09.11 21:54:00,21:54:00,99,com.fitbit.FitbitMobile
2026.09.11 21:54:42,21:54:42,101,com.android.healthconnect.phone.jd7cdc53389aa3a9ebd124ea7a13f1035
2026.09.11 21:55:00,21:55:00,101,com.fitbit.FitbitMobile
2026.09.11 21:55:42,21:55:42,102,com.android.healthconnect.phone.jd7cdc53389aa3a9ebd124ea7a13f1035
2026.09.11 21:56:00,21:56:00,101,com.fitbit.FitbitMobile
2026.09.11 21:56:42,21:56:42,98,com.android.healthconnect.phone.jd7cdc53389aa3a9ebd124ea7a13f1035
2026.09.11 21:57:00,21:57:00,84,com.fitbit.FitbitMobile
2026.09.11 21:57:42,21:57:42,29,com.android.healthconnect.phone.jd7cdc53389aa3a9ebd124ea7a13f1035
2026.09.11 21:58:00,21:58:00,15,com.fitbit.FitbitMobile
2026.09.11 22:40:00,22:40:00,5,com.huami.watch.hmwatchmanager
2026.09.11 23:00:00,23:00:00,15,com.huami.watch.hmwatchmanager
2026.09.11 23:01:00,23:01:00,4,com.fitbit.FitbitMobile
2026.09.11 23:02:00,23:02:00,15,com.fitbit.FitbitMobile
2026.09.11 23:02:15,23:02:15,7,com.android.healthconnect.phone.jd7cdc53389aa3a9ebd124ea7a13f1035
2026.09.11 23:02:29,23:02:29,22,com.android.healthconnect.phone.jd7cdc53389aa3a9ebd124ea7a13f1035
2026.09.11 23:03:00,23:03:00,10,com.fitbit.FitbitMobile
2026.09.11 23:20:00,23:20:00,414,com.huami.watch.hmwatchmanager
2026.09.11 23:20:00,23:20:00,3,com.fitbit.FitbitMobile
2026.09.11 23:21:00,23:21:00,8,com.fitbit.FitbitMobile
2026.09.11 23:21:19,23:21:19,7,com.android.healthconnect.phone.jd7cdc53389aa3a9ebd124ea7a13f1035
2026.09.11 23:21:33,23:21:33,14,com.android.healthconnect.phone.jd7cdc53389aa3a9ebd124ea7a13f1035
2026.09.11 23:24:00,23:24:00,1,com.fitbit.FitbitMobile
2026.09.11 23:25:00,23:25:00,21,com.fitbit.FitbitMobile
2026.09.11 23:25:50,23:25:50,130,com.android.healthconnect.phone.jd7cdc53389aa3a9ebd124ea7a13f1035
2026.09.11 23:26:00,23:26:00,78,com.fitbit.FitbitMobile
2026.09.11 23:27:00,23:27:00,81,com.fitbit.FitbitMobile
2026.09.11 23:27:31,23:27:31,142,com.android.healthconnect.phone.jd7cdc53389aa3a9ebd124ea7a13f1035
2026.09.11 23:28:00,23:28:00,92,com.fitbit.FitbitMobile
2026.09.11 23:29:00,23:29:00,89,com.fitbit.FitbitMobile
2026.09.11 23:29:06,23:29:06,149,com.android.healthconnect.phone.jd7cdc53389aa3a9ebd124ea7a13f1035
2026.09.11 23:30:00,23:30:00,995,com.huami.watch.hmwatchmanager
2026.09.11 23:30:00,23:30:00,88,com.fitbit.FitbitMobile
2026.09.11 23:30:47,23:30:47,93,com.android.healthconnect.phone.jd7cdc53389aa3a9ebd124ea7a13f1035
2026.09.11 23:31:00,23:31:00,94,com.fitbit.FitbitMobile
2026.09.11 23:31:47,23:31:47,93,com.android.healthconnect.phone.jd7cdc53389aa3a9ebd124ea7a13f1035
2026.09.11 23:32:00,23:32:00,93,com.fitbit.FitbitMobile
2026.09.11 23:32:46,23:32:46,94,com.android.healthconnect.phone.jd7cdc53389aa3a9ebd124ea7a13f1035
2026.09.11 23:33:00,23:33:00,94,com.fitbit.FitbitMobile
2026.09.11 23:33:47,23:33:47,94,com.android.healthconnect.phone.jd7cdc53389aa3a9ebd124ea7a13f1035
2026.09.11 23:34:00,23:34:00,95,com.fitbit.FitbitMobile
2026.09.11 23:34:46,23:34:46,93,com.android.healthconnect.phone.jd7cdc53389aa3a9ebd124ea7a13f1035
2026.09.11 23:35:00,23:35:00,92,com.fitbit.FitbitMobile
2026.09.11 23:35:46,23:35:46,229,com.android.healthconnect.phone.jd7cdc53389aa3a9ebd124ea7a13f1035
2026.09.11 23:36:00,23:36:00,90,com.fitbit.FitbitMobile
2026.09.11 23:37:00,23:37:00,90,com.fitbit.FitbitMobile
2026.09.11 23:38:00,23:38:00,92,com.fitbit.FitbitMobile
2026.09.11 23:38:18,23:38:18,120,com.android.healthconnect.phone.jd7cdc53389aa3a9ebd124ea7a13f1035
2026.09.11 23:39:00,23:39:00,94,com.fitbit.FitbitMobile
2026.09.11 23:39:36,23:39:36,79,com.android.healthconnect.phone.jd7cdc53389aa3a9ebd124ea7a13f1035
2026.09.11 23:40:00,23:40:00,168,com.huami.watch.hmwatchmanager
2026.09.11 23:40:00,23:40:00,71,com.fitbit.FitbitMobile
2026.09.11 23:40:26,23:40:26,83,com.android.healthconnect.phone.jd7cdc53389aa3a9ebd124ea7a13f1035
2026.09.11 23:41:00,23:41:00,62,com.fitbit.FitbitMobile
2026.09.11 23:41:36,23:41:36,8,com.android.healthconnect.phone.jd7cdc53389aa3a9ebd124ea7a13f1035
2026.09.11 23:49:00,23:49:00,8,com.fitbit.FitbitMobile
2026.09.11 23:49:47,23:49:47,7,com.android.healthconnect.phone.jd7cdc53389aa3a9ebd124ea7a13f1035
2026.09.11 23:50:00,23:50:00,482,com.huami.watch.hmwatchmanager
2026.09.11 23:50:00,23:50:00,8,com.fitbit.FitbitMobile
2026.09.11 23:50:01,23:50:01,17,com.android.healthconnect.phone.jd7cdc53389aa3a9ebd124ea7a13f1035
2026.09.11 23:53:00,23:53:00,7,com.fitbit.FitbitMobile
2026.09.11 23:54:00,23:54:00,65,com.fitbit.FitbitMobile
2026.09.11 23:54:09,23:54:09,259,com.android.healthconnect.phone.jd7cdc53389aa3a9ebd124ea7a13f1035
2026.09.11 23:55:00,23:55:00,83,com.fitbit.FitbitMobile
2026.09.11 23:56:00,23:56:00,86,com.fitbit.FitbitMobile
2026.09.11 23:57:00,23:57:00,49,com.fitbit.FitbitMobile
2026.09.11 23:57:17,23:57:17,115,com.android.healthconnect.phone.jd7cdc53389aa3a9ebd124ea7a13f1035
2026.09.11 23:58:00,23:58:00,88,com.fitbit.FitbitMobile
2026.09.11 23:59:00,23:59:00,86,com.fitbit.FitbitMobile
2026.09.11 23:59:03,23:59:03,87,com.android.healthconnect.phone.jd7cdc53389aa3a9ebd124ea7a13f1035
2026.09.12 00:00:00,00:00:00,917,com.huami.watch.hmwatchmanager
2026.09.12 00:00:00,00:00:00,88,com.fitbit.FitbitMobile
2026.09.12 00:00:03,00:00:03,87,com.android.healthconnect.phone.jd7cdc53389aa3a9ebd124ea7a13f1035
2026.09.12 00:01:00,00:01:00,92,com.fitbit.FitbitMobile
2026.09.12 00:01:02,00:01:02,94,com.android.healthconnect.phone.jd7cdc53389aa3a9ebd124ea7a13f1035
2026.09.12 00:02:00,00:02:00,95,com.fitbit.FitbitMobile
2026.09.12 00:02:03,00:02:03,127,com.android.healthconnect.phone.jd7cdc53389aa3a9ebd124ea7a13f1035
2026.09.12 00:03:00,00:03:00,90,com.fitbit.FitbitMobile
2026.09.12 00:03:25,00:03:25,118,com.android.healthconnect.phone.jd7cdc53389aa3a9ebd124ea7a13f1035
2026.09.12 00:04:00,00:04:00,89,com.fitbit.FitbitMobile
2026.09.12 00:04:44,00:04:44,91,com.android.healthconnect.phone.jd7cdc53389aa3a9ebd124ea7a13f1035
2026.09.12 00:05:00,00:05:00,91,com.fitbit.FitbitMobile
2026.09.12 00:05:45,00:05:45,92,com.android.healthconnect.phone.jd7cdc53389aa3a9ebd124ea7a13f1035
2026.09.12 00:06:00,00:06:00,92,com.fitbit.FitbitMobile
2026.09.12 00:06:45,00:06:45,95,com.android.healthconnect.phone.jd7cdc53389aa3a9ebd124ea7a13f1035
2026.09.12 00:07:00,00:07:00,95,com.fitbit.FitbitMobile
2026.09.12 00:07:45,00:07:45,177,com.android.healthconnect.phone.jd7cdc53389aa3a9ebd124ea7a13f1035
2026.09.12 00:08:00,00:08:00,96,com.fitbit.FitbitMobile
2026.09.12 00:09:00,00:09:00,90,com.fitbit.FitbitMobile
2026.09.12 00:09:37,00:09:37,85,com.android.healthconnect.phone.jd7cdc53389aa3a9ebd124ea7a13f1035
2026.09.12 00:10:00,00:10:00,552,com.huami.watch.hmwatchmanager
2026.09.12 00:10:00,00:10:00,57,com.fitbit.FitbitMobile
2026.09.12 00:10:35,00:10:35,47,com.android.healthconnect.phone.jd7cdc53389aa3a9ebd124ea7a13f1035
2026.09.12 00:11:00,00:11:00,70,com.fitbit.FitbitMobile
2026.09.12 00:11:41,00:11:41,88,com.android.healthconnect.phone.jd7cdc53389aa3a9ebd124ea7a13f1035
2026.09.12 00:12:00,00:12:00,88,com.fitbit.FitbitMobile
2026.09.12 00:12:41,00:12:41,158,com.android.healthconnect.phone.jd7cdc53389aa3a9ebd124ea7a13f1035
2026.09.12 00:13:00,00:13:00,90,com.fitbit.FitbitMobile
2026.09.12 00:14:00,00:14:00,45,com.fitbit.FitbitMobile
2026.09.12 00:14:29,00:14:29,23,com.android.healthconnect.phone.jd7cdc53389aa3a9ebd124ea7a13f1035
2026.09.12 00:15:00,00:15:00,19,com.fitbit.FitbitMobile
2026.09.12 00:17:00,00:17:00,2,com.fitbit.FitbitMobile
2026.09.12 00:18:00,00:18:00,29,com.fitbit.FitbitMobile
2026.09.12 00:18:30,00:18:30,6,com.android.healthconnect.phone.jd7cdc53389aa3a9ebd124ea7a13f1035
2026.09.12 00:18:42,00:18:42,143,com.android.healthconnect.phone.jd7cdc53389aa3a9ebd124ea7a13f1035
2026.09.12 00:19:00,00:19:00,83,com.fitbit.FitbitMobile
2026.09.12 00:20:00,00:20:00,992,com.huami.watch.hmwatchmanager
2026.09.12 00:20:00,00:20:00,90,com.fitbit.FitbitMobile
2026.09.12 00:20:23,00:20:23,92,com.android.healthconnect.phone.jd7cdc53389aa3a9ebd124ea7a13f1035
2026.09.12 00:21:00,00:21:00,91,com.fitbit.FitbitMobile
2026.09.12 00:21:23,00:21:23,92,com.android.healthconnect.phone.jd7cdc53389aa3a9ebd124ea7a13f1035
2026.09.12 00:22:00,00:22:00,92,com.fitbit.FitbitMobile
2026.09.12 00:22:24,00:22:24,90,com.android.healthconnect.phone.jd7cdc53389aa3a9ebd124ea7a13f1035
2026.09.12 00:23:00,00:23:00,92,com.fitbit.FitbitMobile
2026.09.12 00:23:24,00:23:24,93,com.android.healthconnect.phone.jd7cdc53389aa3a9ebd124ea7a13f1035
2026.09.12 00:24:00,00:24:00,93,com.fitbit.FitbitMobile
2026.09.12 00:24:24,00:24:24,94,com.android.healthconnect.phone.jd7cdc53389aa3a9ebd124ea7a13f1035
2026.09.12 00:25:00,00:25:00,93,com.fitbit.FitbitMobile
2026.09.12 00:25:24,00:25:24,271,com.android.healthconnect.phone.jd7cdc53389aa3a9ebd124ea7a13f1035
2026.09.12 00:26:00,00:26:00,93,com.fitbit.FitbitMobile
2026.09.12 00:27:00,00:27:00,92,com.fitbit.FitbitMobile
2026.09.12 00:28:00,00:28:00,93,com.fitbit.FitbitMobile
2026.09.12 00:28:20,00:28:20,134,com.android.healthconnect.phone.jd7cdc53389aa3a9ebd124ea7a13f1035
2026.09.12 00:29:00,00:29:00,94,com.fitbit.FitbitMobile
2026.09.12 00:29:45,00:29:45,90,com.android.healthconnect.phone.jd7cdc53389aa3a9ebd124ea7a13f1035
2026.09.12 00:30:00,00:30:00,757,com.huami.watch.hmwatchmanager
2026.09.12 00:30:00,00:30:00,89,com.fitbit.FitbitMobile
2026.09.12 00:30:45,00:30:45,91,com.android.healthconnect.phone.jd7cdc53389aa3a9ebd124ea7a13f1035
2026.09.12 00:31:00,00:31:00,91,com.fitbit.FitbitMobile
2026.09.12 00:31:46,00:31:46,167,com.android.healthconnect.phone.jd7cdc53389aa3a9ebd124ea7a13f1035
2026.09.12 00:32:00,00:32:00,82,com.fitbit.FitbitMobile
2026.09.12 00:33:00,00:33:00,83,com.fitbit.FitbitMobile
2026.09.12 00:33:42,00:33:42,39,com.android.healthconnect.phone.jd7cdc53389aa3a9ebd124ea7a13f1035
2026.09.12 00:34:00,00:34:00,41,com.fitbit.FitbitMobile
2026.09.12 00:34:42,00:34:42,39,com.android.healthconnect.phone.jd7cdc53389aa3a9ebd124ea7a13f1035
2026.09.12 00:35:00,00:35:00,18,com.fitbit.FitbitMobile
2026.09.12 00:36:00,00:36:00,1,com.fitbit.FitbitMobile
2026.09.12 00:37:00,00:37:00,14,com.fitbit.FitbitMobile
2026.09.12 00:37:40,00:37:40,7,com.android.healthconnect.phone.jd7cdc53389aa3a9ebd124ea7a13f1035
2026.09.12 00:37:54,00:37:54,89,com.android.healthconnect.phone.jd7cdc53389aa3a9ebd124ea7a13f1035
2026.09.12 00:38:00,00:38:00,90,com.fitbit.FitbitMobile
2026.09.12 00:38:54,00:38:54,94,com.android.healthconnect.phone.jd7cdc53389aa3a9ebd124ea7a13f1035
2026.09.12 00:39:00,00:39:00,91,com.fitbit.FitbitMobile
2026.09.12 00:39:54,00:39:54,263,com.android.healthconnect.phone.jd7cdc53389aa3a9ebd124ea7a13f1035
2026.09.12 00:40:00,00:40:00,549,com.huami.watch.hmwatchmanager
2026.09.12 00:40:00,00:40:00,26,com.fitbit.FitbitMobile
2026.09.12 00:41:00,00:41:00,100,com.fitbit.FitbitMobile
2026.09.12 00:42:00,00:42:00,101,com.fitbit.FitbitMobile
2026.09.12 00:43:00,00:43:00,98,com.fitbit.FitbitMobile
2026.09.12 00:43:17,00:43:17,97,com.android.healthconnect.phone.jd7cdc53389aa3a9ebd124ea7a13f1035
2026.09.12 00:44:00,00:44:00,97,com.fitbit.FitbitMobile
2026.09.12 00:44:18,00:44:18,98,com.android.healthconnect.phone.jd7cdc53389aa3a9ebd124ea7a13f1035
2026.09.12 00:45:00,00:45:00,100,com.fitbit.FitbitMobile
2026.09.12 00:45:18,00:45:18,100,com.android.healthconnect.phone.jd7cdc53389aa3a9ebd124ea7a13f1035
2026.09.12 00:46:00,00:46:00,99,com.fitbit.FitbitMobile
2026.09.12 00:46:18,00:46:18,99,com.android.healthconnect.phone.jd7cdc53389aa3a9ebd124ea7a13f1035
2026.09.12 00:47:00,00:47:00,77,com.fitbit.FitbitMobile
2026.09.12 00:47:17,00:47:17,69,com.android.healthconnect.phone.jd7cdc53389aa3a9ebd124ea7a13f1035
2026.09.12 00:48:00,00:48:00,58,com.fitbit.FitbitMobile
2026.09.12 00:48:18,00:48:18,41,com.android.healthconnect.phone.jd7cdc53389aa3a9ebd124ea7a13f1035
2026.09.12 00:49:00,00:49:00,36,com.fitbit.FitbitMobile
2026.09.12 00:49:17,00:49:17,35,com.android.healthconnect.phone.jd7cdc53389aa3a9ebd124ea7a13f1035
2026.09.12 00:50:00,00:50:00,9,com.huami.watch.hmwatchmanager
2026.09.12 00:50:00,00:50:00,4,com.fitbit.FitbitMobile
2026.09.12 00:53:00,00:53:00,4,com.fitbit.FitbitMobile
2026.09.12 00:54:00,00:54:00,3,com.fitbit.FitbitMobile
2026.09.12 00:54:06,00:54:06,6,com.android.healthconnect.phone.jd7cdc53389aa3a9ebd124ea7a13f1035
2026.09.12 00:54:18,00:54:18,1,com.android.healthconnect.phone.jd7cdc53389aa3a9ebd124ea7a13f1035
2026.09.12 02:20:00,02:20:00,8,com.huami.watch.hmwatchmanager
2026.09.12 10:20:00,10:20:00,7,com.huami.watch.hmwatchmanager
2026.09.12 11:00:00,11:00:00,3,com.huami.watch.hmwatchmanager
2026.09.12 11:10:00,11:10:00,49,com.huami.watch.hmwatchmanager
2026.09.12 11:14:00,11:14:00,14,com.fitbit.FitbitMobile
2026.09.12 11:14:36,11:14:36,16,com.android.healthconnect.phone.jd7cdc53389aa3a9ebd124ea7a13f1035
2026.09.12 11:15:00,11:15:00,11,com.fitbit.FitbitMobile
2026.09.12 11:15:08,11:15:08,13,com.android.healthconnect.phone.jd7cdc53389aa3a9ebd124ea7a13f1035
2026.09.12 11:16:00,11:16:00,4,com.fitbit.FitbitMobile
2026.09.12 11:20:00,11:20:00,6,com.huami.watch.hmwatchmanager
2026.09.12 11:20:00,11:20:00,3,com.fitbit.FitbitMobile
2026.09.12 11:21:00,11:21:00,19,com.fitbit.FitbitMobile
2026.09.12 11:21:24,11:21:24,7,com.android.healthconnect.phone.jd7cdc53389aa3a9ebd124ea7a13f1035
2026.09.12 11:21:38,11:21:38,15,com.android.healthconnect.phone.jd7cdc53389aa3a9ebd124ea7a13f1035
2026.09.12 11:30:00,11:30:00,28,com.huami.watch.hmwatchmanager
2026.09.12 11:33:00,11:33:00,3,com.fitbit.FitbitMobile
2026.09.12 11:34:00,11:34:00,12,com.fitbit.FitbitMobile
2026.09.12 11:34:21,11:34:21,8,com.android.healthconnect.phone.jd7cdc53389aa3a9ebd124ea7a13f1035
2026.09.12 11:34:37,11:34:37,8,com.android.healthconnect.phone.jd7cdc53389aa3a9ebd124ea7a13f1035
2026.09.12 11:40:00,11:40:00,20,com.huami.watch.hmwatchmanager
2026.09.12 12:27:00,12:27:00,1,com.fitbit.FitbitMobile
2026.09.12 14:38:00,14:38:00,4,com.fitbit.FitbitMobile
2026.09.12 14:39:00,14:39:00,13,com.fitbit.FitbitMobile
2026.09.12 14:39:17,14:39:17,8,com.android.healthconnect.phone.jd7cdc53389aa3a9ebd124ea7a13f1035
2026.09.12 14:39:33,14:39:33,9,com.android.healthconnect.phone.jd7cdc53389aa3a9ebd124ea7a13f1035
2026.09.12 15:03:00,15:03:00,2,com.fitbit.FitbitMobile
2026.09.12 15:04:00,15:04:00,18,com.fitbit.FitbitMobile
2026.09.12 15:04:24,15:04:24,6,com.android.healthconnect.phone.jd7cdc53389aa3a9ebd124ea7a13f1035
2026.09.12 15:04:36,15:04:36,14,com.android.healthconnect.phone.jd7cdc53389aa3a9ebd124ea7a13f1035
2026.09.12 17:46:00,17:46:00,6,com.fitbit.FitbitMobile
2026.09.12 17:46:56,17:46:56,7,com.android.healthconnect.phone.jd7cdc53389aa3a9ebd124ea7a13f1035
2026.09.12 17:47:00,17:47:00,1,com.fitbit.FitbitMobile
2026.09.12 20:10:00,20:10:00,67,com.huami.watch.hmwatchmanager
2026.09.12 20:20:00,20:20:00,8,com.huami.watch.hmwatchmanager
2026.09.12 20:23:00,20:23:00,4,com.fitbit.FitbitMobile
2026.09.12 20:24:00,20:24:00,8,com.fitbit.FitbitMobile
2026.09.12 20:24:17,20:24:17,8,com.android.healthconnect.phone.jd7cdc53389aa3a9ebd124ea7a13f1035
2026.09.12 20:24:33,20:24:33,4,com.android.healthconnect.phone.jd7cdc53389aa3a9ebd124ea7a13f1035
2026.09.12 20:24:36,20:24:36,37,com.android.healthconnect.phone.jd7cdc53389aa3a9ebd124ea7a13f1035
2026.09.12 20:29:00,20:29:00,2,com.fitbit.FitbitMobile
2026.09.12 20:30:00,20:30:00,573,com.huami.watch.hmwatchmanager
2026.09.12 20:30:00,20:30:00,18,com.fitbit.FitbitMobile
2026.09.12 20:31:00,20:31:00,17,com.fitbit.FitbitMobile
2026.09.12 20:31:31,20:31:31,139,com.android.healthconnect.phone.jd7cdc53389aa3a9ebd124ea7a13f1035
2026.09.12 20:34:00,20:34:00,13,com.fitbit.FitbitMobile
2026.09.12 20:35:00,20:35:00,57,com.fitbit.FitbitMobile
2026.09.12 20:36:00,20:36:00,111,com.fitbit.FitbitMobile
2026.09.12 20:36:37,20:36:37,112,com.android.healthconnect.phone.jd7cdc53389aa3a9ebd124ea7a13f1035
2026.09.12 20:37:00,20:37:00,110,com.fitbit.FitbitMobile
2026.09.12 20:37:37,20:37:37,106,com.android.healthconnect.phone.jd7cdc53389aa3a9ebd124ea7a13f1035
2026.09.12 20:38:00,20:38:00,105,com.fitbit.FitbitMobile
2026.09.12 20:38:37,20:38:37,108,com.android.healthconnect.phone.jd7cdc53389aa3a9ebd124ea7a13f1035
2026.09.12 20:39:00,20:39:00,110,com.fitbit.FitbitMobile
2026.09.12 20:39:37,20:39:37,53,com.android.healthconnect.phone.jd7cdc53389aa3a9ebd124ea7a13f1035
2026.09.12 20:40:00,20:40:00,220,com.huami.watch.hmwatchmanager
2026.09.12 20:40:00,20:40:00,18,com.fitbit.FitbitMobile
2026.09.12 20:40:06,20:40:06,47,com.android.healthconnect.phone.jd7cdc53389aa3a9ebd124ea7a13f1035
2026.09.12 20:41:00,20:41:00,82,com.fitbit.FitbitMobile
2026.09.12 20:41:37,20:41:37,109,com.android.healthconnect.phone.jd7cdc53389aa3a9ebd124ea7a13f1035
2026.09.12 20:42:00,20:42:00,106,com.fitbit.FitbitMobile
2026.09.12 20:42:37,20:42:37,39,com.android.healthconnect.phone.jd7cdc53389aa3a9ebd124ea7a13f1035
2026.09.12 20:43:00,20:43:00,1,com.fitbit.FitbitMobile
2026.09.12 20:44:00,20:44:00,7,com.fitbit.FitbitMobile
2026.09.12 20:44:50,20:44:50,6,com.android.healthconnect.phone.jd7cdc53389aa3a9ebd124ea7a13f1035
2026.09.12 20:45:00,20:45:00,84,com.fitbit.FitbitMobile
2026.09.12 20:45:02,20:45:02,89,com.android.healthconnect.phone.jd7cdc53389aa3a9ebd124ea7a13f1035
2026.09.12 20:46:00,20:46:00,105,com.fitbit.FitbitMobile
2026.09.12 20:46:02,20:46:02,105,com.android.healthconnect.phone.jd7cdc53389aa3a9ebd124ea7a13f1035
2026.09.12 20:47:00,20:47:00,111,com.fitbit.FitbitMobile
2026.09.12 20:47:02,20:47:02,112,com.android.healthconnect.phone.jd7cdc53389aa3a9ebd124ea7a13f1035
2026.09.12 20:48:00,20:48:00,105,com.fitbit.FitbitMobile
2026.09.12 20:48:02,20:48:02,105,com.android.healthconnect.phone.jd7cdc53389aa3a9ebd124ea7a13f1035
2026.09.12 20:49:00,20:49:00,105,com.fitbit.FitbitMobile
2026.09.12 20:49:02,20:49:02,104,com.android.healthconnect.phone.jd7cdc53389aa3a9ebd124ea7a13f1035
2026.09.12 20:50:00,20:50:00,1013,com.huami.watch.hmwatchmanager
2026.09.12 20:50:00,20:50:00,108,com.fitbit.FitbitMobile
2026.09.12 20:50:02,20:50:02,109,com.android.healthconnect.phone.jd7cdc53389aa3a9ebd124ea7a13f1035
2026.09.12 20:51:00,20:51:00,108,com.fitbit.FitbitMobile
2026.09.12 20:51:02,20:51:02,108,com.android.healthconnect.phone.jd7cdc53389aa3a9ebd124ea7a13f1035
2026.09.12 20:52:00,20:52:00,107,com.fitbit.FitbitMobile
2026.09.12 20:52:02,20:52:02,107,com.android.healthconnect.phone.jd7cdc53389aa3a9ebd124ea7a13f1035
2026.09.12 20:53:00,20:53:00,102,com.fitbit.FitbitMobile
2026.09.12 20:53:02,20:53:02,100,com.android.healthconnect.phone.jd7cdc53389aa3a9ebd124ea7a13f1035
2026.09.12 20:54:00,20:54:00,101,com.fitbit.FitbitMobile
2026.09.12 20:54:02,20:54:02,103,com.android.healthconnect.phone.jd7cdc53389aa3a9ebd124ea7a13f1035
2026.09.12 20:55:00,20:55:00,103,com.fitbit.FitbitMobile
2026.09.12 20:55:02,20:55:02,103,com.android.healthconnect.phone.jd7cdc53389aa3a9ebd124ea7a13f1035
2026.09.12 20:56:00,20:56:00,102,com.fitbit.FitbitMobile
2026.09.12 20:56:02,20:56:02,101,com.android.healthconnect.phone.jd7cdc53389aa3a9ebd124ea7a13f1035
2026.09.12 20:57:00,20:57:00,96,com.fitbit.FitbitMobile
2026.09.12 20:57:02,20:57:02,95,com.android.healthconnect.phone.jd7cdc53389aa3a9ebd124ea7a13f1035
2026.09.12 20:58:00,20:58:00,82,com.fitbit.FitbitMobile
2026.09.12 20:58:02,20:58:02,83,com.android.healthconnect.phone.jd7cdc53389aa3a9ebd124ea7a13f1035
2026.09.12 20:59:00,20:59:00,100,com.fitbit.FitbitMobile
2026.09.12 20:59:02,20:59:02,100,com.android.healthconnect.phone.jd7cdc53389aa3a9ebd124ea7a13f1035
2026.09.12 21:00:00,21:00:00,1031,com.huami.watch.hmwatchmanager
2026.09.12 21:00:00,21:00:00,107,com.fitbit.FitbitMobile
2026.09.12 21:00:02,21:00:02,106,com.android.healthconnect.phone.jd7cdc53389aa3a9ebd124ea7a13f1035
2026.09.12 21:01:00,21:01:00,84,com.fitbit.FitbitMobile
2026.09.12 21:01:02,21:01:02,85,com.android.healthconnect.phone.jd7cdc53389aa3a9ebd124ea7a13f1035
2026.09.12 21:02:00,21:02:00,105,com.fitbit.FitbitMobile
2026.09.12 21:02:02,21:02:02,130,com.android.healthconnect.phone.jd7cdc53389aa3a9ebd124ea7a13f1035
2026.09.12 21:03:00,21:03:00,106,com.fitbit.FitbitMobile
2026.09.12 21:03:15,21:03:15,105,com.android.healthconnect.phone.jd7cdc53389aa3a9ebd124ea7a13f1035
2026.09.12 21:04:00,21:04:00,106,com.fitbit.FitbitMobile
2026.09.12 21:04:15,21:04:15,105,com.android.healthconnect.phone.jd7cdc53389aa3a9ebd124ea7a13f1035
2026.09.12 21:05:00,21:05:00,105,com.fitbit.FitbitMobile
2026.09.12 21:05:15,21:05:15,106,com.android.healthconnect.phone.jd7cdc53389aa3a9ebd124ea7a13f1035
2026.09.12 21:06:00,21:06:00,106,com.fitbit.FitbitMobile
2026.09.12 21:06:15,21:06:15,106,com.android.healthconnect.phone.jd7cdc53389aa3a9ebd124ea7a13f1035
2026.09.12 21:07:00,21:07:00,105,com.fitbit.FitbitMobile
2026.09.12 21:07:15,21:07:15,104,com.android.healthconnect.phone.jd7cdc53389aa3a9ebd124ea7a13f1035
2026.09.12 21:08:00,21:08:00,104,com.fitbit.FitbitMobile
2026.09.12 21:08:15,21:08:15,104,com.android.healthconnect.phone.jd7cdc53389aa3a9ebd124ea7a13f1035
2026.09.12 21:09:00,21:09:00,104,com.fitbit.FitbitMobile
2026.09.12 21:09:15,21:09:15,103,com.android.healthconnect.phone.jd7cdc53389aa3a9ebd124ea7a13f1035
2026.09.12 21:10:00,21:10:00,954,com.huami.watch.hmwatchmanager
2026.09.12 21:10:00,21:10:00,96,com.fitbit.FitbitMobile
2026.09.12 21:10:15,21:10:15,69,com.android.healthconnect.phone.jd7cdc53389aa3a9ebd124ea7a13f1035
2026.09.12 21:10:57,21:10:57,87,com.android.healthconnect.phone.jd7cdc53389aa3a9ebd124ea7a13f1035
2026.09.12 21:11:00,21:11:00,60,com.fitbit.FitbitMobile
2026.09.12 21:12:00,21:12:00,101,com.fitbit.FitbitMobile
2026.09.12 21:12:15,21:12:15,103,com.android.healthconnect.phone.jd7cdc53389aa3a9ebd124ea7a13f1035
2026.09.12 21:13:00,21:13:00,107,com.fitbit.FitbitMobile
2026.09.12 21:13:15,21:13:15,106,com.android.healthconnect.phone.jd7cdc53389aa3a9ebd124ea7a13f1035
2026.09.12 21:14:00,21:14:00,98,com.fitbit.FitbitMobile
2026.09.12 21:14:15,21:14:15,96,com.android.healthconnect.phone.jd7cdc53389aa3a9ebd124ea7a13f1035
2026.09.12 21:15:00,21:15:00,95,com.fitbit.FitbitMobile
2026.09.12 21:15:15,21:15:15,94,com.android.healthconnect.phone.jd7cdc53389aa3a9ebd124ea7a13f1035
2026.09.12 21:16:00,21:16:00,94,com.fitbit.FitbitMobile
2026.09.12 21:16:15,21:16:15,95,com.android.healthconnect.phone.jd7cdc53389aa3a9ebd124ea7a13f1035
2026.09.12 21:17:00,21:17:00,100,com.fitbit.FitbitMobile
2026.09.12 21:17:15,21:17:15,101,com.android.healthconnect.phone.jd7cdc53389aa3a9ebd124ea7a13f1035
2026.09.12 21:18:00,21:18:00,96,com.fitbit.FitbitMobile
2026.09.12 21:18:15,21:18:15,92,com.android.healthconnect.phone.jd7cdc53389aa3a9ebd124ea7a13f1035
2026.09.12 21:19:00,21:19:00,95,com.fitbit.FitbitMobile
2026.09.12 21:19:15,21:19:15,99,com.android.healthconnect.phone.jd7cdc53389aa3a9ebd124ea7a13f1035
2026.09.12 21:20:00,21:20:00,390,com.huami.watch.hmwatchmanager
2026.09.12 21:20:00,21:20:00,93,com.fitbit.FitbitMobile
2026.09.12 21:20:15,21:20:15,92,com.android.healthconnect.phone.jd7cdc53389aa3a9ebd124ea7a13f1035
2026.09.12 21:21:00,21:21:00,97,com.fitbit.FitbitMobile
2026.09.12 21:21:16,21:21:16,99,com.android.healthconnect.phone.jd7cdc53389aa3a9ebd124ea7a13f1035
2026.09.12 21:22:00,21:22:00,100,com.fitbit.FitbitMobile
2026.09.12 21:22:15,21:22:15,98,com.android.healthconnect.phone.jd7cdc53389aa3a9ebd124ea7a13f1035
2026.09.12 21:23:00,21:23:00,97,com.fitbit.FitbitMobile
2026.09.12 21:23:15,21:23:15,98,com.android.healthconnect.phone.jd7cdc53389aa3a9ebd124ea7a13f1035
2026.09.12 21:24:00,21:24:00,104,com.fitbit.FitbitMobile
2026.09.12 21:24:15,21:24:15,96,com.android.healthconnect.phone.jd7cdc53389aa3a9ebd124ea7a13f1035
2026.09.12 21:25:00,21:25:00,18,com.fitbit.FitbitMobile
2026.09.12 21:26:00,21:26:00,7,com.fitbit.FitbitMobile
2026.09.12 21:26:48,21:26:48,6,com.android.healthconnect.phone.jd7cdc53389aa3a9ebd124ea7a13f1035
2026.09.12 21:27:00,21:27:00,99,com.fitbit.FitbitMobile
2026.09.12 21:27:00,21:27:00,101,com.android.healthconnect.phone.jd7cdc53389aa3a9ebd124ea7a13f1035
2026.09.12 21:28:00,21:28:00,107,com.fitbit.FitbitMobile
2026.09.12 21:28:00,21:28:00,107,com.android.healthconnect.phone.jd7cdc53389aa3a9ebd124ea7a13f1035
2026.09.12 21:29:00,21:29:00,109,com.fitbit.FitbitMobile
2026.09.12 21:29:00,21:29:00,109,com.android.healthconnect.phone.jd7cdc53389aa3a9ebd124ea7a13f1035
2026.09.12 21:30:00,21:30:00,1035,com.huami.watch.hmwatchmanager
2026.09.12 21:30:00,21:30:00,107,com.fitbit.FitbitMobile
2026.09.12 21:30:00,21:30:00,106,com.android.healthconnect.phone.jd7cdc53389aa3a9ebd124ea7a13f1035
2026.09.12 21:31:00,21:31:00,105,com.fitbit.FitbitMobile
2026.09.12 21:31:00,21:31:00,107,com.android.healthconnect.phone.jd7cdc53389aa3a9ebd124ea7a13f1035
2026.09.12 21:32:00,21:32:00,107,com.fitbit.FitbitMobile
2026.09.12 21:32:00,21:32:00,106,com.android.healthconnect.phone.jd7cdc53389aa3a9ebd124ea7a13f1035
2026.09.12 21:33:00,21:33:00,107,com.fitbit.FitbitMobile
2026.09.12 21:33:00,21:33:00,108,com.android.healthconnect.phone.jd7cdc53389aa3a9ebd124ea7a13f1035
2026.09.12 21:34:00,21:34:00,100,com.fitbit.FitbitMobile
2026.09.12 21:34:00,21:34:00,99,com.android.healthconnect.phone.jd7cdc53389aa3a9ebd124ea7a13f1035
2026.09.12 21:35:00,21:35:00,106,com.fitbit.FitbitMobile
2026.09.12 21:35:00,21:35:00,107,com.android.healthconnect.phone.jd7cdc53389aa3a9ebd124ea7a13f1035
2026.09.12 21:36:00,21:36:00,105,com.fitbit.FitbitMobile
2026.09.12 21:36:00,21:36:00,104,com.android.healthconnect.phone.jd7cdc53389aa3a9ebd124ea7a13f1035
2026.09.12 21:37:00,21:37:00,105,com.fitbit.FitbitMobile
2026.09.12 21:37:00,21:37:00,104,com.android.healthconnect.phone.jd7cdc53389aa3a9ebd124ea7a13f1035
2026.09.12 21:38:00,21:38:00,99,com.fitbit.FitbitMobile
2026.09.12 21:38:00,21:38:00,100,com.android.healthconnect.phone.jd7cdc53389aa3a9ebd124ea7a13f1035
2026.09.12 21:39:00,21:39:00,98,com.fitbit.FitbitMobile
2026.09.12 21:39:00,21:39:00,98,com.android.healthconnect.phone.jd7cdc53389aa3a9ebd124ea7a13f1035
2026.09.12 21:40:00,21:40:00,531,com.huami.watch.hmwatchmanager
2026.09.12 21:40:00,21:40:00,104,com.fitbit.FitbitMobile
2026.09.12 21:40:00,21:40:00,104,com.android.healthconnect.phone.jd7cdc53389aa3a9ebd124ea7a13f1035
2026.09.12 21:41:00,21:41:00,107,com.fitbit.FitbitMobile
2026.09.12 21:41:00,21:41:00,108,com.android.healthconnect.phone.jd7cdc53389aa3a9ebd124ea7a13f1035
2026.09.12 21:42:00,21:42:00,110,com.fitbit.FitbitMobile
2026.09.12 21:42:00,21:42:00,109,com.android.healthconnect.phone.jd7cdc53389aa3a9ebd124ea7a13f1035
2026.09.12 21:43:00,21:43:00,110,com.fitbit.FitbitMobile
2026.09.12 21:43:00,21:43:00,110,com.android.healthconnect.phone.jd7cdc53389aa3a9ebd124ea7a13f1035
2026.09.12 21:44:00,21:44:00,109,com.fitbit.FitbitMobile
2026.09.12 21:44:00,21:44:00,109,com.android.healthconnect.phone.jd7cdc53389aa3a9ebd124ea7a13f1035
2026.09.12 21:45:00,21:45:00,110,com.fitbit.FitbitMobile
2026.09.12 21:45:00,21:45:00,110,com.android.healthconnect.phone.jd7cdc53389aa3a9ebd124ea7a13f1035
2026.09.12 21:46:00,21:46:00,109,com.fitbit.FitbitMobile
2026.09.12 21:46:00,21:46:00,111,com.android.healthconnect.phone.jd7cdc53389aa3a9ebd124ea7a13f1035
2026.09.12 21:47:00,21:47:00,90,com.fitbit.FitbitMobile
2026.09.12 21:47:00,21:47:00,89,com.android.healthconnect.phone.jd7cdc53389aa3a9ebd124ea7a13f1035
2026.09.12 21:48:00,21:48:00,51,com.fitbit.FitbitMobile
2026.09.12 21:48:00,21:48:00,49,com.android.healthconnect.phone.jd7cdc53389aa3a9ebd124ea7a13f1035
2026.09.12 21:48:30,21:48:30,18,com.android.healthconnect.phone.jd7cdc53389aa3a9ebd124ea7a13f1035
2026.09.12 21:49:00,21:49:00,3,com.fitbit.FitbitMobile
2026.09.12 21:50:00,21:50:00,9,com.huami.watch.hmwatchmanager
2026.09.12 21:50:00,21:50:00,15,com.fitbit.FitbitMobile
2026.09.12 21:54:00,21:54:00,4,com.fitbit.FitbitMobile
2026.09.12 21:55:00,21:55:00,24,com.fitbit.FitbitMobile
2026.09.12 21:55:14,21:55:14,8,com.android.healthconnect.phone.jd7cdc53389aa3a9ebd124ea7a13f1035
2026.09.12 21:55:30,21:55:30,20,com.android.healthconnect.phone.jd7cdc53389aa3a9ebd124ea7a13f1035
2026.09.12 22:06:00,22:06:00,1,com.fitbit.FitbitMobile
2026.09.12 22:07:00,22:07:00,9,com.fitbit.FitbitMobile
2026.09.12 22:07:34,22:07:34,8,com.android.healthconnect.phone.jd7cdc53389aa3a9ebd124ea7a13f1035
2026.09.12 22:07:50,22:07:50,2,com.android.healthconnect.phone.jd7cdc53389aa3a9ebd124ea7a13f1035
2026.09.12 22:20:00,22:20:00,13,com.huami.watch.hmwatchmanager
2026.09.12 22:20:00,22:20:00,11,com.fitbit.FitbitMobile
2026.09.12 22:20:41,22:20:41,7,com.android.healthconnect.phone.jd7cdc53389aa3a9ebd124ea7a13f1035
2026.09.12 22:20:55,22:20:55,53,com.android.healthconnect.phone.jd7cdc53389aa3a9ebd124ea7a13f1035
2026.09.12 22:21:00,22:21:00,37,com.fitbit.FitbitMobile
2026.09.12 22:23:00,22:23:00,4,com.fitbit.FitbitMobile
2026.09.12 22:24:00,22:24:00,17,com.fitbit.FitbitMobile
2026.09.12 22:24:25,22:24:25,9,com.android.healthconnect.phone.jd7cdc53389aa3a9ebd124ea7a13f1035
2026.09.12 22:28:00,22:28:00,2,com.fitbit.FitbitMobile
2026.09.12 22:29:00,22:29:00,9,com.fitbit.FitbitMobile
2026.09.12 22:29:32,22:29:32,6,com.android.healthconnect.phone.jd7cdc53389aa3a9ebd124ea7a13f1035
2026.09.12 22:29:44,22:29:44,5,com.android.healthconnect.phone.jd7cdc53389aa3a9ebd124ea7a13f1035
2026.09.12 22:31:00,22:31:00,6,com.fitbit.FitbitMobile
2026.09.12 22:32:00,22:32:00,6,com.fitbit.FitbitMobile
2026.09.12 22:32:04,22:32:04,8,com.android.healthconnect.phone.jd7cdc53389aa3a9ebd124ea7a13f1035
2026.09.12 22:32:20,22:32:20,4,com.android.healthconnect.phone.jd7cdc53389aa3a9ebd124ea7a13f1035
2026.09.12 22:57:00,22:57:00,7,com.fitbit.FitbitMobile
2026.09.12 22:57:56,22:57:56,9,com.android.healthconnect.phone.jd7cdc53389aa3a9ebd124ea7a13f1035
2026.09.12 22:58:00,22:58:00,29,com.fitbit.FitbitMobile
2026.09.12 22:58:14,22:58:14,27,com.android.healthconnect.phone.jd7cdc53389aa3a9ebd124ea7a13f1035
2026.09.13 01:36:00,01:36:00,2,com.fitbit.FitbitMobile
2026.09.13 01:37:00,01:37:00,8,com.fitbit.FitbitMobile
2026.09.13 01:37:29,01:37:29,6,com.android.healthconnect.phone.jd7cdc53389aa3a9ebd124ea7a13f1035
2026.09.13 01:37:41,01:37:41,4,com.android.healthconnect.phone.jd7cdc53389aa3a9ebd124ea7a13f1035
2026.09.13 01:38:00,01:38:00,2,com.fitbit.FitbitMobile
2026.09.13 01:39:00,01:39:00,8,com.fitbit.FitbitMobile
2026.09.13 01:39:33,01:39:33,6,com.android.healthconnect.phone.jd7cdc53389aa3a9ebd124ea7a13f1035
2026.09.13 01:39:45,01:39:45,4,com.android.healthconnect.phone.jd7cdc53389aa3a9ebd124ea7a13f1035
2026.09.13 10:30:00,10:30:00,8,com.fitbit.FitbitMobile
2026.09.13 10:30:46,10:30:46,8,com.android.healthconnect.phone.jd7cdc53389aa3a9ebd124ea7a13f1035
2026.09.13 10:31:00,10:31:00,9,com.fitbit.FitbitMobile
2026.09.13 10:31:02,10:31:02,9,com.android.healthconnect.phone.jd7cdc53389aa3a9ebd124ea7a13f1035
2026.09.13 10:48:00,10:48:00,7,com.fitbit.FitbitMobile
2026.09.13 10:48:49,10:48:49,8,com.android.healthconnect.phone.jd7cdc53389aa3a9ebd124ea7a13f1035
2026.09.13 10:49:00,10:49:00,26,com.fitbit.FitbitMobile
2026.09.13 10:49:05,10:49:05,32,com.android.healthconnect.phone.jd7cdc53389aa3a9ebd124ea7a13f1035
2026.09.13 10:56:00,10:56:00,5,com.fitbit.FitbitMobile
2026.09.13 10:57:00,10:57:00,2,com.fitbit.FitbitMobile
2026.09.13 11:01:00,11:01:00,7,com.fitbit.FitbitMobile
2026.09.13 11:01:52,11:01:52,8,com.android.healthconnect.phone.jd7cdc53389aa3a9ebd124ea7a13f1035
2026.09.13 11:02:00,11:02:00,7,com.fitbit.FitbitMobile
2026.09.13 11:02:08,11:02:08,6,com.android.healthconnect.phone.jd7cdc53389aa3a9ebd124ea7a13f1035
2026.09.13 14:53:00,14:53:00,5,com.fitbit.FitbitMobile
2026.09.13 14:53:59,14:53:59,6,com.android.healthconnect.phone.jd7cdc53389aa3a9ebd124ea7a13f1035
2026.09.13 14:54:00,14:54:00,14,com.fitbit.FitbitMobile
2026.09.13 14:54:11,14:54:11,13,com.android.healthconnect.phone.jd7cdc53389aa3a9ebd124ea7a13f1035
2026.09.13 15:11:00,15:11:00,5,com.fitbit.FitbitMobile
2026.09.13 15:12:00,15:12:00,8,com.fitbit.FitbitMobile
2026.09.13 15:12:09,15:12:09,8,com.android.healthconnect.phone.jd7cdc53389aa3a9ebd124ea7a13f1035
2026.09.13 15:12:25,15:12:25,5,com.android.healthconnect.phone.jd7cdc53389aa3a9ebd124ea7a13f1035
2026.09.13 15:19:00,15:19:00,4,com.fitbit.FitbitMobile
2026.09.13 15:20:00,15:20:00,5,com.fitbit.FitbitMobile
2026.09.13 15:20:15,15:20:15,7,com.android.healthconnect.phone.jd7cdc53389aa3a9ebd124ea7a13f1035
2026.09.13 15:20:29,15:20:29,2,com.android.healthconnect.phone.jd7cdc53389aa3a9ebd124ea7a13f1035
2026.09.13 15:22:00,15:22:00,5,com.fitbit.FitbitMobile
2026.09.13 15:23:00,15:23:00,7,com.fitbit.FitbitMobile
2026.09.13 15:23:08,15:23:08,8,com.android.healthconnect.phone.jd7cdc53389aa3a9ebd124ea7a13f1035
2026.09.13 15:23:24,15:23:24,4,com.android.healthconnect.phone.jd7cdc53389aa3a9ebd124ea7a13f1035
2026.09.13 17:57:00,17:57:00,2,com.fitbit.FitbitMobile
2026.09.13 17:58:00,17:58:00,16,com.fitbit.FitbitMobile
2026.09.13 17:58:30,17:58:30,6,com.android.healthconnect.phone.jd7cdc53389aa3a9ebd124ea7a13f1035
2026.09.13 17:58:42,17:58:42,12,com.android.healthconnect.phone.jd7cdc53389aa3a9ebd124ea7a13f1035
2026.09.13 18:02:00,18:02:00,1,com.fitbit.FitbitMobile
2026.09.13 18:03:00,18:03:00,6,com.fitbit.FitbitMobile
2026.09.13 18:03:40,18:03:40,6,com.android.healthconnect.phone.jd7cdc53389aa3a9ebd124ea7a13f1035
2026.09.13 18:03:52,18:03:52,1,com.android.healthconnect.phone.jd7cdc53389aa3a9ebd124ea7a13f1035
2026.09.13 19:19:00,19:19:00,5,com.fitbit.FitbitMobile
2026.09.13 19:20:00,19:20:00,1,com.fitbit.FitbitMobile
2026.09.13 19:20:01,19:20:01,6,com.android.healthconnect.phone.jd7cdc53389aa3a9ebd124ea7a13f1035
2026.09.13 19:24:00,19:24:00,5,com.fitbit.FitbitMobile
2026.09.13 19:25:00,19:25:00,2,com.fitbit.FitbitMobile
2026.09.13 19:25:00,19:25:00,6,com.android.healthconnect.phone.jd7cdc53389aa3a9ebd124ea7a13f1035
2026.09.13 19:25:12,19:25:12,1,com.android.healthconnect.phone.jd7cdc53389aa3a9ebd124ea7a13f1035
2026.09.13 20:51:00,20:51:00,3,com.fitbit.FitbitMobile
2026.09.13 20:52:00,20:52:00,20,com.fitbit.FitbitMobile
2026.09.13 20:52:25,20:52:25,7,com.android.healthconnect.phone.jd7cdc53389aa3a9ebd124ea7a13f1035
2026.09.13 20:52:39,20:52:39,16,com.android.healthconnect.phone.jd7cdc53389aa3a9ebd124ea7a13f1035
2026.09.13 21:22:00,21:22:00,4,com.fitbit.FitbitMobile
2026.09.13 21:23:00,21:23:00,19,com.fitbit.FitbitMobile
2026.09.13 21:23:09,21:23:09,6,com.android.healthconnect.phone.jd7cdc53389aa3a9ebd124ea7a13f1035
2026.09.13 21:23:21,21:23:21,17,com.android.healthconnect.phone.jd7cdc53389aa3a9ebd124ea7a13f1035
2026.09.13 21:24:00,21:24:00,2,com.fitbit.FitbitMobile
2026.09.13 21:25:00,21:25:00,13,com.fitbit.FitbitMobile
2026.09.13 21:25:30,21:25:30,6,com.android.healthconnect.phone.jd7cdc53389aa3a9ebd124ea7a13f1035
2026.09.13 21:25:42,21:25:42,9,com.android.healthconnect.phone.jd7cdc53389aa3a9ebd124ea7a13f1035
2026.09.13 21:33:00,21:33:00,2,com.fitbit.FitbitMobile
2026.09.13 21:34:00,21:34:00,16,com.fitbit.FitbitMobile
2026.09.13 21:34:32,21:34:32,6,com.android.healthconnect.phone.jd7cdc53389aa3a9ebd124ea7a13f1035
2026.09.13 21:34:44,21:34:44,12,com.android.healthconnect.phone.jd7cdc53389aa3a9ebd124ea7a13f1035
2026.09.13 21:50:00,21:50:00,4,com.fitbit.FitbitMobile
2026.09.13 21:51:00,21:51:00,14,com.fitbit.FitbitMobile
2026.09.13 21:51:12,21:51:12,6,com.android.healthconnect.phone.jd7cdc53389aa3a9ebd124ea7a13f1035
2026.09.13 21:51:24,21:51:24,12,com.android.healthconnect.phone.jd7cdc53389aa3a9ebd124ea7a13f1035
2026.09.13 23:22:00,23:22:00,4,com.fitbit.FitbitMobile
2026.09.13 23:23:00,23:23:00,22,com.fitbit.FitbitMobile
2026.09.13 23:23:15,23:23:15,8,com.android.healthconnect.phone.jd7cdc53389aa3a9ebd124ea7a13f1035
2026.09.13 23:23:31,23:23:31,46,com.android.healthconnect.phone.jd7cdc53389aa3a9ebd124ea7a13f1035
2026.09.13 23:24:00,23:24:00,18,com.fitbit.FitbitMobile
2026.09.13 23:25:00,23:25:00,10,com.fitbit.FitbitMobile
2026.09.13 23:51:00,23:51:00,4,com.fitbit.FitbitMobile
2026.09.13 23:52:00,23:52:00,2,com.fitbit.FitbitMobile
2026.09.13 23:52:04,23:52:04,6,com.android.healthconnect.phone.jd7cdc53389aa3a9ebd124ea7a13f1035
2026.09.14 04:40:00,04:40:00,13,com.huami.watch.hmwatchmanager
2026.09.14 04:50:00,04:50:00,67,com.huami.watch.hmwatchmanager
2026.09.14 04:51:00,04:51:00,6,com.fitbit.FitbitMobile
2026.09.14 04:52:00,04:52:00,30,com.fitbit.FitbitMobile
2026.09.14 04:52:04,04:52:04,9,com.android.healthconnect.phone.jd7cdc53389aa3a9ebd124ea7a13f1035
2026.09.14 04:52:22,04:52:22,61,com.android.healthconnect.phone.jd7cdc53389aa3a9ebd124ea7a13f1035
2026.09.14 04:53:00,04:53:00,10,com.fitbit.FitbitMobile
2026.09.14 04:55:00,04:55:00,2,com.fitbit.FitbitMobile
2026.09.14 04:56:00,04:56:00,9,com.fitbit.FitbitMobile
2026.09.14 04:57:00,04:57:00,7,com.fitbit.FitbitMobile
2026.09.14 04:58:00,04:58:00,5,com.fitbit.FitbitMobile
2026.09.14 04:59:00,04:59:00,24,com.fitbit.FitbitMobile
2026.09.14 04:59:09,04:59:09,82,com.android.healthconnect.phone.jd7cdc53389aa3a9ebd124ea7a13f1035
2026.09.14 05:00:00,05:00:00,91,com.huami.watch.hmwatchmanager
2026.09.14 05:00:00,05:00:00,7,com.fitbit.FitbitMobile
2026.09.14 05:01:00,05:01:00,29,com.fitbit.FitbitMobile
2026.09.14 05:04:00,05:04:00,9,com.fitbit.FitbitMobile
2026.09.14 05:05:00,05:05:00,6,com.fitbit.FitbitMobile
2026.09.14 05:06:00,05:06:00,8,com.fitbit.FitbitMobile
2026.09.14 05:06:18,05:06:18,18,com.android.healthconnect.phone.jd7cdc53389aa3a9ebd124ea7a13f1035
2026.09.14 05:07:00,05:07:00,2,com.fitbit.FitbitMobile
2026.09.14 05:08:00,05:08:00,10,com.fitbit.FitbitMobile
2026.09.14 05:09:00,05:09:00,6,com.fitbit.FitbitMobile
2026.09.14 05:10:00,05:10:00,16,com.huami.watch.hmwatchmanager
2026.09.14 05:20:00,05:20:00,19,com.huami.watch.hmwatchmanager
2026.09.14 05:30:00,05:30:00,9,com.huami.watch.hmwatchmanager
2026.09.14 07:40:00,07:40:00,83,com.huami.watch.hmwatchmanager
2026.09.14 07:50:00,07:50:00,6,com.huami.watch.hmwatchmanager
2026.09.14 08:40:00,08:40:00,9,com.huami.watch.hmwatchmanager
2026.09.14 08:50:00,08:50:00,12,com.huami.watch.hmwatchmanager
2026.09.14 09:20:00,09:20:00,6,com.huami.watch.hmwatchmanager
2026.09.14 09:50:00,09:50:00,21,com.huami.watch.hmwatchmanager
2026.09.14 09:53:00,09:53:00,5,com.fitbit.FitbitMobile
2026.09.14 09:54:00,09:54:00,11,com.fitbit.FitbitMobile
2026.09.14 09:54:13,09:54:13,13,com.android.healthconnect.phone.jd7cdc53389aa3a9ebd124ea7a13f1035
2026.09.14 09:54:39,09:54:39,3,com.android.healthconnect.phone.jd7cdc53389aa3a9ebd124ea7a13f1035
2026.09.14 10:30:00,10:30:00,8,com.huami.watch.hmwatchmanager
2026.09.14 10:37:00,10:37:00,6,com.fitbit.FitbitMobile
2026.09.14 10:38:00,10:38:00,10,com.fitbit.FitbitMobile
2026.09.14 10:38:05,10:38:05,15,com.android.healthconnect.phone.jd7cdc53389aa3a9ebd124ea7a13f1035
2026.09.14 10:38:35,10:38:35,10,com.android.healthconnect.phone.jd7cdc53389aa3a9ebd124ea7a13f1035
2026.09.14 10:39:00,10:39:00,5,com.fitbit.FitbitMobile
2026.09.14 10:40:00,10:40:00,75,com.huami.watch.hmwatchmanager
2026.09.14 10:40:00,10:40:00,4,com.fitbit.FitbitMobile
2026.09.14 10:44:00,10:44:00,4,com.fitbit.FitbitMobile
2026.09.14 10:45:00,10:45:00,18,com.fitbit.FitbitMobile
2026.09.14 10:45:07,10:45:07,7,com.android.healthconnect.phone.jd7cdc53389aa3a9ebd124ea7a13f1035
2026.09.14 10:45:21,10:45:21,15,com.android.healthconnect.phone.jd7cdc53389aa3a9ebd124ea7a13f1035
2026.09.14 10:45:53,10:45:53,12,com.android.healthconnect.phone.jd7cdc53389aa3a9ebd124ea7a13f1035
2026.09.14 10:46:00,10:46:00,6,com.fitbit.FitbitMobile
2026.09.14 10:47:00,10:47:00,20,com.fitbit.FitbitMobile
2026.09.14 10:47:20,10:47:20,14,com.android.healthconnect.phone.jd7cdc53389aa3a9ebd124ea7a13f1035
2026.09.14 10:50:00,10:50:00,7,com.huami.watch.hmwatchmanager
2026.09.14 11:00:00,11:00:00,6,com.huami.watch.hmwatchmanager
2026.09.14 11:00:00,11:00:00,11,com.fitbit.FitbitMobile
2026.09.14 11:00:41,11:00:41,12,com.android.healthconnect.phone.jd7cdc53389aa3a9ebd124ea7a13f1035
2026.09.14 11:01:00,11:01:00,1,com.fitbit.FitbitMobile
2026.09.14 12:10:00,12:10:00,5,com.huami.watch.hmwatchmanager
2026.09.14 12:29:00,12:29:00,1,com.fitbit.FitbitMobile
2026.09.14 12:30:00,12:30:00,12,com.fitbit.FitbitMobile
2026.09.14 12:30:31,12:30:31,12,com.android.healthconnect.phone.jd7cdc53389aa3a9ebd124ea7a13f1035
2026.09.14 12:30:55,12:30:55,1,com.android.healthconnect.phone.jd7cdc53389aa3a9ebd124ea7a13f1035
2026.09.14 13:30:00,13:30:00,27,com.huami.watch.hmwatchmanager
2026.09.14 13:31:00,13:31:00,11,com.fitbit.FitbitMobile
2026.09.14 13:31:42,13:31:42,12,com.android.healthconnect.phone.jd7cdc53389aa3a9ebd124ea7a13f1035
2026.09.14 13:32:00,13:32:00,11,com.fitbit.FitbitMobile
2026.09.14 13:32:06,13:32:06,10,com.android.healthconnect.phone.jd7cdc53389aa3a9ebd124ea7a13f1035
2026.09.14 14:00:00,14:00:00,6,com.huami.watch.hmwatchmanager
2026.09.14 14:10:00,14:10:00,29,com.huami.watch.hmwatchmanager
2026.09.14 14:10:00,14:10:00,9,com.fitbit.FitbitMobile
2026.09.14 14:10:57,14:10:57,15,com.android.healthconnect.phone.jd7cdc53389aa3a9ebd124ea7a13f1035
2026.09.14 14:11:00,14:11:00,14,com.fitbit.FitbitMobile
2026.09.14 14:11:27,14:11:27,8,com.android.healthconnect.phone.jd7cdc53389aa3a9ebd124ea7a13f1035
2026.09.14 14:20:00,14:20:00,32,com.huami.watch.hmwatchmanager
2026.09.14 14:22:00,14:22:00,8,com.fitbit.FitbitMobile
2026.09.14 14:22:48,14:22:48,7,com.android.healthconnect.phone.jd7cdc53389aa3a9ebd124ea7a13f1035
2026.09.14 14:23:00,14:23:00,9,com.fitbit.FitbitMobile
2026.09.14 14:23:02,14:23:02,10,com.android.healthconnect.phone.jd7cdc53389aa3a9ebd124ea7a13f1035
2026.09.14 14:30:00,14:30:00,617,com.huami.watch.hmwatchmanager
2026.09.14 14:33:00,14:33:00,11,com.fitbit.FitbitMobile
2026.09.14 14:33:43,14:33:43,12,com.android.healthconnect.phone.jd7cdc53389aa3a9ebd124ea7a13f1035
2026.09.14 14:34:00,14:34:00,69,com.fitbit.FitbitMobile
2026.09.14 14:34:07,14:34:07,80,com.android.healthconnect.phone.jd7cdc53389aa3a9ebd124ea7a13f1035
2026.09.14 14:35:00,14:35:00,108,com.fitbit.FitbitMobile
2026.09.14 14:35:07,14:35:07,109,com.android.healthconnect.phone.jd7cdc53389aa3a9ebd124ea7a13f1035
2026.09.14 14:36:00,14:36:00,111,com.fitbit.FitbitMobile
2026.09.14 14:36:07,14:36:07,111,com.android.healthconnect.phone.jd7cdc53389aa3a9ebd124ea7a13f1035
2026.09.14 14:37:00,14:37:00,82,com.fitbit.FitbitMobile
2026.09.14 14:37:07,14:37:07,82,com.android.healthconnect.phone.jd7cdc53389aa3a9ebd124ea7a13f1035
2026.09.14 14:38:00,14:38:00,109,com.fitbit.FitbitMobile
2026.09.14 14:38:07,14:38:07,109,com.android.healthconnect.phone.jd7cdc53389aa3a9ebd124ea7a13f1035
2026.09.14 14:39:00,14:39:00,109,com.fitbit.FitbitMobile
2026.09.14 14:39:07,14:39:07,109,com.android.healthconnect.phone.jd7cdc53389aa3a9ebd124ea7a13f1035
2026.09.14 14:40:00,14:40:00,600,com.huami.watch.hmwatchmanager
2026.09.14 14:40:00,14:40:00,108,com.fitbit.FitbitMobile
2026.09.14 14:40:07,14:40:07,109,com.android.healthconnect.phone.jd7cdc53389aa3a9ebd124ea7a13f1035
2026.09.14 14:41:00,14:41:00,101,com.fitbit.FitbitMobile
2026.09.14 14:41:07,14:41:07,99,com.android.healthconnect.phone.jd7cdc53389aa3a9ebd124ea7a13f1035
2026.09.14 14:42:00,14:42:00,72,com.fitbit.FitbitMobile
2026.09.14 14:42:04,14:42:04,69,com.android.healthconnect.phone.jd7cdc53389aa3a9ebd124ea7a13f1035
2026.09.14 14:43:00,14:43:00,84,com.fitbit.FitbitMobile
2026.09.14 14:43:07,14:43:07,86,com.android.healthconnect.phone.jd7cdc53389aa3a9ebd124ea7a13f1035
2026.09.14 14:44:00,14:44:00,60,com.fitbit.FitbitMobile
2026.09.14 14:44:07,14:44:07,48,com.android.healthconnect.phone.jd7cdc53389aa3a9ebd124ea7a13f1035
2026.09.14 14:44:49,14:44:49,40,com.android.healthconnect.phone.jd7cdc53389aa3a9ebd124ea7a13f1035
2026.09.14 14:45:00,14:45:00,25,com.fitbit.FitbitMobile
2026.09.14 14:46:00,14:46:00,84,com.fitbit.FitbitMobile
2026.09.14 14:46:07,14:46:07,76,com.android.healthconnect.phone.jd7cdc53389aa3a9ebd124ea7a13f1035
2026.09.14 14:47:00,14:47:00,12,com.fitbit.FitbitMobile
2026.09.14 14:47:07,14:47:07,6,com.android.healthconnect.phone.jd7cdc53389aa3a9ebd124ea7a13f1035
2026.09.14 15:20:00,15:20:00,48,com.huami.watch.hmwatchmanager
2026.09.14 15:26:00,15:26:00,5,com.fitbit.FitbitMobile
2026.09.14 15:27:00,15:27:00,23,com.fitbit.FitbitMobile
2026.09.14 15:27:13,15:27:13,7,com.android.healthconnect.phone.jd7cdc53389aa3a9ebd124ea7a13f1035
2026.09.14 15:27:27,15:27:27,147,com.android.healthconnect.phone.jd7cdc53389aa3a9ebd124ea7a13f1035
2026.09.14 15:28:00,15:28:00,4,com.fitbit.FitbitMobile
2026.09.14 15:29:00,15:29:00,51,com.fitbit.FitbitMobile
2026.09.14 15:30:00,15:30:00,991,com.huami.watch.hmwatchmanager
2026.09.14 15:30:00,15:30:00,108,com.fitbit.FitbitMobile
2026.09.14 15:30:39,15:30:39,226,com.android.healthconnect.phone.jd7cdc53389aa3a9ebd124ea7a13f1035
2026.09.14 15:31:00,15:31:00,105,com.fitbit.FitbitMobile
2026.09.14 15:32:00,15:32:00,109,com.fitbit.FitbitMobile
2026.09.14 15:32:46,15:32:46,110,com.android.healthconnect.phone.jd7cdc53389aa3a9ebd124ea7a13f1035
2026.09.14 15:33:00,15:33:00,110,com.fitbit.FitbitMobile
2026.09.14 15:33:46,15:33:46,111,com.android.healthconnect.phone.jd7cdc53389aa3a9ebd124ea7a13f1035
2026.09.14 15:34:00,15:34:00,111,com.fitbit.FitbitMobile
2026.09.14 15:34:46,15:34:46,111,com.android.healthconnect.phone.jd7cdc53389aa3a9ebd124ea7a13f1035
2026.09.14 15:35:00,15:35:00,111,com.fitbit.FitbitMobile
2026.09.14 15:35:46,15:35:46,179,com.android.healthconnect.phone.jd7cdc53389aa3a9ebd124ea7a13f1035
2026.09.14 15:36:00,15:36:00,112,com.fitbit.FitbitMobile
2026.09.14 15:37:00,15:37:00,111,com.fitbit.FitbitMobile
2026.09.14 15:37:22,15:37:22,118,com.android.healthconnect.phone.jd7cdc53389aa3a9ebd124ea7a13f1035
2026.09.14 15:38:00,15:38:00,98,com.fitbit.FitbitMobile
2026.09.14 15:38:26,15:38:26,49,com.android.healthconnect.phone.jd7cdc53389aa3a9ebd124ea7a13f1035
2026.09.14 15:41:00,15:41:00,2,com.fitbit.FitbitMobile
2026.09.14 15:42:00,15:42:00,5,com.fitbit.FitbitMobile
2026.09.14 15:42:27,15:42:27,7,com.android.healthconnect.phone.jd7cdc53389aa3a9ebd124ea7a13f1035
2026.09.14 15:50:00,15:50:00,3,com.fitbit.FitbitMobile
2026.09.14 15:51:00,15:51:00,5,com.fitbit.FitbitMobile
2026.09.14 15:51:21,15:51:21,6,com.android.healthconnect.phone.jd7cdc53389aa3a9ebd124ea7a13f1035
2026.09.14 15:51:33,15:51:33,2,com.android.healthconnect.phone.jd7cdc53389aa3a9ebd124ea7a13f1035
2026.09.14 17:02:00,17:02:00,2,com.fitbit.FitbitMobile
2026.09.14 17:03:00,17:03:00,4,com.fitbit.FitbitMobile
2026.09.14 17:03:27,17:03:27,6,com.android.healthconnect.phone.jd7cdc53389aa3a9ebd124ea7a13f1035
2026.09.14 17:28:00,17:28:00,2,com.fitbit.FitbitMobile
2026.09.14 17:29:00,17:29:00,4,com.fitbit.FitbitMobile
2026.09.14 17:29:28,17:29:28,6,com.android.healthconnect.phone.jd7cdc53389aa3a9ebd124ea7a13f1035
2026.09.14 17:44:00,17:44:00,1,com.fitbit.FitbitMobile
2026.09.14 17:45:00,17:45:00,5,com.fitbit.FitbitMobile
2026.09.14 17:45:34,17:45:34,6,com.android.healthconnect.phone.jd7cdc53389aa3a9ebd124ea7a13f1035
2026.09.14 17:50:00,17:50:00,2,com.fitbit.FitbitMobile
2026.09.14 17:51:00,17:51:00,4,com.fitbit.FitbitMobile
2026.09.14 17:51:25,17:51:25,6,com.android.healthconnect.phone.jd7cdc53389aa3a9ebd124ea7a13f1035
2026.09.14 17:59:00,17:59:00,2,com.fitbit.FitbitMobile
2026.09.14 18:00:00,18:00:00,4,com.fitbit.FitbitMobile
2026.09.14 18:00:26,18:00:26,6,com.android.healthconnect.phone.jd7cdc53389aa3a9ebd124ea7a13f1035
2026.09.14 18:14:00,18:14:00,2,com.fitbit.FitbitMobile
2026.09.14 18:15:00,18:15:00,19,com.fitbit.FitbitMobile
2026.09.14 18:15:32,18:15:32,9,com.android.healthconnect.phone.jd7cdc53389aa3a9ebd124ea7a13f1035
2026.09.14 18:15:50,18:15:50,19,com.android.healthconnect.phone.jd7cdc53389aa3a9ebd124ea7a13f1035
2026.09.14 18:16:00,18:16:00,7,com.fitbit.FitbitMobile
2026.09.14 18:18:00,18:18:00,6,com.fitbit.FitbitMobile
2026.09.14 18:19:00,18:19:00,11,com.fitbit.FitbitMobile
2026.09.14 18:19:02,18:19:02,7,com.android.healthconnect.phone.jd7cdc53389aa3a9ebd124ea7a13f1035
2026.09.14 18:19:16,18:19:16,10,com.android.healthconnect.phone.jd7cdc53389aa3a9ebd124ea7a13f1035
2026.09.14 18:34:00,18:34:00,1,com.fitbit.FitbitMobile
2026.09.14 18:35:00,18:35:00,9,com.fitbit.FitbitMobile
2026.09.14 18:35:38,18:35:38,6,com.android.healthconnect.phone.jd7cdc53389aa3a9ebd124ea7a13f1035
2026.09.14 18:35:50,18:35:50,4,com.android.healthconnect.phone.jd7cdc53389aa3a9ebd124ea7a13f1035
2026.09.14 19:00:00,19:00:00,41,com.huami.watch.hmwatchmanager
2026.09.14 19:04:00,19:04:00,5,com.fitbit.FitbitMobile
2026.09.14 19:05:00,19:05:00,13,com.fitbit.FitbitMobile
2026.09.14 19:05:10,19:05:10,7,com.android.healthconnect.phone.jd7cdc53389aa3a9ebd124ea7a13f1035
2026.09.14 19:05:24,19:05:24,14,com.android.healthconnect.phone.jd7cdc53389aa3a9ebd124ea7a13f1035
2026.09.14 19:06:00,19:06:00,3,com.fitbit.FitbitMobile
2026.09.14 19:10:00,19:10:00,734,com.huami.watch.hmwatchmanager
2026.09.14 19:11:00,19:11:00,4,com.fitbit.FitbitMobile
2026.09.14 19:12:00,19:12:00,50,com.fitbit.FitbitMobile
2026.09.14 19:12:15,19:12:15,8,com.android.healthconnect.phone.jd7cdc53389aa3a9ebd124ea7a13f1035
2026.09.14 19:12:31,19:12:31,175,com.android.healthconnect.phone.jd7cdc53389aa3a9ebd124ea7a13f1035
2026.09.14 19:13:00,19:13:00,106,com.fitbit.FitbitMobile
2026.09.14 19:14:00,19:14:00,104,com.fitbit.FitbitMobile
2026.09.14 19:14:13,19:14:13,325,com.android.healthconnect.phone.jd7cdc53389aa3a9ebd124ea7a13f1035
2026.09.14 19:15:00,19:15:00,102,com.fitbit.FitbitMobile
2026.09.14 19:16:00,19:16:00,106,com.fitbit.FitbitMobile
2026.09.14 19:17:00,19:17:00,104,com.fitbit.FitbitMobile
2026.09.14 19:17:20,19:17:20,264,com.android.healthconnect.phone.jd7cdc53389aa3a9ebd124ea7a13f1035
2026.09.14 19:18:00,19:18:00,102,com.fitbit.FitbitMobile
2026.09.14 19:19:00,19:19:00,85,com.fitbit.FitbitMobile
2026.09.14 19:20:00,19:20:00,156,com.huami.watch.hmwatchmanager
2026.09.14 19:20:00,19:20:00,26,com.fitbit.FitbitMobile
2026.09.14 19:20:28,19:20:28,22,com.android.healthconnect.phone.jd7cdc53389aa3a9ebd124ea7a13f1035
2026.09.14 19:21:00,19:21:00,5,com.fitbit.FitbitMobile
2026.09.14 19:24:00,19:24:00,2,com.fitbit.FitbitMobile
2026.09.14 19:25:00,19:25:00,26,com.fitbit.FitbitMobile
2026.09.14 19:25:29,19:25:29,8,com.android.healthconnect.phone.jd7cdc53389aa3a9ebd124ea7a13f1035
2026.09.14 19:25:45,19:25:45,91,com.android.healthconnect.phone.jd7cdc53389aa3a9ebd124ea7a13f1035
2026.09.14 19:26:00,19:26:00,71,com.fitbit.FitbitMobile
2026.09.14 19:27:00,19:27:00,2,com.fitbit.FitbitMobile
2026.09.14 19:28:00,19:28:00,31,com.fitbit.FitbitMobile
2026.09.14 19:28:30,19:28:30,7,com.android.healthconnect.phone.jd7cdc53389aa3a9ebd124ea7a13f1035
2026.09.14 19:28:44,19:28:44,42,com.android.healthconnect.phone.jd7cdc53389aa3a9ebd124ea7a13f1035
2026.09.14 19:29:00,19:29:00,23,com.fitbit.FitbitMobile
2026.09.14 19:29:10,19:29:10,28,com.android.healthconnect.phone.jd7cdc53389aa3a9ebd124ea7a13f1035
2026.09.14 19:30:00,19:30:00,1023,com.huami.watch.hmwatchmanager
2026.09.14 19:30:00,19:30:00,49,com.fitbit.FitbitMobile
2026.09.14 19:30:44,19:30:44,157,com.android.healthconnect.phone.jd7cdc53389aa3a9ebd124ea7a13f1035
2026.09.14 19:31:00,19:31:00,110,com.fitbit.FitbitMobile
2026.09.14 19:32:00,19:32:00,112,com.fitbit.FitbitMobile
2026.09.14 19:32:10,19:32:10,111,com.android.healthconnect.phone.jd7cdc53389aa3a9ebd124ea7a13f1035
2026.09.14 19:33:00,19:33:00,108,com.fitbit.FitbitMobile
2026.09.14 19:33:10,19:33:10,108,com.android.healthconnect.phone.jd7cdc53389aa3a9ebd124ea7a13f1035
2026.09.14 19:34:00,19:34:00,108,com.fitbit.FitbitMobile
2026.09.14 19:34:10,19:34:10,108,com.android.healthconnect.phone.jd7cdc53389aa3a9ebd124ea7a13f1035
2026.09.14 19:35:00,19:35:00,107,com.fitbit.FitbitMobile
2026.09.14 19:35:09,19:35:09,105,com.android.healthconnect.phone.jd7cdc53389aa3a9ebd124ea7a13f1035
2026.09.14 19:36:00,19:36:00,105,com.fitbit.FitbitMobile
2026.09.14 19:36:09,19:36:09,108,com.android.healthconnect.phone.jd7cdc53389aa3a9ebd124ea7a13f1035
2026.09.14 19:37:00,19:37:00,112,com.fitbit.FitbitMobile
2026.09.14 19:37:10,19:37:10,111,com.android.healthconnect.phone.jd7cdc53389aa3a9ebd124ea7a13f1035
2026.09.14 19:38:00,19:38:00,104,com.fitbit.FitbitMobile
2026.09.14 19:38:10,19:38:10,103,com.android.healthconnect.phone.jd7cdc53389aa3a9ebd124ea7a13f1035
2026.09.14 19:39:00,19:39:00,106,com.fitbit.FitbitMobile
2026.09.14 19:39:09,19:39:09,107,com.android.healthconnect.phone.jd7cdc53389aa3a9ebd124ea7a13f1035
2026.09.14 19:40:00,19:40:00,216,com.huami.watch.hmwatchmanager
2026.09.14 19:40:00,19:40:00,104,com.fitbit.FitbitMobile
2026.09.14 19:40:10,19:40:10,105,com.android.healthconnect.phone.jd7cdc53389aa3a9ebd124ea7a13f1035
2026.09.14 19:41:00,19:41:00,109,com.fitbit.FitbitMobile
2026.09.14 19:41:10,19:41:10,90,com.android.healthconnect.phone.jd7cdc53389aa3a9ebd124ea7a13f1035
2026.09.14 19:50:00,19:50:00,887,com.huami.watch.hmwatchmanager
2026.09.14 19:50:00,19:50:00,9,com.fitbit.FitbitMobile
2026.09.14 19:50:57,19:50:57,15,com.android.healthconnect.phone.jd7cdc53389aa3a9ebd124ea7a13f1035
2026.09.14 19:51:00,19:51:00,62,com.fitbit.FitbitMobile
2026.09.14 19:51:27,19:51:27,112,com.android.healthconnect.phone.jd7cdc53389aa3a9ebd124ea7a13f1035
2026.09.14 19:52:00,19:52:00,108,com.fitbit.FitbitMobile
2026.09.14 19:52:31,19:52:31,106,com.android.healthconnect.phone.jd7cdc53389aa3a9ebd124ea7a13f1035
2026.09.14 19:53:00,19:53:00,103,com.fitbit.FitbitMobile
2026.09.14 19:53:31,19:53:31,106,com.android.healthconnect.phone.jd7cdc53389aa3a9ebd124ea7a13f1035
2026.09.14 19:54:00,19:54:00,108,com.fitbit.FitbitMobile
2026.09.14 19:54:31,19:54:31,107,com.android.healthconnect.phone.jd7cdc53389aa3a9ebd124ea7a13f1035
2026.09.14 19:55:00,19:55:00,104,com.fitbit.FitbitMobile
2026.09.14 19:55:31,19:55:31,105,com.android.healthconnect.phone.jd7cdc53389aa3a9ebd124ea7a13f1035
2026.09.14 19:56:00,19:56:00,108,com.fitbit.FitbitMobile
2026.09.14 19:56:32,19:56:32,107,com.android.healthconnect.phone.jd7cdc53389aa3a9ebd124ea7a13f1035
2026.09.14 19:57:00,19:57:00,106,com.fitbit.FitbitMobile
2026.09.14 19:57:31,19:57:31,107,com.android.healthconnect.phone.jd7cdc53389aa3a9ebd124ea7a13f1035
2026.09.14 19:58:00,19:58:00,97,com.fitbit.FitbitMobile
2026.09.14 19:58:31,19:58:31,61,com.android.healthconnect.phone.jd7cdc53389aa3a9ebd124ea7a13f1035
2026.09.14 19:59:00,19:59:00,62,com.fitbit.FitbitMobile
2026.09.14 19:59:31,19:59:31,133,com.android.healthconnect.phone.jd7cdc53389aa3a9ebd124ea7a13f1035
2026.09.14 20:00:00,20:00:00,602,com.huami.watch.hmwatchmanager
2026.09.14 20:00:00,20:00:00,87,com.fitbit.FitbitMobile
2026.09.14 20:01:00,20:01:00,89,com.fitbit.FitbitMobile
2026.09.14 20:01:03,20:01:03,90,com.android.healthconnect.phone.jd7cdc53389aa3a9ebd124ea7a13f1035
2026.09.14 20:02:00,20:02:00,38,com.fitbit.FitbitMobile
2026.09.14 20:02:04,20:02:04,39,com.android.healthconnect.phone.jd7cdc53389aa3a9ebd124ea7a13f1035
2026.09.14 20:03:00,20:03:00,69,com.fitbit.FitbitMobile
2026.09.14 20:03:03,20:03:03,68,com.android.healthconnect.phone.jd7cdc53389aa3a9ebd124ea7a13f1035
2026.09.14 20:04:00,20:04:00,97,com.fitbit.FitbitMobile
2026.09.14 20:04:03,20:04:03,97,com.android.healthconnect.phone.jd7cdc53389aa3a9ebd124ea7a13f1035
2026.09.14 20:05:00,20:05:00,98,com.fitbit.FitbitMobile
2026.09.14 20:05:04,20:05:04,97,com.android.healthconnect.phone.jd7cdc53389aa3a9ebd124ea7a13f1035
2026.09.14 20:06:00,20:06:00,87,com.fitbit.FitbitMobile
2026.09.14 20:06:03,20:06:03,87,com.android.healthconnect.phone.jd7cdc53389aa3a9ebd124ea7a13f1035
2026.09.14 20:07:00,20:07:00,7,com.fitbit.FitbitMobile
2026.09.14 20:07:03,20:07:03,2,com.android.healthconnect.phone.jd7cdc53389aa3a9ebd124ea7a13f1035
2026.09.14 20:09:00,20:09:00,2,com.fitbit.FitbitMobile
2026.09.14 20:10:00,20:10:00,274,com.huami.watch.hmwatchmanager
2026.09.14 20:10:00,20:10:00,15,com.fitbit.FitbitMobile
2026.09.14 20:10:28,20:10:28,8,com.android.healthconnect.phone.jd7cdc53389aa3a9ebd124ea7a13f1035
2026.09.14 20:10:44,20:10:44,34,com.android.healthconnect.phone.jd7cdc53389aa3a9ebd124ea7a13f1035
2026.09.14 20:11:00,20:11:00,20,com.fitbit.FitbitMobile
2026.09.14 20:12:00,20:12:00,17,com.fitbit.FitbitMobile
2026.09.14 20:12:14,20:12:14,40,com.android.healthconnect.phone.jd7cdc53389aa3a9ebd124ea7a13f1035
2026.09.14 20:13:00,20:13:00,63,com.fitbit.FitbitMobile
2026.09.14 20:13:30,20:13:30,45,com.android.healthconnect.phone.jd7cdc53389aa3a9ebd124ea7a13f1035
2026.09.14 20:14:00,20:14:00,38,com.fitbit.FitbitMobile
2026.09.14 20:14:31,20:14:31,34,com.android.healthconnect.phone.jd7cdc53389aa3a9ebd124ea7a13f1035
2026.09.14 20:15:00,20:15:00,12,com.fitbit.FitbitMobile
2026.09.14 20:15:06,20:15:06,6,com.android.healthconnect.phone.jd7cdc53389aa3a9ebd124ea7a13f1035
2026.09.14 20:16:00,20:16:00,2,com.fitbit.FitbitMobile
2026.09.14 20:17:00,20:17:00,9,com.fitbit.FitbitMobile
2026.09.14 20:17:27,20:17:27,6,com.android.healthconnect.phone.jd7cdc53389aa3a9ebd124ea7a13f1035
2026.09.14 20:17:39,20:17:39,26,com.android.healthconnect.phone.jd7cdc53389aa3a9ebd124ea7a13f1035
2026.09.14 20:18:00,20:18:00,51,com.fitbit.FitbitMobile
2026.09.14 20:18:39,20:18:39,91,com.android.healthconnect.phone.jd7cdc53389aa3a9ebd124ea7a13f1035
2026.09.14 20:19:00,20:19:00,92,com.fitbit.FitbitMobile
2026.09.14 20:19:39,20:19:39,54,com.android.healthconnect.phone.jd7cdc53389aa3a9ebd124ea7a13f1035
2026.09.14 20:20:00,20:20:00,634,com.huami.watch.hmwatchmanager
2026.09.14 20:20:00,20:20:00,38,com.fitbit.FitbitMobile
2026.09.14 20:20:24,20:20:24,103,com.android.healthconnect.phone.jd7cdc53389aa3a9ebd124ea7a13f1035
2026.09.14 20:21:00,20:21:00,89,com.fitbit.FitbitMobile
2026.09.14 20:22:00,20:22:00,88,com.fitbit.FitbitMobile
2026.09.14 20:22:06,20:22:06,100,com.android.healthconnect.phone.jd7cdc53389aa3a9ebd124ea7a13f1035
2026.09.14 20:23:00,20:23:00,85,com.fitbit.FitbitMobile
2026.09.14 20:23:06,20:23:06,74,com.android.healthconnect.phone.jd7cdc53389aa3a9ebd124ea7a13f1035
2026.09.14 20:23:57,20:23:57,13,com.android.healthconnect.phone.jd7cdc53389aa3a9ebd124ea7a13f1035
2026.09.14 20:24:00,20:24:00,11,com.fitbit.FitbitMobile
2026.09.14 20:24:57,20:24:57,28,com.android.healthconnect.phone.jd7cdc53389aa3a9ebd124ea7a13f1035
2026.09.14 20:25:00,20:25:00,30,com.fitbit.FitbitMobile
2026.09.14 20:26:00,20:26:00,5,com.fitbit.FitbitMobile
2026.09.14 20:27:00,20:27:00,67,com.fitbit.FitbitMobile
2026.09.14 20:27:04,20:27:04,7,com.android.healthconnect.phone.jd7cdc53389aa3a9ebd124ea7a13f1035
2026.09.14 20:27:18,20:27:18,93,com.android.healthconnect.phone.jd7cdc53389aa3a9ebd124ea7a13f1035
2026.09.14 20:28:00,20:28:00,91,com.fitbit.FitbitMobile
2026.09.14 20:28:18,20:28:18,92,com.android.healthconnect.phone.jd7cdc53389aa3a9ebd124ea7a13f1035
2026.09.14 20:29:00,20:29:00,94,com.fitbit.FitbitMobile
2026.09.14 20:29:18,20:29:18,98,com.android.healthconnect.phone.jd7cdc53389aa3a9ebd124ea7a13f1035
2026.09.14 20:30:00,20:30:00,664,com.huami.watch.hmwatchmanager
2026.09.14 20:30:00,20:30:00,105,com.fitbit.FitbitMobile
2026.09.14 20:30:18,20:30:18,104,com.android.healthconnect.phone.jd7cdc53389aa3a9ebd124ea7a13f1035
2026.09.14 20:31:00,20:31:00,79,com.fitbit.FitbitMobile
2026.09.14 20:31:18,20:31:18,44,com.android.healthconnect.phone.jd7cdc53389aa3a9ebd124ea7a13f1035
2026.09.14 20:31:46,20:31:46,42,com.android.healthconnect.phone.jd7cdc53389aa3a9ebd124ea7a13f1035
2026.09.14 20:32:00,20:32:00,37,com.fitbit.FitbitMobile
2026.09.14 20:33:00,20:33:00,2,com.fitbit.FitbitMobile
2026.09.14 20:34:00,20:34:00,7,com.fitbit.FitbitMobile
2026.09.14 20:34:56,20:34:56,7,com.android.healthconnect.phone.jd7cdc53389aa3a9ebd124ea7a13f1035
2026.09.14 20:35:00,20:35:00,61,com.fitbit.FitbitMobile
2026.09.14 20:35:10,20:35:10,111,com.android.healthconnect.phone.jd7cdc53389aa3a9ebd124ea7a13f1035
2026.09.14 20:36:00,20:36:00,87,com.fitbit.FitbitMobile
2026.09.14 20:36:36,20:36:36,131,com.android.healthconnect.phone.jd7cdc53389aa3a9ebd124ea7a13f1035
2026.09.14 20:37:00,20:37:00,101,com.fitbit.FitbitMobile
2026.09.14 20:37:55,20:37:55,131,com.android.healthconnect.phone.jd7cdc53389aa3a9ebd124ea7a13f1035
2026.09.14 20:38:00,20:38:00,104,com.fitbit.FitbitMobile
2026.09.14 20:39:00,20:39:00,108,com.fitbit.FitbitMobile
2026.09.14 20:39:11,20:39:11,109,com.android.healthconnect.phone.jd7cdc53389aa3a9ebd124ea7a13f1035
2026.09.14 20:40:00,20:40:00,1049,com.huami.watch.hmwatchmanager
2026.09.14 20:40:00,20:40:00,105,com.fitbit.FitbitMobile
2026.09.14 20:40:11,20:40:11,106,com.android.healthconnect.phone.jd7cdc53389aa3a9ebd124ea7a13f1035
2026.09.14 20:41:00,20:41:00,92,com.fitbit.FitbitMobile
2026.09.14 20:41:11,20:41:11,82,com.android.healthconnect.phone.jd7cdc53389aa3a9ebd124ea7a13f1035
2026.09.14 20:42:00,20:42:00,102,com.fitbit.FitbitMobile
2026.09.14 20:42:11,20:42:11,111,com.android.healthconnect.phone.jd7cdc53389aa3a9ebd124ea7a13f1035
2026.09.14 20:43:00,20:43:00,108,com.fitbit.FitbitMobile
2026.09.14 20:43:11,20:43:11,157,com.android.healthconnect.phone.jd7cdc53389aa3a9ebd124ea7a13f1035
2026.09.14 20:44:00,20:44:00,108,com.fitbit.FitbitMobile
2026.09.14 20:44:39,20:44:39,197,com.android.healthconnect.phone.jd7cdc53389aa3a9ebd124ea7a13f1035
2026.09.14 20:45:00,20:45:00,110,com.fitbit.FitbitMobile
2026.09.14 20:46:00,20:46:00,110,com.fitbit.FitbitMobile
2026.09.14 20:46:27,20:46:27,111,com.android.healthconnect.phone.jd7cdc53389aa3a9ebd124ea7a13f1035
2026.09.14 20:47:00,20:47:00,110,com.fitbit.FitbitMobile
2026.09.14 20:47:27,20:47:27,108,com.android.healthconnect.phone.jd7cdc53389aa3a9ebd124ea7a13f1035
2026.09.14 20:48:00,20:48:00,105,com.fitbit.FitbitMobile
2026.09.14 20:48:27,20:48:27,102,com.android.healthconnect.phone.jd7cdc53389aa3a9ebd124ea7a13f1035
2026.09.14 20:49:00,20:49:00,103,com.fitbit.FitbitMobile
2026.09.14 20:49:27,20:49:27,108,com.android.healthconnect.phone.jd7cdc53389aa3a9ebd124ea7a13f1035
2026.09.14 20:50:00,20:50:00,630,com.huami.watch.hmwatchmanager
2026.09.14 20:50:00,20:50:00,105,com.fitbit.FitbitMobile
2026.09.14 20:50:27,20:50:27,99,com.android.healthconnect.phone.jd7cdc53389aa3a9ebd124ea7a13f1035
2026.09.14 20:51:00,20:51:00,55,com.fitbit.FitbitMobile
2026.09.14 20:51:27,20:51:27,51,com.android.healthconnect.phone.jd7cdc53389aa3a9ebd124ea7a13f1035
2026.09.14 20:52:00,20:52:00,88,com.fitbit.FitbitMobile
2026.09.14 20:52:27,20:52:27,78,com.android.healthconnect.phone.jd7cdc53389aa3a9ebd124ea7a13f1035
2026.09.14 20:53:00,20:53:00,84,com.fitbit.FitbitMobile
2026.09.14 20:53:27,20:53:27,66,com.android.healthconnect.phone.jd7cdc53389aa3a9ebd124ea7a13f1035
2026.09.14 20:54:00,20:54:00,44,com.fitbit.FitbitMobile
2026.09.14 20:54:07,20:54:07,39,com.android.healthconnect.phone.jd7cdc53389aa3a9ebd124ea7a13f1035
2026.09.14 20:55:00,20:55:00,7,com.fitbit.FitbitMobile
2026.09.14 20:56:00,20:56:00,2,com.fitbit.FitbitMobile
2026.09.14 20:57:00,20:57:00,28,com.fitbit.FitbitMobile
2026.09.14 20:57:31,20:57:31,7,com.android.healthconnect.phone.jd7cdc53389aa3a9ebd124ea7a13f1035
2026.09.14 20:57:45,20:57:45,181,com.android.healthconnect.phone.jd7cdc53389aa3a9ebd124ea7a13f1035
2026.09.14 20:58:00,20:58:00,104,com.fitbit.FitbitMobile
2026.09.14 20:59:00,20:59:00,60,com.fitbit.FitbitMobile
2026.09.14 20:59:31,20:59:31,53,com.android.healthconnect.phone.jd7cdc53389aa3a9ebd124ea7a13f1035
2026.09.14 21:00:00,21:00:00,384,com.huami.watch.hmwatchmanager
2026.09.14 21:00:00,21:00:00,94,com.fitbit.FitbitMobile
2026.09.14 21:00:35,21:00:35,108,com.android.healthconnect.phone.jd7cdc53389aa3a9ebd124ea7a13f1035
2026.09.14 21:01:00,21:01:00,109,com.fitbit.FitbitMobile
2026.09.14 21:01:34,21:01:34,109,com.android.healthconnect.phone.jd7cdc53389aa3a9ebd124ea7a13f1035
2026.09.14 21:02:00,21:02:00,107,com.fitbit.FitbitMobile
2026.09.14 21:02:34,21:02:34,85,com.android.healthconnect.phone.jd7cdc53389aa3a9ebd124ea7a13f1035
2026.09.14 21:03:00,21:03:00,45,com.fitbit.FitbitMobile
2026.09.14 21:03:22,21:03:22,22,com.android.healthconnect.phone.jd7cdc53389aa3a9ebd124ea7a13f1035
2026.09.14 21:04:00,21:04:00,16,com.fitbit.FitbitMobile
2026.09.14 21:16:00,21:16:00,6,com.fitbit.FitbitMobile
2026.09.14 21:16:55,21:16:55,6,com.android.healthconnect.phone.jd7cdc53389aa3a9ebd124ea7a13f1035
2026.09.14 21:17:00,21:17:00,3,com.fitbit.FitbitMobile
2026.09.14 21:17:07,21:17:07,3,com.android.healthconnect.phone.jd7cdc53389aa3a9ebd124ea7a13f1035
2026.09.14 21:24:00,21:24:00,4,com.fitbit.FitbitMobile
2026.09.14 21:25:00,21:25:00,4,com.fitbit.FitbitMobile
2026.09.14 21:25:09,21:25:09,6,com.android.healthconnect.phone.jd7cdc53389aa3a9ebd124ea7a13f1035
2026.09.14 21:25:21,21:25:21,2,com.android.healthconnect.phone.jd7cdc53389aa3a9ebd124ea7a13f1035
2026.09.14 21:34:00,21:34:00,8,com.fitbit.FitbitMobile
2026.09.14 21:34:46,21:34:46,7,com.android.healthconnect.phone.jd7cdc53389aa3a9ebd124ea7a13f1035
2026.09.14 21:35:00,21:35:00,48,com.fitbit.FitbitMobile
2026.09.14 21:35:00,21:35:00,82,com.android.healthconnect.phone.jd7cdc53389aa3a9ebd124ea7a13f1035
2026.09.14 21:36:00,21:36:00,37,com.fitbit.FitbitMobile
2026.09.14 21:36:29,21:36:29,25,com.android.healthconnect.phone.jd7cdc53389aa3a9ebd124ea7a13f1035
2026.09.14 21:37:00,21:37:00,16,com.fitbit.FitbitMobile
2026.09.14 21:38:00,21:38:00,10,com.fitbit.FitbitMobile
2026.09.14 21:38:05,21:38:05,10,com.android.healthconnect.phone.jd7cdc53389aa3a9ebd124ea7a13f1035
2026.09.14 21:39:00,21:39:00,5,com.fitbit.FitbitMobile
2026.09.14 22:19:00,22:19:00,9,com.fitbit.FitbitMobile
2026.09.14 22:19:52,22:19:52,15,com.android.healthconnect.phone.jd7cdc53389aa3a9ebd124ea7a13f1035
2026.09.14 22:20:00,22:20:00,17,com.fitbit.FitbitMobile
2026.09.14 22:20:22,22:20:22,11,com.android.healthconnect.phone.jd7cdc53389aa3a9ebd124ea7a13f1035
2026.09.14 22:50:00,22:50:00,3,com.huami.watch.hmwatchmanager
2026.09.15 02:40:00,02:40:00,13,com.huami.watch.hmwatchmanager
2026.09.15 07:30:00,07:30:00,32,com.huami.watch.hmwatchmanager
2026.09.15 07:32:00,07:32:00,7,com.fitbit.FitbitMobile
2026.09.15 07:32:50,07:32:50,7,com.android.healthconnect.phone.jd7cdc53389aa3a9ebd124ea7a13f1035
2026.09.15 07:33:00,07:33:00,1,com.fitbit.FitbitMobile
2026.09.15 07:33:04,07:33:04,1,com.android.healthconnect.phone.jd7cdc53389aa3a9ebd124ea7a13f1035
2026.09.15 07:40:00,07:40:00,40,com.huami.watch.hmwatchmanager
2026.09.15 07:40:00,07:40:00,7,com.fitbit.FitbitMobile
2026.09.15 07:40:50,07:40:50,8,com.android.healthconnect.phone.jd7cdc53389aa3a9ebd124ea7a13f1035
2026.09.15 07:41:00,07:41:00,11,com.fitbit.FitbitMobile
2026.09.15 07:41:06,07:41:06,10,com.android.healthconnect.phone.jd7cdc53389aa3a9ebd124ea7a13f1035
2026.09.15 07:41:15,07:41:15,41,com.android.healthconnect.phone.jd7cdc53389aa3a9ebd124ea7a13f1035
2026.09.15 07:46:00,07:46:00,2,com.fitbit.FitbitMobile
2026.09.15 07:47:00,07:47:00,11,com.fitbit.FitbitMobile
2026.09.15 07:48:00,07:48:00,8,com.fitbit.FitbitMobile
2026.09.15 07:49:00,07:49:00,5,com.fitbit.FitbitMobile
2026.09.15 07:50:00,07:50:00,103,com.huami.watch.hmwatchmanager
2026.09.15 07:50:00,07:50:00,2,com.fitbit.FitbitMobile
2026.09.15 07:51:00,07:51:00,11,com.fitbit.FitbitMobile
2026.09.15 07:52:00,07:52:00,9,com.fitbit.FitbitMobile
2026.09.15 07:52:03,07:52:03,37,com.android.healthconnect.phone.jd7cdc53389aa3a9ebd124ea7a13f1035
2026.09.15 07:53:00,07:53:00,30,com.fitbit.FitbitMobile
2026.09.15 08:00:00,08:00:00,38,com.huami.watch.hmwatchmanager
2026.09.15 08:04:00,08:04:00,5,com.fitbit.FitbitMobile
2026.09.15 08:05:00,08:05:00,9,com.fitbit.FitbitMobile
2026.09.15 08:05:09,08:05:09,7,com.android.healthconnect.phone.jd7cdc53389aa3a9ebd124ea7a13f1035
2026.09.15 08:05:23,08:05:23,34,com.android.healthconnect.phone.jd7cdc53389aa3a9ebd124ea7a13f1035
2026.09.15 08:08:00,08:08:00,3,com.fitbit.FitbitMobile
2026.09.15 08:09:00,08:09:00,32,com.fitbit.FitbitMobile
2026.09.15 08:09:48,08:09:48,91,com.android.healthconnect.phone.jd7cdc53389aa3a9ebd124ea7a13f1035
2026.09.15 08:10:00,08:10:00,1011,com.huami.watch.hmwatchmanager
2026.09.15 08:10:00,08:10:00,87,com.fitbit.FitbitMobile
2026.09.15 08:10:58,08:10:58,114,com.android.healthconnect.phone.jd7cdc53389aa3a9ebd124ea7a13f1035
2026.09.15 08:11:00,08:11:00,112,com.fitbit.FitbitMobile
2026.09.15 08:11:58,08:11:58,113,com.android.healthconnect.phone.jd7cdc53389aa3a9ebd124ea7a13f1035
2026.09.15 08:12:00,08:12:00,113,com.fitbit.FitbitMobile
2026.09.15 08:12:58,08:12:58,102,com.android.healthconnect.phone.jd7cdc53389aa3a9ebd124ea7a13f1035
2026.09.15 08:13:00,08:13:00,103,com.fitbit.FitbitMobile
2026.09.15 08:13:58,08:13:58,114,com.android.healthconnect.phone.jd7cdc53389aa3a9ebd124ea7a13f1035
2026.09.15 08:14:00,08:14:00,114,com.fitbit.FitbitMobile
2026.09.15 08:14:58,08:14:58,115,com.android.healthconnect.phone.jd7cdc53389aa3a9ebd124ea7a13f1035
2026.09.15 08:15:00,08:15:00,115,com.fitbit.FitbitMobile
2026.09.15 08:15:58,08:15:58,109,com.android.healthconnect.phone.jd7cdc53389aa3a9ebd124ea7a13f1035
2026.09.15 08:16:00,08:16:00,109,com.fitbit.FitbitMobile
2026.09.15 08:16:57,08:16:57,185,com.android.healthconnect.phone.jd7cdc53389aa3a9ebd124ea7a13f1035
2026.09.15 08:17:00,08:17:00,98,com.fitbit.FitbitMobile
2026.09.15 08:18:00,08:18:00,102,com.fitbit.FitbitMobile
2026.09.15 08:18:49,08:18:49,283,com.android.healthconnect.phone.jd7cdc53389aa3a9ebd124ea7a13f1035
2026.09.15 08:19:00,08:19:00,104,com.fitbit.FitbitMobile
2026.09.15 08:20:00,08:20:00,1100,com.huami.watch.hmwatchmanager
2026.09.15 08:20:00,08:20:00,110,com.fitbit.FitbitMobile
2026.09.15 08:21:00,08:21:00,109,com.fitbit.FitbitMobile
2026.09.15 08:21:27,08:21:27,150,com.android.healthconnect.phone.jd7cdc53389aa3a9ebd124ea7a13f1035
2026.09.15 08:22:00,08:22:00,103,com.fitbit.FitbitMobile
2026.09.15 08:22:54,08:22:54,108,com.android.healthconnect.phone.jd7cdc53389aa3a9ebd124ea7a13f1035
2026.09.15 08:23:00,08:23:00,108,com.fitbit.FitbitMobile
2026.09.15 08:23:54,08:23:54,109,com.android.healthconnect.phone.jd7cdc53389aa3a9ebd124ea7a13f1035
2026.09.15 08:24:00,08:24:00,110,com.fitbit.FitbitMobile
2026.09.15 08:24:54,08:24:54,115,com.android.healthconnect.phone.jd7cdc53389aa3a9ebd124ea7a13f1035
2026.09.15 08:25:00,08:25:00,115,com.fitbit.FitbitMobile
2026.09.15 08:25:54,08:25:54,259,com.android.healthconnect.phone.jd7cdc53389aa3a9ebd124ea7a13f1035
2026.09.15 08:26:00,08:26:00,113,com.fitbit.FitbitMobile
2026.09.15 08:27:00,08:27:00,113,com.fitbit.FitbitMobile
2026.09.15 08:28:00,08:28:00,114,com.fitbit.FitbitMobile
2026.09.15 08:28:11,08:28:11,226,com.android.healthconnect.phone.jd7cdc53389aa3a9ebd124ea7a13f1035
2026.09.15 08:29:00,08:29:00,115,com.fitbit.FitbitMobile
2026.09.15 08:30:00,08:30:00,1079,com.huami.watch.hmwatchmanager
2026.09.15 08:30:00,08:30:00,114,com.fitbit.FitbitMobile
2026.09.15 08:30:09,08:30:09,121,com.android.healthconnect.phone.jd7cdc53389aa3a9ebd124ea7a13f1035
2026.09.15 08:31:00,08:31:00,108,com.fitbit.FitbitMobile
2026.09.15 08:31:13,08:31:13,106,com.android.healthconnect.phone.jd7cdc53389aa3a9ebd124ea7a13f1035
2026.09.15 08:32:00,08:32:00,106,com.fitbit.FitbitMobile
2026.09.15 08:32:13,08:32:13,108,com.android.healthconnect.phone.jd7cdc53389aa3a9ebd124ea7a13f1035
2026.09.15 08:33:00,08:33:00,108,com.fitbit.FitbitMobile
2026.09.15 08:33:13,08:33:13,108,com.android.healthconnect.phone.jd7cdc53389aa3a9ebd124ea7a13f1035
2026.09.15 08:34:00,08:34:00,108,com.fitbit.FitbitMobile
2026.09.15 08:34:13,08:34:13,107,com.android.healthconnect.phone.jd7cdc53389aa3a9ebd124ea7a13f1035
2026.09.15 08:35:00,08:35:00,99,com.fitbit.FitbitMobile
2026.09.15 08:35:13,08:35:13,245,com.android.healthconnect.phone.jd7cdc53389aa3a9ebd124ea7a13f1035
2026.09.15 08:36:00,08:36:00,106,com.fitbit.FitbitMobile
2026.09.15 08:37:00,08:37:00,112,com.fitbit.FitbitMobile
2026.09.15 08:37:34,08:37:34,158,com.android.healthconnect.phone.jd7cdc53389aa3a9ebd124ea7a13f1035
2026.09.15 08:38:00,08:38:00,110,com.fitbit.FitbitMobile
2026.09.15 08:39:00,08:39:00,110,com.fitbit.FitbitMobile
2026.09.15 08:39:00,08:39:00,110,com.android.healthconnect.phone.jd7cdc53389aa3a9ebd124ea7a13f1035
2026.09.15 08:40:00,08:40:00,1003,com.huami.watch.hmwatchmanager
2026.09.15 08:40:00,08:40:00,108,com.fitbit.FitbitMobile
2026.09.15 08:40:00,08:40:00,109,com.android.healthconnect.phone.jd7cdc53389aa3a9ebd124ea7a13f1035
2026.09.15 08:41:00,08:41:00,113,com.fitbit.FitbitMobile
2026.09.15 08:41:00,08:41:00,202,com.android.healthconnect.phone.jd7cdc53389aa3a9ebd124ea7a13f1035
2026.09.15 08:42:00,08:42:00,114,com.fitbit.FitbitMobile
2026.09.15 08:42:47,08:42:47,105,com.android.healthconnect.phone.jd7cdc53389aa3a9ebd124ea7a13f1035
2026.09.15 08:43:00,08:43:00,86,com.fitbit.FitbitMobile
2026.09.15 08:43:57,08:43:57,196,com.android.healthconnect.phone.jd7cdc53389aa3a9ebd124ea7a13f1035
2026.09.15 08:44:00,08:44:00,106,com.fitbit.FitbitMobile
2026.09.15 08:45:00,08:45:00,96,com.fitbit.FitbitMobile
2026.09.15 08:45:53,08:45:53,418,com.android.healthconnect.phone.jd7cdc53389aa3a9ebd124ea7a13f1035
2026.09.15 08:46:00,08:46:00,93,com.fitbit.FitbitMobile
2026.09.15 08:47:00,08:47:00,98,com.fitbit.FitbitMobile
2026.09.15 08:48:00,08:48:00,99,com.fitbit.FitbitMobile
2026.09.15 08:49:00,08:49:00,101,com.fitbit.FitbitMobile
2026.09.15 08:50:00,08:50:00,990,com.huami.watch.hmwatchmanager
2026.09.15 08:50:00,08:50:00,106,com.fitbit.FitbitMobile
2026.09.15 08:50:09,08:50:09,168,com.android.healthconnect.phone.jd7cdc53389aa3a9ebd124ea7a13f1035
2026.09.15 08:51:00,08:51:00,110,com.fitbit.FitbitMobile
2026.09.15 08:51:42,08:51:42,182,com.android.healthconnect.phone.jd7cdc53389aa3a9ebd124ea7a13f1035
2026.09.15 08:52:00,08:52:00,107,com.fitbit.FitbitMobile
2026.09.15 08:53:00,08:53:00,115,com.fitbit.FitbitMobile
2026.09.15 08:53:22,08:53:22,218,com.android.healthconnect.phone.jd7cdc53389aa3a9ebd124ea7a13f1035
2026.09.15 08:54:00,08:54:00,112,com.fitbit.FitbitMobile
2026.09.15 08:55:00,08:55:00,103,com.fitbit.FitbitMobile
2026.09.15 08:55:19,08:55:19,129,com.android.healthconnect.phone.jd7cdc53389aa3a9ebd124ea7a13f1035
2026.09.15 08:56:00,08:56:00,113,com.fitbit.FitbitMobile
2026.09.15 08:56:31,08:56:31,111,com.android.healthconnect.phone.jd7cdc53389aa3a9ebd124ea7a13f1035
2026.09.15 08:57:00,08:57:00,110,com.fitbit.FitbitMobile
2026.09.15 08:57:31,08:57:31,165,com.android.healthconnect.phone.jd7cdc53389aa3a9ebd124ea7a13f1035
2026.09.15 08:58:00,08:58:00,114,com.fitbit.FitbitMobile
2026.09.15 08:58:59,08:58:59,109,com.android.healthconnect.phone.jd7cdc53389aa3a9ebd124ea7a13f1035
2026.09.15 08:59:00,08:59:00,107,com.fitbit.FitbitMobile
2026.09.15 09:00:00,09:00:00,1055,com.huami.watch.hmwatchmanager
2026.09.15 09:00:00,09:00:00,103,com.fitbit.FitbitMobile
2026.09.15 09:00:00,09:00:00,102,com.android.healthconnect.phone.jd7cdc53389aa3a9ebd124ea7a13f1035
2026.09.15 09:01:00,09:01:00,106,com.fitbit.FitbitMobile
2026.09.15 09:01:00,09:01:00,135,com.android.healthconnect.phone.jd7cdc53389aa3a9ebd124ea7a13f1035
2026.09.15 09:02:00,09:02:00,112,com.fitbit.FitbitMobile
2026.09.15 09:02:15,09:02:15,123,com.android.healthconnect.phone.jd7cdc53389aa3a9ebd124ea7a13f1035
2026.09.15 09:03:00,09:03:00,108,com.fitbit.FitbitMobile
2026.09.15 09:03:22,09:03:22,110,com.android.healthconnect.phone.jd7cdc53389aa3a9ebd124ea7a13f1035
2026.09.15 09:04:00,09:04:00,110,com.fitbit.FitbitMobile
2026.09.15 09:04:23,09:04:23,110,com.android.healthconnect.phone.jd7cdc53389aa3a9ebd124ea7a13f1035
2026.09.15 09:05:00,09:05:00,109,com.fitbit.FitbitMobile
2026.09.15 09:05:22,09:05:22,133,com.android.healthconnect.phone.jd7cdc53389aa3a9ebd124ea7a13f1035
2026.09.15 09:06:00,09:06:00,101,com.fitbit.FitbitMobile
2026.09.15 09:06:39,09:06:39,223,com.android.healthconnect.phone.jd7cdc53389aa3a9ebd124ea7a13f1035
2026.09.15 09:07:00,09:07:00,103,com.fitbit.FitbitMobile
2026.09.15 09:08:00,09:08:00,109,com.fitbit.FitbitMobile
2026.09.15 09:08:47,09:08:47,205,com.android.healthconnect.phone.jd7cdc53389aa3a9ebd124ea7a13f1035
2026.09.15 09:09:00,09:09:00,107,com.fitbit.FitbitMobile
2026.09.15 09:10:00,09:10:00,1005,com.huami.watch.hmwatchmanager
2026.09.15 09:10:00,09:10:00,83,com.fitbit.FitbitMobile
2026.09.15 09:10:44,09:10:44,52,com.android.healthconnect.phone.jd7cdc53389aa3a9ebd124ea7a13f1035
2026.09.15 09:11:00,09:11:00,67,com.fitbit.FitbitMobile
2026.09.15 09:11:46,09:11:46,110,com.android.healthconnect.phone.jd7cdc53389aa3a9ebd124ea7a13f1035
2026.09.15 09:12:00,09:12:00,113,com.fitbit.FitbitMobile
2026.09.15 09:12:45,09:12:45,123,com.android.healthconnect.phone.jd7cdc53389aa3a9ebd124ea7a13f1035
2026.09.15 09:13:00,09:13:00,109,com.fitbit.FitbitMobile
2026.09.15 09:13:53,09:13:53,130,com.android.healthconnect.phone.jd7cdc53389aa3a9ebd124ea7a13f1035
2026.09.15 09:14:00,09:14:00,106,com.fitbit.FitbitMobile
2026.09.15 09:15:00,09:15:00,105,com.fitbit.FitbitMobile
2026.09.15 09:15:06,09:15:06,106,com.android.healthconnect.phone.jd7cdc53389aa3a9ebd124ea7a13f1035
2026.09.15 09:16:00,09:16:00,110,com.fitbit.FitbitMobile
2026.09.15 09:16:06,09:16:06,109,com.android.healthconnect.phone.jd7cdc53389aa3a9ebd124ea7a13f1035
2026.09.15 09:17:00,09:17:00,112,com.fitbit.FitbitMobile
2026.09.15 09:17:06,09:17:06,112,com.android.healthconnect.phone.jd7cdc53389aa3a9ebd124ea7a13f1035
2026.09.15 09:18:00,09:18:00,108,com.fitbit.FitbitMobile
2026.09.15 09:18:06,09:18:06,300,com.android.healthconnect.phone.jd7cdc53389aa3a9ebd124ea7a13f1035
2026.09.15 09:19:00,09:19:00,107,com.fitbit.FitbitMobile
2026.09.15 09:20:00,09:20:00,1085,com.huami.watch.hmwatchmanager
2026.09.15 09:20:00,09:20:00,109,com.fitbit.FitbitMobile
2026.09.15 09:20:53,09:20:53,111,com.android.healthconnect.phone.jd7cdc53389aa3a9ebd124ea7a13f1035
2026.09.15 09:21:00,09:21:00,111,com.fitbit.FitbitMobile
2026.09.15 09:21:53,09:21:53,112,com.android.healthconnect.phone.jd7cdc53389aa3a9ebd124ea7a13f1035
2026.09.15 09:22:00,09:22:00,112,com.fitbit.FitbitMobile
2026.09.15 09:22:53,09:22:53,113,com.android.healthconnect.phone.jd7cdc53389aa3a9ebd124ea7a13f1035
2026.09.15 09:23:00,09:23:00,113,com.fitbit.FitbitMobile
2026.09.15 09:23:53,09:23:53,379,com.android.healthconnect.phone.jd7cdc53389aa3a9ebd124ea7a13f1035
2026.09.15 09:24:00,09:24:00,112,com.fitbit.FitbitMobile
2026.09.15 09:25:00,09:25:00,115,com.fitbit.FitbitMobile
2026.09.15 09:26:00,09:26:00,111,com.fitbit.FitbitMobile
2026.09.15 09:27:00,09:27:00,105,com.fitbit.FitbitMobile
2026.09.15 09:27:16,09:27:16,168,com.android.healthconnect.phone.jd7cdc53389aa3a9ebd124ea7a13f1035
2026.09.15 09:28:00,09:28:00,104,com.fitbit.FitbitMobile
2026.09.15 09:28:53,09:28:53,110,com.android.healthconnect.phone.jd7cdc53389aa3a9ebd124ea7a13f1035
2026.09.15 09:29:00,09:29:00,110,com.fitbit.FitbitMobile
2026.09.15 09:29:53,09:29:53,111,com.android.healthconnect.phone.jd7cdc53389aa3a9ebd124ea7a13f1035
2026.09.15 09:30:00,09:30:00,1110,com.huami.watch.hmwatchmanager
2026.09.15 09:30:00,09:30:00,111,com.fitbit.FitbitMobile
2026.09.15 09:30:53,09:30:53,216,com.android.healthconnect.phone.jd7cdc53389aa3a9ebd124ea7a13f1035
2026.09.15 09:31:00,09:31:00,115,com.fitbit.FitbitMobile
2026.09.15 09:32:00,09:32:00,113,com.fitbit.FitbitMobile
2026.09.15 09:32:46,09:32:46,201,com.android.healthconnect.phone.jd7cdc53389aa3a9ebd124ea7a13f1035
2026.09.15 09:33:00,09:33:00,115,com.fitbit.FitbitMobile
2026.09.15 09:34:00,09:34:00,114,com.fitbit.FitbitMobile
2026.09.15 09:34:32,09:34:32,188,com.android.healthconnect.phone.jd7cdc53389aa3a9ebd124ea7a13f1035
2026.09.15 09:35:00,09:35:00,114,com.fitbit.FitbitMobile
2026.09.15 09:36:00,09:36:00,115,com.fitbit.FitbitMobile
2026.09.15 09:36:11,09:36:11,195,com.android.healthconnect.phone.jd7cdc53389aa3a9ebd124ea7a13f1035
2026.09.15 09:37:00,09:37:00,112,com.fitbit.FitbitMobile
2026.09.15 09:37:54,09:37:54,111,com.android.healthconnect.phone.jd7cdc53389aa3a9ebd124ea7a13f1035
2026.09.15 09:38:00,09:38:00,110,com.fitbit.FitbitMobile
2026.09.15 09:38:54,09:38:54,111,com.android.healthconnect.phone.jd7cdc53389aa3a9ebd124ea7a13f1035
2026.09.15 09:39:00,09:39:00,112,com.fitbit.FitbitMobile
2026.09.15 09:39:54,09:39:54,267,com.android.healthconnect.phone.jd7cdc53389aa3a9ebd124ea7a13f1035
2026.09.15 09:40:00,09:40:00,1094,com.huami.watch.hmwatchmanager
2026.09.15 09:40:00,09:40:00,114,com.fitbit.FitbitMobile
2026.09.15 09:41:00,09:41:00,114,com.fitbit.FitbitMobile
2026.09.15 09:42:00,09:42:00,114,com.fitbit.FitbitMobile
2026.09.15 09:42:15,09:42:15,358,com.android.healthconnect.phone.jd7cdc53389aa3a9ebd124ea7a13f1035
2026.09.15 09:43:00,09:43:00,113,com.fitbit.FitbitMobile
2026.09.15 09:44:00,09:44:00,115,com.fitbit.FitbitMobile
2026.09.15 09:45:00,09:45:00,116,com.fitbit.FitbitMobile
2026.09.15 09:45:22,09:45:22,125,com.android.healthconnect.phone.jd7cdc53389aa3a9ebd124ea7a13f1035
2026.09.15 09:46:00,09:46:00,116,com.fitbit.FitbitMobile
2026.09.15 09:46:27,09:46:27,115,com.android.healthconnect.phone.jd7cdc53389aa3a9ebd124ea7a13f1035
2026.09.15 09:47:00,09:47:00,114,com.fitbit.FitbitMobile
2026.09.15 09:47:27,09:47:27,110,com.android.healthconnect.phone.jd7cdc53389aa3a9ebd124ea7a13f1035
2026.09.15 09:48:00,09:48:00,89,com.fitbit.FitbitMobile
2026.09.15 09:48:27,09:48:27,88,com.android.healthconnect.phone.jd7cdc53389aa3a9ebd124ea7a13f1035
2026.09.15 09:49:00,09:49:00,103,com.fitbit.FitbitMobile
2026.09.15 09:49:27,09:49:27,103,com.android.healthconnect.phone.jd7cdc53389aa3a9ebd124ea7a13f1035
2026.09.15 09:50:00,09:50:00,948,com.huami.watch.hmwatchmanager
2026.09.15 09:50:00,09:50:00,103,com.fitbit.FitbitMobile
2026.09.15 09:50:27,09:50:27,108,com.android.healthconnect.phone.jd7cdc53389aa3a9ebd124ea7a13f1035
2026.09.15 09:51:00,09:51:00,112,com.fitbit.FitbitMobile
2026.09.15 09:51:27,09:51:27,111,com.android.healthconnect.phone.jd7cdc53389aa3a9ebd124ea7a13f1035
2026.09.15 09:52:00,09:52:00,109,com.fitbit.FitbitMobile
2026.09.15 09:52:27,09:52:27,196,com.android.healthconnect.phone.jd7cdc53389aa3a9ebd124ea7a13f1035
2026.09.15 09:53:00,09:53:00,108,com.fitbit.FitbitMobile
2026.09.15 09:54:00,09:54:00,114,com.fitbit.FitbitMobile
2026.09.15 09:54:15,09:54:15,113,com.android.healthconnect.phone.jd7cdc53389aa3a9ebd124ea7a13f1035
2026.09.15 09:55:00,09:55:00,110,com.fitbit.FitbitMobile
2026.09.15 09:55:15,09:55:15,109,com.android.healthconnect.phone.jd7cdc53389aa3a9ebd124ea7a13f1035
2026.09.15 09:56:00,09:56:00,106,com.fitbit.FitbitMobile
2026.09.15 09:56:15,09:56:15,242,com.android.healthconnect.phone.jd7cdc53389aa3a9ebd124ea7a13f1035
2026.09.15 09:57:00,09:57:00,108,com.fitbit.FitbitMobile
2026.09.15 09:58:00,09:58:00,112,com.fitbit.FitbitMobile
2026.09.15 09:58:30,09:58:30,112,com.android.healthconnect.phone.jd7cdc53389aa3a9ebd124ea7a13f1035
2026.09.15 09:59:00,09:59:00,113,com.fitbit.FitbitMobile
2026.09.15 09:59:30,09:59:30,115,com.android.healthconnect.phone.jd7cdc53389aa3a9ebd124ea7a13f1035
2026.09.15 10:00:00,10:00:00,974,com.huami.watch.hmwatchmanager
2026.09.15 10:00:00,10:00:00,114,com.fitbit.FitbitMobile
2026.09.15 10:00:30,10:00:30,114,com.android.healthconnect.phone.jd7cdc53389aa3a9ebd124ea7a13f1035
2026.09.15 10:01:00,10:01:00,115,com.fitbit.FitbitMobile
2026.09.15 10:01:30,10:01:30,328,com.android.healthconnect.phone.jd7cdc53389aa3a9ebd124ea7a13f1035
2026.09.15 10:02:00,10:02:00,114,com.fitbit.FitbitMobile
2026.09.15 10:03:00,10:03:00,113,com.fitbit.FitbitMobile
2026.09.15 10:04:00,10:04:00,46,com.fitbit.FitbitMobile
2026.09.15 10:04:38,10:04:38,68,com.android.healthconnect.phone.jd7cdc53389aa3a9ebd124ea7a13f1035
2026.09.15 10:05:00,10:05:00,28,com.fitbit.FitbitMobile
2026.09.15 10:06:00,10:06:00,111,com.fitbit.FitbitMobile
2026.09.15 10:06:21,10:06:21,113,com.android.healthconnect.phone.jd7cdc53389aa3a9ebd124ea7a13f1035
2026.09.15 10:07:00,10:07:00,114,com.fitbit.FitbitMobile
2026.09.15 10:07:21,10:07:21,114,com.android.healthconnect.phone.jd7cdc53389aa3a9ebd124ea7a13f1035
2026.09.15 10:08:00,10:08:00,112,com.fitbit.FitbitMobile
2026.09.15 10:08:21,10:08:21,110,com.android.healthconnect.phone.jd7cdc53389aa3a9ebd124ea7a13f1035
2026.09.15 10:09:00,10:09:00,108,com.fitbit.FitbitMobile
2026.09.15 10:09:21,10:09:21,110,com.android.healthconnect.phone.jd7cdc53389aa3a9ebd124ea7a13f1035
2026.09.15 10:10:00,10:10:00,1048,com.huami.watch.hmwatchmanager
2026.09.15 10:10:00,10:10:00,106,com.fitbit.FitbitMobile
2026.09.15 10:10:21,10:10:21,109,com.android.healthconnect.phone.jd7cdc53389aa3a9ebd124ea7a13f1035
2026.09.15 10:11:00,10:11:00,104,com.fitbit.FitbitMobile
2026.09.15 10:11:24,10:11:24,136,com.android.healthconnect.phone.jd7cdc53389aa3a9ebd124ea7a13f1035
2026.09.15 10:12:00,10:12:00,105,com.fitbit.FitbitMobile
2026.09.15 10:12:42,10:12:42,100,com.android.healthconnect.phone.jd7cdc53389aa3a9ebd124ea7a13f1035
2026.09.15 10:13:00,10:13:00,102,com.fitbit.FitbitMobile
2026.09.15 10:13:42,10:13:42,106,com.android.healthconnect.phone.jd7cdc53389aa3a9ebd124ea7a13f1035
2026.09.15 10:14:00,10:14:00,107,com.fitbit.FitbitMobile
2026.09.15 10:14:42,10:14:42,113,com.android.healthconnect.phone.jd7cdc53389aa3a9ebd124ea7a13f1035
2026.09.15 10:15:00,10:15:00,113,com.fitbit.FitbitMobile
2026.09.15 10:15:42,10:15:42,111,com.android.healthconnect.phone.jd7cdc53389aa3a9ebd124ea7a13f1035
2026.09.15 10:16:00,10:16:00,112,com.fitbit.FitbitMobile
2026.09.15 10:16:42,10:16:42,233,com.android.healthconnect.phone.jd7cdc53389aa3a9ebd124ea7a13f1035
2026.09.15 10:17:00,10:17:00,112,com.fitbit.FitbitMobile
2026.09.15 10:18:00,10:18:00,98,com.fitbit.FitbitMobile
2026.09.15 10:18:51,10:18:51,91,com.android.healthconnect.phone.jd7cdc53389aa3a9ebd124ea7a13f1035
2026.09.15 10:19:00,10:19:00,95,com.fitbit.FitbitMobile
2026.09.15 10:19:51,10:19:51,193,com.android.healthconnect.phone.jd7cdc53389aa3a9ebd124ea7a13f1035
2026.09.15 10:20:00,10:20:00,1052,com.huami.watch.hmwatchmanager
2026.09.15 10:20:00,10:20:00,110,com.fitbit.FitbitMobile
2026.09.15 10:21:00,10:21:00,100,com.fitbit.FitbitMobile
2026.09.15 10:21:39,10:21:39,104,com.android.healthconnect.phone.jd7cdc53389aa3a9ebd124ea7a13f1035
2026.09.15 10:22:00,10:22:00,92,com.fitbit.FitbitMobile
2026.09.15 10:22:48,10:22:48,367,com.android.healthconnect.phone.jd7cdc53389aa3a9ebd124ea7a13f1035
2026.09.15 10:23:00,10:23:00,112,com.fitbit.FitbitMobile
2026.09.15 10:24:00,10:24:00,112,com.fitbit.FitbitMobile
2026.09.15 10:25:00,10:25:00,114,com.fitbit.FitbitMobile
2026.09.15 10:26:00,10:26:00,112,com.fitbit.FitbitMobile
2026.09.15 10:26:04,10:26:04,468,com.android.healthconnect.phone.jd7cdc53389aa3a9ebd124ea7a13f1035
2026.09.15 10:27:00,10:27:00,111,com.fitbit.FitbitMobile
2026.09.15 10:28:00,10:28:00,108,com.fitbit.FitbitMobile
2026.09.15 10:29:00,10:29:00,98,com.fitbit.FitbitMobile
2026.09.15 10:30:00,10:30:00,1019,com.huami.watch.hmwatchmanager
2026.09.15 10:30:00,10:30:00,89,com.fitbit.FitbitMobile
2026.09.15 10:30:34,10:30:34,163,com.android.healthconnect.phone.jd7cdc53389aa3a9ebd124ea7a13f1035
2026.09.15 10:31:00,10:31:00,97,com.fitbit.FitbitMobile
2026.09.15 10:32:00,10:32:00,103,com.fitbit.FitbitMobile
2026.09.15 10:32:14,10:32:14,103,com.android.healthconnect.phone.jd7cdc53389aa3a9ebd124ea7a13f1035
2026.09.15 10:33:00,10:33:00,89,com.fitbit.FitbitMobile
2026.09.15 10:33:14,10:33:14,171,com.android.healthconnect.phone.jd7cdc53389aa3a9ebd124ea7a13f1035
2026.09.15 10:34:00,10:34:00,99,com.fitbit.FitbitMobile
2026.09.15 10:35:00,10:35:00,98,com.fitbit.FitbitMobile
2026.09.15 10:35:05,10:35:05,260,com.android.healthconnect.phone.jd7cdc53389aa3a9ebd124ea7a13f1035
2026.09.15 10:36:00,10:36:00,101,com.fitbit.FitbitMobile
2026.09.15 10:37:00,10:37:00,111,com.fitbit.FitbitMobile
2026.09.15 10:37:37,10:37:37,113,com.android.healthconnect.phone.jd7cdc53389aa3a9ebd124ea7a13f1035
2026.09.15 10:38:00,10:38:00,111,com.fitbit.FitbitMobile
2026.09.15 10:38:38,10:38:38,149,com.android.healthconnect.phone.jd7cdc53389aa3a9ebd124ea7a13f1035
2026.09.15 10:39:00,10:39:00,109,com.fitbit.FitbitMobile
2026.09.15 10:40:00,10:40:00,1060,com.huami.watch.hmwatchmanager
2026.09.15 10:40:00,10:40:00,112,com.fitbit.FitbitMobile
2026.09.15 10:40:00,10:40:00,138,com.android.healthconnect.phone.jd7cdc53389aa3a9ebd124ea7a13f1035
2026.09.15 10:41:00,10:41:00,114,com.fitbit.FitbitMobile
2026.09.15 10:41:13,10:41:13,114,com.android.healthconnect.phone.jd7cdc53389aa3a9ebd124ea7a13f1035
2026.09.15 10:42:00,10:42:00,113,com.fitbit.FitbitMobile
2026.09.15 10:42:14,10:42:14,113,com.android.healthconnect.phone.jd7cdc53389aa3a9ebd124ea7a13f1035
2026.09.15 10:43:00,10:43:00,113,com.fitbit.FitbitMobile
2026.09.15 10:43:13,10:43:13,126,com.android.healthconnect.phone.jd7cdc53389aa3a9ebd124ea7a13f1035
2026.09.15 10:44:00,10:44:00,111,com.fitbit.FitbitMobile
2026.09.15 10:44:21,10:44:21,126,com.android.healthconnect.phone.jd7cdc53389aa3a9ebd124ea7a13f1035
2026.09.15 10:45:00,10:45:00,113,com.fitbit.FitbitMobile
2026.09.15 10:45:29,10:45:29,110,com.android.healthconnect.phone.jd7cdc53389aa3a9ebd124ea7a13f1035
2026.09.15 10:46:00,10:46:00,103,com.fitbit.FitbitMobile
2026.09.15 10:46:29,10:46:29,99,com.android.healthconnect.phone.jd7cdc53389aa3a9ebd124ea7a13f1035
2026.09.15 10:47:00,10:47:00,102,com.fitbit.FitbitMobile
2026.09.15 10:47:28,10:47:28,105,com.android.healthconnect.phone.jd7cdc53389aa3a9ebd124ea7a13f1035
2026.09.15 10:48:00,10:48:00,105,com.fitbit.FitbitMobile
2026.09.15 10:48:28,10:48:28,108,com.android.healthconnect.phone.jd7cdc53389aa3a9ebd124ea7a13f1035
2026.09.15 10:49:00,10:49:00,97,com.fitbit.FitbitMobile
2026.09.15 10:49:29,10:49:29,87,com.android.healthconnect.phone.jd7cdc53389aa3a9ebd124ea7a13f1035
2026.09.15 10:50:00,10:50:00,794,com.huami.watch.hmwatchmanager
2026.09.15 10:50:00,10:50:00,94,com.fitbit.FitbitMobile
2026.09.15 10:50:29,10:50:29,94,com.android.healthconnect.phone.jd7cdc53389aa3a9ebd124ea7a13f1035
2026.09.15 10:51:00,10:51:00,76,com.fitbit.FitbitMobile
2026.09.15 10:51:25,10:51:25,85,com.android.healthconnect.phone.jd7cdc53389aa3a9ebd124ea7a13f1035
2026.09.15 10:52:00,10:52:00,108,com.fitbit.FitbitMobile
2026.09.15 10:52:29,10:52:29,106,com.android.healthconnect.phone.jd7cdc53389aa3a9ebd124ea7a13f1035
2026.09.15 10:53:00,10:53:00,100,com.fitbit.FitbitMobile
2026.09.15 10:53:29,10:53:29,103,com.android.healthconnect.phone.jd7cdc53389aa3a9ebd124ea7a13f1035
2026.09.15 10:54:00,10:54:00,72,com.fitbit.FitbitMobile
2026.09.15 10:54:29,10:54:29,18,com.android.healthconnect.phone.jd7cdc53389aa3a9ebd124ea7a13f1035
2026.09.15 10:54:39,10:54:39,81,com.android.healthconnect.phone.jd7cdc53389aa3a9ebd124ea7a13f1035
2026.09.15 10:55:00,10:55:00,27,com.fitbit.FitbitMobile
2026.09.15 10:56:00,10:56:00,111,com.fitbit.FitbitMobile
2026.09.15 10:56:29,10:56:29,111,com.android.healthconnect.phone.jd7cdc53389aa3a9ebd124ea7a13f1035
2026.09.15 10:57:00,10:57:00,107,com.fitbit.FitbitMobile
2026.09.15 10:57:28,10:57:28,101,com.android.healthconnect.phone.jd7cdc53389aa3a9ebd124ea7a13f1035
2026.09.15 10:58:00,10:58:00,85,com.fitbit.FitbitMobile
2026.09.15 10:58:29,10:58:29,175,com.android.healthconnect.phone.jd7cdc53389aa3a9ebd124ea7a13f1035
2026.09.15 10:59:00,10:59:00,115,com.fitbit.FitbitMobile
2026.09.15 11:00:00,11:00:00,346,com.huami.watch.hmwatchmanager
2026.09.15 11:00:00,11:00:00,110,com.fitbit.FitbitMobile
2026.09.15 11:00:11,11:00:11,110,com.android.healthconnect.phone.jd7cdc53389aa3a9ebd124ea7a13f1035
2026.09.15 11:01:00,11:01:00,108,com.fitbit.FitbitMobile
2026.09.15 11:01:12,11:01:12,90,com.android.healthconnect.phone.jd7cdc53389aa3a9ebd124ea7a13f1035
2026.09.15 11:02:00,11:02:00,23,com.fitbit.FitbitMobile
2026.09.15 11:02:02,11:02:02,19,com.android.healthconnect.phone.jd7cdc53389aa3a9ebd124ea7a13f1035
2026.09.15 11:04:00,11:04:00,1,com.fitbit.FitbitMobile
2026.09.15 11:05:00,11:05:00,14,com.fitbit.FitbitMobile
2026.09.15 11:05:41,11:05:41,7,com.android.healthconnect.phone.jd7cdc53389aa3a9ebd124ea7a13f1035
2026.09.15 11:05:55,11:05:55,30,com.android.healthconnect.phone.jd7cdc53389aa3a9ebd124ea7a13f1035
2026.09.15 11:06:00,11:06:00,25,com.fitbit.FitbitMobile
2026.09.15 11:06:14,11:06:14,33,com.android.healthconnect.phone.jd7cdc53389aa3a9ebd124ea7a13f1035
2026.09.15 11:07:00,11:07:00,34,com.fitbit.FitbitMobile
2026.09.15 11:07:54,11:07:54,27,com.android.healthconnect.phone.jd7cdc53389aa3a9ebd124ea7a13f1035
2026.09.15 11:08:00,11:08:00,29,com.fitbit.FitbitMobile
2026.09.15 11:08:55,11:08:55,12,com.android.healthconnect.phone.jd7cdc53389aa3a9ebd124ea7a13f1035
2026.09.15 11:09:00,11:09:00,6,com.fitbit.FitbitMobile
2026.09.15 11:10:00,11:10:00,7,com.huami.watch.hmwatchmanager
2026.09.15 11:20:00,11:20:00,466,com.huami.watch.hmwatchmanager
2026.09.15 11:24:00,11:24:00,12,com.fitbit.FitbitMobile
2026.09.15 11:24:45,11:24:45,15,com.android.healthconnect.phone.jd7cdc53389aa3a9ebd124ea7a13f1035
2026.09.15 11:25:00,11:25:00,67,com.fitbit.FitbitMobile
2026.09.15 11:25:15,11:25:15,159,com.android.healthconnect.phone.jd7cdc53389aa3a9ebd124ea7a13f1035
2026.09.15 11:26:00,11:26:00,112,com.fitbit.FitbitMobile
2026.09.15 11:26:51,11:26:51,118,com.android.healthconnect.phone.jd7cdc53389aa3a9ebd124ea7a13f1035
2026.09.15 11:27:00,11:27:00,111,com.fitbit.FitbitMobile
2026.09.15 11:27:54,11:27:54,107,com.android.healthconnect.phone.jd7cdc53389aa3a9ebd124ea7a13f1035
2026.09.15 11:28:00,11:28:00,97,com.fitbit.FitbitMobile
2026.09.15 11:28:55,11:28:55,194,com.android.healthconnect.phone.jd7cdc53389aa3a9ebd124ea7a13f1035
2026.09.15 11:29:00,11:29:00,102,com.fitbit.FitbitMobile
2026.09.15 11:30:00,11:30:00,1067,com.huami.watch.hmwatchmanager
2026.09.15 11:30:00,11:30:00,105,com.fitbit.FitbitMobile
2026.09.15 11:30:52,11:30:52,107,com.android.healthconnect.phone.jd7cdc53389aa3a9ebd124ea7a13f1035
2026.09.15 11:31:00,11:31:00,107,com.fitbit.FitbitMobile
2026.09.15 11:31:53,11:31:53,112,com.android.healthconnect.phone.jd7cdc53389aa3a9ebd124ea7a13f1035
2026.09.15 11:32:00,11:32:00,113,com.fitbit.FitbitMobile
2026.09.15 11:32:52,11:32:52,113,com.android.healthconnect.phone.jd7cdc53389aa3a9ebd124ea7a13f1035
2026.09.15 11:33:00,11:33:00,112,com.fitbit.FitbitMobile
2026.09.15 11:33:53,11:33:53,173,com.android.healthconnect.phone.jd7cdc53389aa3a9ebd124ea7a13f1035
2026.09.15 11:34:00,11:34:00,110,com.fitbit.FitbitMobile
2026.09.15 11:35:00,11:35:00,110,com.fitbit.FitbitMobile
2026.09.15 11:35:27,11:35:27,109,com.android.healthconnect.phone.jd7cdc53389aa3a9ebd124ea7a13f1035
2026.09.15 11:36:00,11:36:00,110,com.fitbit.FitbitMobile
2026.09.15 11:36:27,11:36:27,110,com.android.healthconnect.phone.jd7cdc53389aa3a9ebd124ea7a13f1035
2026.09.15 11:37:00,11:37:00,108,com.fitbit.FitbitMobile
2026.09.15 11:37:26,11:37:26,106,com.android.healthconnect.phone.jd7cdc53389aa3a9ebd124ea7a13f1035
2026.09.15 11:38:00,11:38:00,105,com.fitbit.FitbitMobile
2026.09.15 11:38:27,11:38:27,152,com.android.healthconnect.phone.jd7cdc53389aa3a9ebd124ea7a13f1035
2026.09.15 11:39:00,11:39:00,94,com.fitbit.FitbitMobile
2026.09.15 11:40:00,11:40:00,1038,com.huami.watch.hmwatchmanager
2026.09.15 11:40:00,11:40:00,101,com.fitbit.FitbitMobile
2026.09.15 11:40:00,11:40:00,360,com.android.healthconnect.phone.jd7cdc53389aa3a9ebd124ea7a13f1035
2026.09.15 11:41:00,11:41:00,113,com.fitbit.FitbitMobile
2026.09.15 11:42:00,11:42:00,115,com.fitbit.FitbitMobile
2026.09.15 11:43:00,11:43:00,114,com.fitbit.FitbitMobile
2026.09.15 11:43:16,11:43:16,113,com.android.healthconnect.phone.jd7cdc53389aa3a9ebd124ea7a13f1035
2026.09.15 11:44:00,11:44:00,113,com.fitbit.FitbitMobile
2026.09.15 11:44:15,11:44:15,113,com.android.healthconnect.phone.jd7cdc53389aa3a9ebd124ea7a13f1035
2026.09.15 11:45:00,11:45:00,82,com.fitbit.FitbitMobile
2026.09.15 11:45:16,11:45:16,76,com.android.healthconnect.phone.jd7cdc53389aa3a9ebd124ea7a13f1035
2026.09.15 11:46:00,11:46:00,104,com.fitbit.FitbitMobile
2026.09.15 11:46:16,11:46:16,109,com.android.healthconnect.phone.jd7cdc53389aa3a9ebd124ea7a13f1035
2026.09.15 11:47:00,11:47:00,110,com.fitbit.FitbitMobile
2026.09.15 11:47:16,11:47:16,110,com.android.healthconnect.phone.jd7cdc53389aa3a9ebd124ea7a13f1035
2026.09.15 11:48:00,11:48:00,112,com.fitbit.FitbitMobile
2026.09.15 11:48:16,11:48:16,113,com.android.healthconnect.phone.jd7cdc53389aa3a9ebd124ea7a13f1035
2026.09.15 11:49:00,11:49:00,110,com.fitbit.FitbitMobile
2026.09.15 11:49:16,11:49:16,110,com.android.healthconnect.phone.jd7cdc53389aa3a9ebd124ea7a13f1035
2026.09.15 11:50:00,11:50:00,1099,com.huami.watch.hmwatchmanager
2026.09.15 11:50:00,11:50:00,112,com.fitbit.FitbitMobile
2026.09.15 11:50:16,11:50:16,113,com.android.healthconnect.phone.jd7cdc53389aa3a9ebd124ea7a13f1035
2026.09.15 11:51:00,11:51:00,116,com.fitbit.FitbitMobile
2026.09.15 11:51:16,11:51:16,116,com.android.healthconnect.phone.jd7cdc53389aa3a9ebd124ea7a13f1035
2026.09.15 11:52:00,11:52:00,114,com.fitbit.FitbitMobile
2026.09.15 11:52:16,11:52:16,114,com.android.healthconnect.phone.jd7cdc53389aa3a9ebd124ea7a13f1035
2026.09.15 11:53:00,11:53:00,115,com.fitbit.FitbitMobile
2026.09.15 11:53:16,11:53:16,114,com.android.healthconnect.phone.jd7cdc53389aa3a9ebd124ea7a13f1035
2026.09.15 11:54:00,11:54:00,114,com.fitbit.FitbitMobile
2026.09.15 11:54:16,11:54:16,213,com.android.healthconnect.phone.jd7cdc53389aa3a9ebd124ea7a13f1035
2026.09.15 11:55:00,11:55:00,114,com.fitbit.FitbitMobile
2026.09.15 11:56:00,11:56:00,114,com.fitbit.FitbitMobile
2026.09.15 11:56:08,11:56:08,316,com.android.healthconnect.phone.jd7cdc53389aa3a9ebd124ea7a13f1035
2026.09.15 11:57:00,11:57:00,115,com.fitbit.FitbitMobile
2026.09.15 11:58:00,11:58:00,114,com.fitbit.FitbitMobile
2026.09.15 11:58:53,11:58:53,186,com.android.healthconnect.phone.jd7cdc53389aa3a9ebd124ea7a13f1035
2026.09.15 11:59:00,11:59:00,114,com.fitbit.FitbitMobile
2026.09.15 12:00:00,12:00:00,1075,com.huami.watch.hmwatchmanager
2026.09.15 12:00:00,12:00:00,115,com.fitbit.FitbitMobile
2026.09.15 12:00:30,12:00:30,112,com.android.healthconnect.phone.jd7cdc53389aa3a9ebd124ea7a13f1035
2026.09.15 12:01:00,12:01:00,111,com.fitbit.FitbitMobile
2026.09.15 12:01:30,12:01:30,111,com.android.healthconnect.phone.jd7cdc53389aa3a9ebd124ea7a13f1035
2026.09.15 12:02:00,12:02:00,112,com.fitbit.FitbitMobile
2026.09.15 12:02:30,12:02:30,132,com.android.healthconnect.phone.jd7cdc53389aa3a9ebd124ea7a13f1035
2026.09.15 12:03:00,12:03:00,111,com.fitbit.FitbitMobile
2026.09.15 12:03:40,12:03:40,117,com.android.healthconnect.phone.jd7cdc53389aa3a9ebd124ea7a13f1035
2026.09.15 12:04:00,12:04:00,85,com.fitbit.FitbitMobile
2026.09.15 12:04:59,12:04:59,107,com.android.healthconnect.phone.jd7cdc53389aa3a9ebd124ea7a13f1035
2026.09.15 12:05:00,12:05:00,107,com.fitbit.FitbitMobile
2026.09.15 12:05:59,12:05:59,113,com.android.healthconnect.phone.jd7cdc53389aa3a9ebd124ea7a13f1035
2026.09.15 12:06:00,12:06:00,112,com.fitbit.FitbitMobile
2026.09.15 12:06:59,12:06:59,188,com.android.healthconnect.phone.jd7cdc53389aa3a9ebd124ea7a13f1035
2026.09.15 12:07:00,12:07:00,112,com.fitbit.FitbitMobile
2026.09.15 12:08:00,12:08:00,114,com.fitbit.FitbitMobile
2026.09.15 12:08:39,12:08:39,113,com.android.healthconnect.phone.jd7cdc53389aa3a9ebd124ea7a13f1035
2026.09.15 12:09:00,12:09:00,112,com.fitbit.FitbitMobile
2026.09.15 12:09:39,12:09:39,112,com.android.healthconnect.phone.jd7cdc53389aa3a9ebd124ea7a13f1035
2026.09.15 12:10:00,12:10:00,1075,com.huami.watch.hmwatchmanager
2026.09.15 12:10:00,12:10:00,111,com.fitbit.FitbitMobile
2026.09.15 12:10:39,12:10:39,185,com.android.healthconnect.phone.jd7cdc53389aa3a9ebd124ea7a13f1035
2026.09.15 12:11:00,12:11:00,107,com.fitbit.FitbitMobile
2026.09.15 12:12:00,12:12:00,102,com.fitbit.FitbitMobile
2026.09.15 12:12:24,12:12:24,102,com.android.healthconnect.phone.jd7cdc53389aa3a9ebd124ea7a13f1035
2026.09.15 12:13:00,12:13:00,104,com.fitbit.FitbitMobile
2026.09.15 12:13:24,12:13:24,104,com.android.healthconnect.phone.jd7cdc53389aa3a9ebd124ea7a13f1035
2026.09.15 12:14:00,12:14:00,107,com.fitbit.FitbitMobile
2026.09.15 12:14:23,12:14:23,113,com.android.healthconnect.phone.jd7cdc53389aa3a9ebd124ea7a13f1035
2026.09.15 12:15:00,12:15:00,113,com.fitbit.FitbitMobile
2026.09.15 12:15:24,12:15:24,166,com.android.healthconnect.phone.jd7cdc53389aa3a9ebd124ea7a13f1035
2026.09.15 12:16:00,12:16:00,108,com.fitbit.FitbitMobile
2026.09.15 12:16:55,12:16:55,121,com.android.healthconnect.phone.jd7cdc53389aa3a9ebd124ea7a13f1035
2026.09.15 12:17:00,12:17:00,109,com.fitbit.FitbitMobile
2026.09.15 12:18:00,12:18:00,111,com.fitbit.FitbitMobile
2026.09.15 12:18:01,12:18:01,125,com.android.healthconnect.phone.jd7cdc53389aa3a9ebd124ea7a13f1035
2026.09.15 12:19:00,12:19:00,113,com.fitbit.FitbitMobile
2026.09.15 12:19:10,12:19:10,113,com.android.healthconnect.phone.jd7cdc53389aa3a9ebd124ea7a13f1035
2026.09.15 12:20:00,12:20:00,925,com.huami.watch.hmwatchmanager
2026.09.15 12:20:00,12:20:00,109,com.fitbit.FitbitMobile
2026.09.15 12:20:10,12:20:10,108,com.android.healthconnect.phone.jd7cdc53389aa3a9ebd124ea7a13f1035
2026.09.15 12:21:00,12:21:00,49,com.fitbit.FitbitMobile
2026.09.15 12:21:10,12:21:10,49,com.android.healthconnect.phone.jd7cdc53389aa3a9ebd124ea7a13f1035
2026.09.15 12:22:00,12:22:00,105,com.fitbit.FitbitMobile
2026.09.15 12:22:09,12:22:09,185,com.android.healthconnect.phone.jd7cdc53389aa3a9ebd124ea7a13f1035
2026.09.15 12:23:00,12:23:00,112,com.fitbit.FitbitMobile
2026.09.15 12:23:52,12:23:52,115,com.android.healthconnect.phone.jd7cdc53389aa3a9ebd124ea7a13f1035
2026.09.15 12:24:00,12:24:00,114,com.fitbit.FitbitMobile
2026.09.15 12:24:52,12:24:52,111,com.android.healthconnect.phone.jd7cdc53389aa3a9ebd124ea7a13f1035
2026.09.15 12:25:00,12:25:00,110,com.fitbit.FitbitMobile
2026.09.15 12:25:52,12:25:52,162,com.android.healthconnect.phone.jd7cdc53389aa3a9ebd124ea7a13f1035
2026.09.15 12:26:00,12:26:00,107,com.fitbit.FitbitMobile
2026.09.15 12:27:00,12:27:00,99,com.fitbit.FitbitMobile
2026.09.15 12:27:23,12:27:23,57,com.android.healthconnect.phone.jd7cdc53389aa3a9ebd124ea7a13f1035
2026.09.15 12:27:59,12:27:59,62,com.android.healthconnect.phone.jd7cdc53389aa3a9ebd124ea7a13f1035
2026.09.15 12:28:00,12:28:00,18,com.fitbit.FitbitMobile
2026.09.15 12:29:00,12:29:00,113,com.fitbit.FitbitMobile
2026.09.15 12:29:24,12:29:24,115,com.android.healthconnect.phone.jd7cdc53389aa3a9ebd124ea7a13f1035
2026.09.15 12:30:00,12:30:00,1081,com.huami.watch.hmwatchmanager
2026.09.15 12:30:00,12:30:00,115,com.fitbit.FitbitMobile
2026.09.15 12:30:23,12:30:23,147,com.android.healthconnect.phone.jd7cdc53389aa3a9ebd124ea7a13f1035
2026.09.15 12:31:00,12:31:00,113,com.fitbit.FitbitMobile
2026.09.15 12:31:41,12:31:41,138,com.android.healthconnect.phone.jd7cdc53389aa3a9ebd124ea7a13f1035
2026.09.15 12:32:00,12:32:00,112,com.fitbit.FitbitMobile
2026.09.15 12:32:55,12:32:55,133,com.android.healthconnect.phone.jd7cdc53389aa3a9ebd124ea7a13f1035
2026.09.15 12:33:00,12:33:00,110,com.fitbit.FitbitMobile
2026.09.15 12:34:00,12:34:00,114,com.fitbit.FitbitMobile
2026.09.15 12:34:07,12:34:07,128,com.android.healthconnect.phone.jd7cdc53389aa3a9ebd124ea7a13f1035
2026.09.15 12:35:00,12:35:00,115,com.fitbit.FitbitMobile
2026.09.15 12:35:14,12:35:14,115,com.android.healthconnect.phone.jd7cdc53389aa3a9ebd124ea7a13f1035
2026.09.15 12:36:00,12:36:00,113,com.fitbit.FitbitMobile
2026.09.15 12:36:15,12:36:15,113,com.android.healthconnect.phone.jd7cdc53389aa3a9ebd124ea7a13f1035
2026.09.15 12:37:00,12:37:00,112,com.fitbit.FitbitMobile
2026.09.15 12:37:15,12:37:15,113,com.android.healthconnect.phone.jd7cdc53389aa3a9ebd124ea7a13f1035
2026.09.15 12:38:00,12:38:00,111,com.fitbit.FitbitMobile
2026.09.15 12:38:15,12:38:15,110,com.android.healthconnect.phone.jd7cdc53389aa3a9ebd124ea7a13f1035
2026.09.15 12:39:00,12:39:00,110,com.fitbit.FitbitMobile
2026.09.15 12:39:15,12:39:15,110,com.android.healthconnect.phone.jd7cdc53389aa3a9ebd124ea7a13f1035
2026.09.15 12:40:00,12:40:00,1081,com.huami.watch.hmwatchmanager
2026.09.15 12:40:00,12:40:00,109,com.fitbit.FitbitMobile
2026.09.15 12:40:15,12:40:15,109,com.android.healthconnect.phone.jd7cdc53389aa3a9ebd124ea7a13f1035
2026.09.15 12:41:00,12:41:00,107,com.fitbit.FitbitMobile
2026.09.15 12:41:16,12:41:16,108,com.android.healthconnect.phone.jd7cdc53389aa3a9ebd124ea7a13f1035
2026.09.15 12:42:00,12:42:00,110,com.fitbit.FitbitMobile
2026.09.15 12:42:15,12:42:15,111,com.android.healthconnect.phone.jd7cdc53389aa3a9ebd124ea7a13f1035
2026.09.15 12:43:00,12:43:00,110,com.fitbit.FitbitMobile
2026.09.15 12:43:16,12:43:16,108,com.android.healthconnect.phone.jd7cdc53389aa3a9ebd124ea7a13f1035
2026.09.15 12:44:00,12:44:00,108,com.fitbit.FitbitMobile
2026.09.15 12:44:15,12:44:15,149,com.android.healthconnect.phone.jd7cdc53389aa3a9ebd124ea7a13f1035
2026.09.15 12:45:00,12:45:00,111,com.fitbit.FitbitMobile
2026.09.15 12:45:37,12:45:37,192,com.android.healthconnect.phone.jd7cdc53389aa3a9ebd124ea7a13f1035
2026.09.15 12:46:00,12:46:00,109,com.fitbit.FitbitMobile
2026.09.15 12:47:00,12:47:00,111,com.fitbit.FitbitMobile
2026.09.15 12:47:22,12:47:22,150,com.android.healthconnect.phone.jd7cdc53389aa3a9ebd124ea7a13f1035
2026.09.15 12:48:00,12:48:00,111,com.fitbit.FitbitMobile
2026.09.15 12:48:43,12:48:43,201,com.android.healthconnect.phone.jd7cdc53389aa3a9ebd124ea7a13f1035
2026.09.15 12:49:00,12:49:00,104,com.fitbit.FitbitMobile
2026.09.15 12:50:00,12:50:00,885,com.huami.watch.hmwatchmanager
2026.09.15 12:50:00,12:50:00,60,com.fitbit.FitbitMobile
2026.09.15 12:51:00,12:51:00,111,com.fitbit.FitbitMobile
2026.09.15 12:51:03,12:51:03,408,com.android.healthconnect.phone.jd7cdc53389aa3a9ebd124ea7a13f1035
2026.09.15 12:52:00,12:52:00,111,com.fitbit.FitbitMobile
2026.09.15 12:53:00,12:53:00,109,com.fitbit.FitbitMobile
2026.09.15 12:54:00,12:54:00,108,com.fitbit.FitbitMobile
2026.09.15 12:54:45,12:54:45,165,com.android.healthconnect.phone.jd7cdc53389aa3a9ebd124ea7a13f1035
2026.09.15 12:55:00,12:55:00,85,com.fitbit.FitbitMobile
2026.09.15 12:56:00,12:56:00,108,com.fitbit.FitbitMobile
2026.09.15 12:56:30,12:56:30,157,com.android.healthconnect.phone.jd7cdc53389aa3a9ebd124ea7a13f1035
2026.09.15 12:57:00,12:57:00,111,com.fitbit.FitbitMobile
2026.09.15 12:57:56,12:57:56,110,com.android.healthconnect.phone.jd7cdc53389aa3a9ebd124ea7a13f1035
2026.09.15 12:58:00,12:58:00,110,com.fitbit.FitbitMobile
2026.09.15 12:58:56,12:58:56,109,com.android.healthconnect.phone.jd7cdc53389aa3a9ebd124ea7a13f1035
2026.09.15 12:59:00,12:59:00,109,com.fitbit.FitbitMobile
2026.09.15 12:59:56,12:59:56,108,com.android.healthconnect.phone.jd7cdc53389aa3a9ebd124ea7a13f1035
2026.09.15 13:00:00,13:00:00,623,com.huami.watch.hmwatchmanager
2026.09.15 13:00:00,13:00:00,101,com.fitbit.FitbitMobile
2026.09.15 13:01:00,13:01:00,74,com.fitbit.FitbitMobile
2026.09.15 13:01:00,13:01:00,81,com.android.healthconnect.phone.jd7cdc53389aa3a9ebd124ea7a13f1035
2026.09.15 13:02:00,13:02:00,79,com.fitbit.FitbitMobile
2026.09.15 13:02:03,13:02:03,79,com.android.healthconnect.phone.jd7cdc53389aa3a9ebd124ea7a13f1035
2026.09.15 13:03:00,13:03:00,72,com.fitbit.FitbitMobile
2026.09.15 13:03:04,13:03:04,73,com.android.healthconnect.phone.jd7cdc53389aa3a9ebd124ea7a13f1035
2026.09.15 13:04:00,13:04:00,103,com.fitbit.FitbitMobile
2026.09.15 13:04:04,13:04:04,102,com.android.healthconnect.phone.jd7cdc53389aa3a9ebd124ea7a13f1035
2026.09.15 13:05:00,13:05:00,34,com.fitbit.FitbitMobile
2026.09.15 13:05:03,13:05:03,27,com.android.healthconnect.phone.jd7cdc53389aa3a9ebd124ea7a13f1035
2026.09.15 13:05:37,13:05:37,59,com.android.healthconnect.phone.jd7cdc53389aa3a9ebd124ea7a13f1035
2026.09.15 13:06:00,13:06:00,4,com.fitbit.FitbitMobile
2026.09.15 13:07:00,13:07:00,53,com.fitbit.FitbitMobile
2026.09.15 13:08:00,13:08:00,93,com.fitbit.FitbitMobile
2026.09.15 13:08:01,13:08:01,114,com.android.healthconnect.phone.jd7cdc53389aa3a9ebd124ea7a13f1035
2026.09.15 13:09:00,13:09:00,58,com.fitbit.FitbitMobile
2026.09.15 13:09:39,13:09:39,61,com.android.healthconnect.phone.jd7cdc53389aa3a9ebd124ea7a13f1035
2026.09.15 13:10:00,13:10:00,431,com.huami.watch.hmwatchmanager
2026.09.15 13:10:00,13:10:00,56,com.fitbit.FitbitMobile
2026.09.15 13:10:39,13:10:39,76,com.android.healthconnect.phone.jd7cdc53389aa3a9ebd124ea7a13f1035
2026.09.15 13:11:00,13:11:00,87,com.fitbit.FitbitMobile
2026.09.15 13:11:32,13:11:32,188,com.android.healthconnect.phone.jd7cdc53389aa3a9ebd124ea7a13f1035
2026.09.15 13:12:00,13:12:00,100,com.fitbit.FitbitMobile
2026.09.15 13:13:00,13:13:00,47,com.fitbit.FitbitMobile
2026.09.15 13:13:33,13:13:33,6,com.android.healthconnect.phone.jd7cdc53389aa3a9ebd124ea7a13f1035
2026.09.15 13:14:00,13:14:00,4,com.fitbit.FitbitMobile
2026.09.15 13:15:00,13:15:00,2,com.fitbit.FitbitMobile
2026.09.15 13:17:00,13:17:00,3,com.fitbit.FitbitMobile
2026.09.15 13:18:00,13:18:00,41,com.fitbit.FitbitMobile
2026.09.15 13:18:22,13:18:22,7,com.android.healthconnect.phone.jd7cdc53389aa3a9ebd124ea7a13f1035
2026.09.15 13:18:36,13:18:36,73,com.android.healthconnect.phone.jd7cdc53389aa3a9ebd124ea7a13f1035
2026.09.15 13:19:00,13:19:00,67,com.fitbit.FitbitMobile
2026.09.15 13:19:36,13:19:36,80,com.android.healthconnect.phone.jd7cdc53389aa3a9ebd124ea7a13f1035
2026.09.15 13:20:00,13:20:00,227,com.huami.watch.hmwatchmanager
2026.09.15 13:20:00,13:20:00,85,com.fitbit.FitbitMobile
2026.09.15 13:20:35,13:20:35,159,com.android.healthconnect.phone.jd7cdc53389aa3a9ebd124ea7a13f1035
2026.09.15 13:21:00,13:21:00,77,com.fitbit.FitbitMobile
2026.09.15 13:22:00,13:22:00,46,com.fitbit.FitbitMobile
2026.09.15 13:30:00,13:30:00,396,com.huami.watch.hmwatchmanager
2026.09.15 13:31:00,13:31:00,2,com.fitbit.FitbitMobile
2026.09.15 13:32:00,13:32:00,34,com.fitbit.FitbitMobile
2026.09.15 13:32:26,13:32:26,6,com.android.healthconnect.phone.jd7cdc53389aa3a9ebd124ea7a13f1035
2026.09.15 13:32:38,13:32:38,80,com.android.healthconnect.phone.jd7cdc53389aa3a9ebd124ea7a13f1035
2026.09.15 13:33:00,13:33:00,82,com.fitbit.FitbitMobile
2026.09.15 13:33:37,13:33:37,88,com.android.healthconnect.phone.jd7cdc53389aa3a9ebd124ea7a13f1035
2026.09.15 13:34:00,13:34:00,85,com.fitbit.FitbitMobile
2026.09.15 13:34:37,13:34:37,59,com.android.healthconnect.phone.jd7cdc53389aa3a9ebd124ea7a13f1035
2026.09.15 13:35:00,13:35:00,36,com.fitbit.FitbitMobile
2026.09.15 13:35:27,13:35:27,70,com.android.healthconnect.phone.jd7cdc53389aa3a9ebd124ea7a13f1035
2026.09.15 13:36:00,13:36:00,102,com.fitbit.FitbitMobile
2026.09.15 13:36:38,13:36:38,80,com.android.healthconnect.phone.jd7cdc53389aa3a9ebd124ea7a13f1035
2026.09.15 13:37:00,13:37:00,42,com.fitbit.FitbitMobile
2026.09.15 14:30:00,14:30:00,222,com.huami.watch.hmwatchmanager
2026.09.15 14:34:00,14:34:00,5,com.fitbit.FitbitMobile
2026.09.15 14:35:00,14:35:00,28,com.fitbit.FitbitMobile
2026.09.15 14:35:12,14:35:12,15,com.android.healthconnect.phone.jd7cdc53389aa3a9ebd124ea7a13f1035
2026.09.15 14:35:42,14:35:42,75,com.android.healthconnect.phone.jd7cdc53389aa3a9ebd124ea7a13f1035
2026.09.15 14:36:00,14:36:00,80,com.fitbit.FitbitMobile
2026.09.15 14:36:46,14:36:46,94,com.android.healthconnect.phone.jd7cdc53389aa3a9ebd124ea7a13f1035
2026.09.15 14:37:00,14:37:00,95,com.fitbit.FitbitMobile
2026.09.15 14:37:46,14:37:46,46,com.android.healthconnect.phone.jd7cdc53389aa3a9ebd124ea7a13f1035
2026.09.15 14:38:00,14:38:00,22,com.fitbit.FitbitMobile
2026.09.15 14:39:00,14:39:00,4,com.fitbit.FitbitMobile
2026.09.15 14:40:00,14:40:00,661,com.huami.watch.hmwatchmanager
2026.09.15 14:40:00,14:40:00,47,com.fitbit.FitbitMobile
2026.09.15 14:40:18,14:40:18,7,com.android.healthconnect.phone.jd7cdc53389aa3a9ebd124ea7a13f1035
2026.09.15 14:40:32,14:40:32,110,com.android.healthconnect.phone.jd7cdc53389aa3a9ebd124ea7a13f1035
2026.09.15 14:41:00,14:41:00,86,com.fitbit.FitbitMobile
2026.09.15 14:41:43,14:41:43,77,com.android.healthconnect.phone.jd7cdc53389aa3a9ebd124ea7a13f1035
2026.09.15 14:42:00,14:42:00,77,com.fitbit.FitbitMobile
2026.09.15 14:42:43,14:42:43,50,com.android.healthconnect.phone.jd7cdc53389aa3a9ebd124ea7a13f1035
2026.09.15 14:43:00,14:43:00,48,com.fitbit.FitbitMobile
2026.09.15 14:43:27,14:43:27,68,com.android.healthconnect.phone.jd7cdc53389aa3a9ebd124ea7a13f1035
2026.09.15 14:44:00,14:44:00,72,com.fitbit.FitbitMobile
2026.09.15 14:44:44,14:44:44,89,com.android.healthconnect.phone.jd7cdc53389aa3a9ebd124ea7a13f1035
2026.09.15 14:45:00,14:45:00,94,com.fitbit.FitbitMobile
2026.09.15 14:45:44,14:45:44,101,com.android.healthconnect.phone.jd7cdc53389aa3a9ebd124ea7a13f1035
2026.09.15 14:46:00,14:46:00,103,com.fitbit.FitbitMobile
2026.09.15 14:46:43,14:46:43,105,com.android.healthconnect.phone.jd7cdc53389aa3a9ebd124ea7a13f1035
2026.09.15 14:47:00,14:47:00,105,com.fitbit.FitbitMobile
2026.09.15 14:47:43,14:47:43,65,com.android.healthconnect.phone.jd7cdc53389aa3a9ebd124ea7a13f1035
2026.09.15 14:48:00,14:48:00,36,com.fitbit.FitbitMobile
2026.09.15 14:49:00,14:49:00,2,com.fitbit.FitbitMobile
2026.09.15 14:50:00,14:50:00,161,com.huami.watch.hmwatchmanager
2026.09.15 14:50:00,14:50:00,35,com.fitbit.FitbitMobile
2026.09.15 14:50:28,14:50:28,7,com.android.healthconnect.phone.jd7cdc53389aa3a9ebd124ea7a13f1035
2026.09.15 14:50:42,14:50:42,100,com.android.healthconnect.phone.jd7cdc53389aa3a9ebd124ea7a13f1035
2026.09.15 14:51:00,14:51:00,84,com.fitbit.FitbitMobile
2026.09.15 14:51:41,14:51:41,20,com.android.healthconnect.phone.jd7cdc53389aa3a9ebd124ea7a13f1035
2026.09.15 14:52:00,14:52:00,6,com.fitbit.FitbitMobile
2026.09.15 15:10:00,15:10:00,63,com.huami.watch.hmwatchmanager
2026.09.15 15:20:00,15:20:00,23,com.huami.watch.hmwatchmanager
2026.09.15 15:22:00,15:22:00,4,com.fitbit.FitbitMobile
2026.09.15 15:23:00,15:23:00,3,com.fitbit.FitbitMobile
2026.09.15 15:23:10,15:23:10,7,com.android.healthconnect.phone.jd7cdc53389aa3a9ebd124ea7a13f1035
2026.09.15 15:41:00,15:41:00,4,com.fitbit.FitbitMobile
2026.09.15 15:42:00,15:42:00,2,com.fitbit.FitbitMobile
2026.09.15 15:42:12,15:42:12,6,com.android.healthconnect.phone.jd7cdc53389aa3a9ebd124ea7a13f1035
2026.09.15 15:47:00,15:47:00,5,com.fitbit.FitbitMobile
2026.09.15 15:47:58,15:47:58,6,com.android.healthconnect.phone.jd7cdc53389aa3a9ebd124ea7a13f1035
2026.09.15 15:48:00,15:48:00,9,com.fitbit.FitbitMobile
2026.09.15 15:48:10,15:48:10,8,com.android.healthconnect.phone.jd7cdc53389aa3a9ebd124ea7a13f1035
2026.09.15 18:00:00,18:00:00,5,com.fitbit.FitbitMobile
2026.09.15 18:01:00,18:01:00,3,com.fitbit.FitbitMobile
2026.09.15 18:01:01,18:01:01,6,com.android.healthconnect.phone.jd7cdc53389aa3a9ebd124ea7a13f1035
2026.09.15 18:01:13,18:01:13,2,com.android.healthconnect.phone.jd7cdc53389aa3a9ebd124ea7a13f1035
2026.09.15 18:50:00,18:50:00,55,com.huami.watch.hmwatchmanager
2026.09.15 19:00:00,19:00:00,440,com.huami.watch.hmwatchmanager
2026.09.15 19:03:00,19:03:00,5,com.fitbit.FitbitMobile
2026.09.15 19:04:00,19:04:00,8,com.fitbit.FitbitMobile
2026.09.15 19:04:06,19:04:06,7,com.android.healthconnect.phone.jd7cdc53389aa3a9ebd124ea7a13f1035
2026.09.15 19:04:20,19:04:20,146,com.android.healthconnect.phone.jd7cdc53389aa3a9ebd124ea7a13f1035
2026.09.15 19:05:00,19:05:00,85,com.fitbit.FitbitMobile
2026.09.15 19:06:00,19:06:00,104,com.fitbit.FitbitMobile
2026.09.15 19:06:32,19:06:32,106,com.android.healthconnect.phone.jd7cdc53389aa3a9ebd124ea7a13f1035
2026.09.15 19:07:00,19:07:00,78,com.fitbit.FitbitMobile
2026.09.15 19:07:32,19:07:32,68,com.android.healthconnect.phone.jd7cdc53389aa3a9ebd124ea7a13f1035
2026.09.15 19:08:00,19:08:00,84,com.fitbit.FitbitMobile
2026.09.15 19:08:32,19:08:32,87,com.android.healthconnect.phone.jd7cdc53389aa3a9ebd124ea7a13f1035
2026.09.15 19:09:00,19:09:00,67,com.fitbit.FitbitMobile
2026.09.15 19:09:32,19:09:32,45,com.android.healthconnect.phone.jd7cdc53389aa3a9ebd124ea7a13f1035
2026.09.15 19:10:00,19:10:00,655,com.huami.watch.hmwatchmanager
2026.09.15 19:10:00,19:10:00,61,com.fitbit.FitbitMobile
2026.09.15 19:10:27,19:10:27,73,com.android.healthconnect.phone.jd7cdc53389aa3a9ebd124ea7a13f1035
2026.09.15 19:11:00,19:11:00,61,com.fitbit.FitbitMobile
2026.09.15 19:11:32,19:11:32,25,com.android.healthconnect.phone.jd7cdc53389aa3a9ebd124ea7a13f1035
2026.09.15 19:12:00,19:12:00,7,com.fitbit.FitbitMobile
2026.09.15 19:13:00,19:13:00,10,com.fitbit.FitbitMobile
2026.09.15 19:13:20,19:13:20,7,com.android.healthconnect.phone.jd7cdc53389aa3a9ebd124ea7a13f1035
2026.09.15 19:13:34,19:13:34,60,com.android.healthconnect.phone.jd7cdc53389aa3a9ebd124ea7a13f1035
2026.09.15 19:14:00,19:14:00,96,com.fitbit.FitbitMobile
2026.09.15 19:14:35,19:14:35,153,com.android.healthconnect.phone.jd7cdc53389aa3a9ebd124ea7a13f1035
2026.09.15 19:15:00,19:15:00,96,com.fitbit.FitbitMobile
2026.09.15 19:16:00,19:16:00,97,com.fitbit.FitbitMobile
2026.09.15 19:16:09,19:16:09,117,com.android.healthconnect.phone.jd7cdc53389aa3a9ebd124ea7a13f1035
2026.09.15 19:17:00,19:17:00,43,com.fitbit.FitbitMobile
2026.09.15 19:17:22,19:17:22,71,com.android.healthconnect.phone.jd7cdc53389aa3a9ebd124ea7a13f1035
2026.09.15 19:18:00,19:18:00,69,com.fitbit.FitbitMobile
2026.09.15 19:18:51,19:18:51,66,com.android.healthconnect.phone.jd7cdc53389aa3a9ebd124ea7a13f1035
2026.09.15 19:19:00,19:19:00,68,com.fitbit.FitbitMobile
2026.09.15 19:19:54,19:19:54,65,com.android.healthconnect.phone.jd7cdc53389aa3a9ebd124ea7a13f1035
2026.09.15 19:20:00,19:20:00,357,com.huami.watch.hmwatchmanager
2026.09.15 19:20:00,19:20:00,66,com.fitbit.FitbitMobile
2026.09.15 19:20:54,19:20:54,101,com.android.healthconnect.phone.jd7cdc53389aa3a9ebd124ea7a13f1035
2026.09.15 19:21:00,19:21:00,100,com.fitbit.FitbitMobile
2026.09.15 19:21:54,19:21:54,91,com.android.healthconnect.phone.jd7cdc53389aa3a9ebd124ea7a13f1035
2026.09.15 19:22:00,19:22:00,85,com.fitbit.FitbitMobile
2026.09.15 19:22:52,19:22:52,10,com.android.healthconnect.phone.jd7cdc53389aa3a9ebd124ea7a13f1035
2026.09.15 19:23:00,19:23:00,12,com.fitbit.FitbitMobile
2026.09.15 19:23:07,19:23:07,33,com.android.healthconnect.phone.jd7cdc53389aa3a9ebd124ea7a13f1035
2026.09.15 19:24:00,19:24:00,34,com.fitbit.FitbitMobile
2026.09.15 19:24:44,19:24:44,11,com.android.healthconnect.phone.jd7cdc53389aa3a9ebd124ea7a13f1035
2026.09.15 19:25:00,19:25:00,6,com.fitbit.FitbitMobile
2026.09.15 19:30:00,19:30:00,200,com.huami.watch.hmwatchmanager
2026.09.15 19:30:00,19:30:00,5,com.fitbit.FitbitMobile
2026.09.15 19:31:00,19:31:00,27,com.fitbit.FitbitMobile
2026.09.15 19:31:08,19:31:08,7,com.android.healthconnect.phone.jd7cdc53389aa3a9ebd124ea7a13f1035
2026.09.15 19:31:22,19:31:22,36,com.android.healthconnect.phone.jd7cdc53389aa3a9ebd124ea7a13f1035
2026.09.15 19:32:00,19:32:00,11,com.fitbit.FitbitMobile
2026.09.15 19:35:00,19:35:00,3,com.fitbit.FitbitMobile
2026.09.15 19:36:00,19:36:00,37,com.fitbit.FitbitMobile
2026.09.15 19:36:21,19:36:21,6,com.android.healthconnect.phone.jd7cdc53389aa3a9ebd124ea7a13f1035
2026.09.15 19:36:33,19:36:33,90,com.android.healthconnect.phone.jd7cdc53389aa3a9ebd124ea7a13f1035
2026.09.15 19:37:00,19:37:00,61,com.fitbit.FitbitMobile
2026.09.15 19:37:43,19:37:43,61,com.android.healthconnect.phone.jd7cdc53389aa3a9ebd124ea7a13f1035
2026.09.15 19:38:00,19:38:00,21,com.fitbit.FitbitMobile
2026.09.15 19:39:00,19:39:00,35,com.fitbit.FitbitMobile
2026.09.15 19:40:00,19:40:00,597,com.huami.watch.hmwatchmanager
2026.09.15 19:40:00,19:40:00,7,com.fitbit.FitbitMobile
2026.09.15 19:40:51,19:40:51,7,com.android.healthconnect.phone.jd7cdc53389aa3a9ebd124ea7a13f1035
2026.09.15 19:41:00,19:41:00,38,com.fitbit.FitbitMobile
2026.09.15 19:41:05,19:41:05,39,com.android.healthconnect.phone.jd7cdc53389aa3a9ebd124ea7a13f1035
2026.09.15 19:42:00,19:42:00,83,com.fitbit.FitbitMobile
2026.09.15 19:42:04,19:42:04,234,com.android.healthconnect.phone.jd7cdc53389aa3a9ebd124ea7a13f1035
2026.09.15 19:43:00,19:43:00,95,com.fitbit.FitbitMobile
2026.09.15 19:44:00,19:44:00,94,com.fitbit.FitbitMobile
2026.09.15 19:44:37,19:44:37,190,com.android.healthconnect.phone.jd7cdc53389aa3a9ebd124ea7a13f1035
2026.09.15 19:45:00,19:45:00,99,com.fitbit.FitbitMobile
2026.09.15 19:46:00,19:46:00,92,com.fitbit.FitbitMobile
2026.09.15 19:46:35,19:46:35,93,com.android.healthconnect.phone.jd7cdc53389aa3a9ebd124ea7a13f1035
2026.09.15 19:47:00,19:47:00,84,com.fitbit.FitbitMobile
2026.09.15 19:47:35,19:47:35,43,com.android.healthconnect.phone.jd7cdc53389aa3a9ebd124ea7a13f1035
2026.09.15 19:48:00,19:48:00,14,com.fitbit.FitbitMobile
2026.09.15 20:46:00,20:46:00,4,com.fitbit.FitbitMobile
2026.09.15 20:47:00,20:47:00,4,com.fitbit.FitbitMobile
2026.09.15 20:47:12,20:47:12,7,com.android.healthconnect.phone.jd7cdc53389aa3a9ebd124ea7a13f1035
2026.09.15 20:47:26,20:47:26,1,com.android.healthconnect.phone.jd7cdc53389aa3a9ebd124ea7a13f1035
2026.09.15 21:20:00,21:20:00,14,com.huami.watch.hmwatchmanager
2026.09.15 23:20:00,23:20:00,14,com.huami.watch.hmwatchmanager
2026.09.16 00:00:00,00:00:00,11,com.huami.watch.hmwatchmanager
2026.09.16 07:30:00,07:30:00,13,com.huami.watch.hmwatchmanager
2026.09.16 07:40:00,07:40:00,44,com.huami.watch.hmwatchmanager
2026.09.16 07:50:00,07:50:00,5,com.huami.watch.hmwatchmanager
2026.09.16 07:57:00,07:57:00,3,com.fitbit.FitbitMobile
2026.09.16 07:58:00,07:58:00,7,com.fitbit.FitbitMobile
2026.09.16 07:58:23,07:58:23,9,com.android.healthconnect.phone.jd7cdc53389aa3a9ebd124ea7a13f1035
2026.09.16 07:58:41,07:58:41,28,com.android.healthconnect.phone.jd7cdc53389aa3a9ebd124ea7a13f1035
2026.09.16 08:00:00,08:00:00,704,com.huami.watch.hmwatchmanager
2026.09.16 08:00:00,08:00:00,2,com.fitbit.FitbitMobile
2026.09.16 08:01:00,08:01:00,36,com.fitbit.FitbitMobile
2026.09.16 08:01:54,08:01:54,596,com.android.healthconnect.phone.jd7cdc53389aa3a9ebd124ea7a13f1035
2026.09.16 08:02:00,08:02:00,97,com.fitbit.FitbitMobile
2026.09.16 08:03:00,08:03:00,12,com.fitbit.FitbitMobile
2026.09.16 08:04:00,08:04:00,86,com.fitbit.FitbitMobile
2026.09.16 08:05:00,08:05:00,112,com.fitbit.FitbitMobile
2026.09.16 08:06:00,08:06:00,113,com.fitbit.FitbitMobile
2026.09.16 08:07:00,08:07:00,114,com.fitbit.FitbitMobile
2026.09.16 08:08:00,08:08:00,115,com.fitbit.FitbitMobile
2026.09.16 08:08:26,08:08:26,577,com.android.healthconnect.phone.jd7cdc53389aa3a9ebd124ea7a13f1035
2026.09.16 08:09:00,08:09:00,116,com.fitbit.FitbitMobile
2026.09.16 08:10:00,08:10:00,1052,com.huami.watch.hmwatchmanager
2026.09.16 08:10:00,08:10:00,117,com.fitbit.FitbitMobile
2026.09.16 08:11:00,08:11:00,113,com.fitbit.FitbitMobile
2026.09.16 08:12:00,08:12:00,112,com.fitbit.FitbitMobile
2026.09.16 08:13:00,08:13:00,112,com.fitbit.FitbitMobile
2026.09.16 08:13:29,08:13:29,226,com.android.healthconnect.phone.jd7cdc53389aa3a9ebd124ea7a13f1035
2026.09.16 08:14:00,08:14:00,110,com.fitbit.FitbitMobile
2026.09.16 08:15:00,08:15:00,80,com.fitbit.FitbitMobile
2026.09.16 08:15:43,08:15:43,380,com.android.healthconnect.phone.jd7cdc53389aa3a9ebd124ea7a13f1035
2026.09.16 08:16:00,08:16:00,100,com.fitbit.FitbitMobile
2026.09.16 08:17:00,08:17:00,105,com.fitbit.FitbitMobile
2026.09.16 08:18:00,08:18:00,97,com.fitbit.FitbitMobile
2026.09.16 08:19:00,08:19:00,101,com.fitbit.FitbitMobile
2026.09.16 08:19:34,08:19:34,491,com.android.healthconnect.phone.jd7cdc53389aa3a9ebd124ea7a13f1035
2026.09.16 08:20:00,08:20:00,1020,com.huami.watch.hmwatchmanager
2026.09.16 08:20:00,08:20:00,105,com.fitbit.FitbitMobile
2026.09.16 08:21:00,08:21:00,107,com.fitbit.FitbitMobile
2026.09.16 08:22:00,08:22:00,101,com.fitbit.FitbitMobile
2026.09.16 08:23:00,08:23:00,99,com.fitbit.FitbitMobile
2026.09.16 08:24:00,08:24:00,104,com.fitbit.FitbitMobile
2026.09.16 08:24:20,08:24:20,473,com.android.healthconnect.phone.jd7cdc53389aa3a9ebd124ea7a13f1035
2026.09.16 08:25:00,08:25:00,101,com.fitbit.FitbitMobile
2026.09.16 08:26:00,08:26:00,102,com.fitbit.FitbitMobile
2026.09.16 08:27:00,08:27:00,101,com.fitbit.FitbitMobile
2026.09.16 08:28:00,08:28:00,104,com.fitbit.FitbitMobile
2026.09.16 08:28:57,08:28:57,352,com.android.healthconnect.phone.jd7cdc53389aa3a9ebd124ea7a13f1035
2026.09.16 08:29:00,08:29:00,104,com.fitbit.FitbitMobile
2026.09.16 08:30:00,08:30:00,1059,com.huami.watch.hmwatchmanager
2026.09.16 08:30:00,08:30:00,102,com.fitbit.FitbitMobile
2026.09.16 08:31:00,08:31:00,99,com.fitbit.FitbitMobile
2026.09.16 08:32:00,08:32:00,94,com.fitbit.FitbitMobile
2026.09.16 08:32:24,08:32:24,124,com.android.healthconnect.phone.jd7cdc53389aa3a9ebd124ea7a13f1035
2026.09.16 08:33:00,08:33:00,110,com.fitbit.FitbitMobile
2026.09.16 08:33:40,08:33:40,337,com.android.healthconnect.phone.jd7cdc53389aa3a9ebd124ea7a13f1035
2026.09.16 08:34:00,08:34:00,111,com.fitbit.FitbitMobile
2026.09.16 08:35:00,08:35:00,112,com.fitbit.FitbitMobile
2026.09.16 08:36:00,08:36:00,112,com.fitbit.FitbitMobile
2026.09.16 08:36:40,08:36:40,354,com.android.healthconnect.phone.jd7cdc53389aa3a9ebd124ea7a13f1035
2026.09.16 08:37:00,08:37:00,113,com.fitbit.FitbitMobile
2026.09.16 08:38:00,08:38:00,106,com.fitbit.FitbitMobile
2026.09.16 08:39:00,08:39:00,106,com.fitbit.FitbitMobile
2026.09.16 08:39:56,08:39:56,190,com.android.healthconnect.phone.jd7cdc53389aa3a9ebd124ea7a13f1035
2026.09.16 08:40:00,08:40:00,1004,com.huami.watch.hmwatchmanager
2026.09.16 08:40:00,08:40:00,107,com.fitbit.FitbitMobile
2026.09.16 08:41:00,08:41:00,113,com.fitbit.FitbitMobile
2026.09.16 08:41:41,08:41:41,383,com.android.healthconnect.phone.jd7cdc53389aa3a9ebd124ea7a13f1035
2026.09.16 08:42:00,08:42:00,110,com.fitbit.FitbitMobile
2026.09.16 08:43:00,08:43:00,109,com.fitbit.FitbitMobile
2026.09.16 08:44:00,08:44:00,110,com.fitbit.FitbitMobile
2026.09.16 08:45:00,08:45:00,90,com.fitbit.FitbitMobile
2026.09.16 08:45:09,08:45:09,87,com.android.healthconnect.phone.jd7cdc53389aa3a9ebd124ea7a13f1035
2026.09.16 08:46:00,08:46:00,38,com.fitbit.FitbitMobile
2026.09.16 08:46:23,08:46:23,147,com.android.healthconnect.phone.jd7cdc53389aa3a9ebd124ea7a13f1035
2026.09.16 08:47:00,08:47:00,91,com.fitbit.FitbitMobile
2026.09.16 08:48:00,08:48:00,109,com.fitbit.FitbitMobile
2026.09.16 08:48:18,08:48:18,366,com.android.healthconnect.phone.jd7cdc53389aa3a9ebd124ea7a13f1035
2026.09.16 08:49:00,08:49:00,112,com.fitbit.FitbitMobile
2026.09.16 08:50:00,08:50:00,1093,com.huami.watch.hmwatchmanager
2026.09.16 08:50:00,08:50:00,111,com.fitbit.FitbitMobile
2026.09.16 08:51:00,08:51:00,112,com.fitbit.FitbitMobile
2026.09.16 08:51:35,08:51:35,355,com.android.healthconnect.phone.jd7cdc53389aa3a9ebd124ea7a13f1035
2026.09.16 08:52:00,08:52:00,111,com.fitbit.FitbitMobile
2026.09.16 08:53:00,08:53:00,110,com.fitbit.FitbitMobile
2026.09.16 08:54:00,08:54:00,111,com.fitbit.FitbitMobile
2026.09.16 08:54:48,08:54:48,370,com.android.healthconnect.phone.jd7cdc53389aa3a9ebd124ea7a13f1035
2026.09.16 08:55:00,08:55:00,112,com.fitbit.FitbitMobile
2026.09.16 08:56:00,08:56:00,111,com.fitbit.FitbitMobile
2026.09.16 08:57:00,08:57:00,114,com.fitbit.FitbitMobile
2026.09.16 08:58:00,08:58:00,112,com.fitbit.FitbitMobile
2026.09.16 08:58:06,08:58:06,463,com.android.healthconnect.phone.jd7cdc53389aa3a9ebd124ea7a13f1035
2026.09.16 08:59:00,08:59:00,110,com.fitbit.FitbitMobile
2026.09.16 09:00:00,09:00:00,215,com.huami.watch.hmwatchmanager
2026.09.16 09:00:00,09:00:00,107,com.fitbit.FitbitMobile
2026.09.16 09:01:00,09:01:00,110,com.fitbit.FitbitMobile
2026.09.16 09:02:00,09:02:00,114,com.fitbit.FitbitMobile
2026.09.16 09:02:18,09:02:18,241,com.android.healthconnect.phone.jd7cdc53389aa3a9ebd124ea7a13f1035
2026.09.16 09:03:00,09:03:00,112,com.fitbit.FitbitMobile
2026.09.16 09:04:00,09:04:00,113,com.fitbit.FitbitMobile
2026.09.16 09:04:25,09:04:25,197,com.android.healthconnect.phone.jd7cdc53389aa3a9ebd124ea7a13f1035
2026.09.16 09:05:00,09:05:00,109,com.fitbit.FitbitMobile
2026.09.16 09:06:00,09:06:00,104,com.fitbit.FitbitMobile
2026.09.16 09:06:14,09:06:14,104,com.android.healthconnect.phone.jd7cdc53389aa3a9ebd124ea7a13f1035
2026.09.16 09:07:00,09:07:00,105,com.fitbit.FitbitMobile
2026.09.16 09:07:14,09:07:14,300,com.android.healthconnect.phone.jd7cdc53389aa3a9ebd124ea7a13f1035
2026.09.16 09:08:00,09:08:00,110,com.fitbit.FitbitMobile
2026.09.16 09:09:00,09:09:00,107,com.fitbit.FitbitMobile
2026.09.16 09:10:00,09:10:00,1085,com.huami.watch.hmwatchmanager
2026.09.16 09:10:00,09:10:00,111,com.fitbit.FitbitMobile
2026.09.16 09:10:01,09:10:01,235,com.android.healthconnect.phone.jd7cdc53389aa3a9ebd124ea7a13f1035
2026.09.16 09:11:00,09:11:00,112,com.fitbit.FitbitMobile
2026.09.16 09:12:00,09:12:00,104,com.fitbit.FitbitMobile
2026.09.16 09:12:07,09:12:07,103,com.android.healthconnect.phone.jd7cdc53389aa3a9ebd124ea7a13f1035
2026.09.16 09:13:00,09:13:00,107,com.fitbit.FitbitMobile
2026.09.16 09:13:07,09:13:07,107,com.android.healthconnect.phone.jd7cdc53389aa3a9ebd124ea7a13f1035
2026.09.16 09:14:00,09:14:00,111,com.fitbit.FitbitMobile
2026.09.16 09:14:07,09:14:07,182,com.android.healthconnect.phone.jd7cdc53389aa3a9ebd124ea7a13f1035
2026.09.16 09:15:00,09:15:00,111,com.fitbit.FitbitMobile
2026.09.16 09:15:45,09:15:45,206,com.android.healthconnect.phone.jd7cdc53389aa3a9ebd124ea7a13f1035
2026.09.16 09:16:00,09:16:00,103,com.fitbit.FitbitMobile
2026.09.16 09:17:00,09:17:00,108,com.fitbit.FitbitMobile
2026.09.16 09:17:43,09:17:43,445,com.android.healthconnect.phone.jd7cdc53389aa3a9ebd124ea7a13f1035
2026.09.16 09:18:00,09:18:00,112,com.fitbit.FitbitMobile
2026.09.16 09:19:00,09:19:00,114,com.fitbit.FitbitMobile
2026.09.16 09:20:00,09:20:00,1100,com.huami.watch.hmwatchmanager
2026.09.16 09:20:00,09:20:00,113,com.fitbit.FitbitMobile
2026.09.16 09:21:00,09:21:00,109,com.fitbit.FitbitMobile
2026.09.16 09:21:40,09:21:40,249,com.android.healthconnect.phone.jd7cdc53389aa3a9ebd124ea7a13f1035
2026.09.16 09:22:00,09:22:00,114,com.fitbit.FitbitMobile
2026.09.16 09:23:00,09:23:00,114,com.fitbit.FitbitMobile
2026.09.16 09:23:53,09:23:53,92,com.android.healthconnect.phone.jd7cdc53389aa3a9ebd124ea7a13f1035
2026.09.16 09:24:00,09:24:00,90,com.fitbit.FitbitMobile
2026.09.16 09:24:53,09:24:53,209,com.android.healthconnect.phone.jd7cdc53389aa3a9ebd124ea7a13f1035
2026.09.16 09:25:00,09:25:00,109,com.fitbit.FitbitMobile
2026.09.16 09:26:00,09:26:00,111,com.fitbit.FitbitMobile
2026.09.16 09:26:48,09:26:48,265,com.android.healthconnect.phone.jd7cdc53389aa3a9ebd124ea7a13f1035
2026.09.16 09:27:00,09:27:00,115,com.fitbit.FitbitMobile
2026.09.16 09:28:00,09:28:00,110,com.fitbit.FitbitMobile
2026.09.16 09:29:00,09:29:00,106,com.fitbit.FitbitMobile
2026.09.16 09:29:10,09:29:10,107,com.android.healthconnect.phone.jd7cdc53389aa3a9ebd124ea7a13f1035
2026.09.16 09:30:00,09:30:00,927,com.huami.watch.hmwatchmanager
2026.09.16 09:30:00,09:30:00,106,com.fitbit.FitbitMobile
2026.09.16 09:30:10,09:30:10,144,com.android.healthconnect.phone.jd7cdc53389aa3a9ebd124ea7a13f1035
2026.09.16 09:31:00,09:31:00,112,com.fitbit.FitbitMobile
2026.09.16 09:31:30,09:31:30,113,com.android.healthconnect.phone.jd7cdc53389aa3a9ebd124ea7a13f1035
2026.09.16 09:32:00,09:32:00,113,com.fitbit.FitbitMobile
2026.09.16 09:32:30,09:32:30,111,com.android.healthconnect.phone.jd7cdc53389aa3a9ebd124ea7a13f1035
2026.09.16 09:33:00,09:33:00,108,com.fitbit.FitbitMobile
2026.09.16 09:33:30,09:33:30,153,com.android.healthconnect.phone.jd7cdc53389aa3a9ebd124ea7a13f1035
2026.09.16 09:34:00,09:34:00,102,com.fitbit.FitbitMobile
2026.09.16 09:34:55,09:34:55,40,com.android.healthconnect.phone.jd7cdc53389aa3a9ebd124ea7a13f1035
2026.09.16 09:35:00,09:35:00,15,com.fitbit.FitbitMobile
2026.09.16 09:36:00,09:36:00,70,com.fitbit.FitbitMobile
2026.09.16 09:36:14,09:36:14,223,com.android.healthconnect.phone.jd7cdc53389aa3a9ebd124ea7a13f1035
2026.09.16 09:37:00,09:37:00,103,com.fitbit.FitbitMobile
2026.09.16 09:38:00,09:38:00,106,com.fitbit.FitbitMobile
2026.09.16 09:38:41,09:38:41,103,com.android.healthconnect.phone.jd7cdc53389aa3a9ebd124ea7a13f1035
2026.09.16 09:39:00,09:39:00,103,com.fitbit.FitbitMobile
2026.09.16 09:39:41,09:39:41,200,com.android.healthconnect.phone.jd7cdc53389aa3a9ebd124ea7a13f1035
2026.09.16 09:40:00,09:40:00,1040,com.huami.watch.hmwatchmanager
2026.09.16 09:40:00,09:40:00,107,com.fitbit.FitbitMobile
2026.09.16 09:41:00,09:41:00,106,com.fitbit.FitbitMobile
2026.09.16 09:41:34,09:41:34,370,com.android.healthconnect.phone.jd7cdc53389aa3a9ebd124ea7a13f1035
2026.09.16 09:42:00,09:42:00,107,com.fitbit.FitbitMobile
2026.09.16 09:43:00,09:43:00,107,com.fitbit.FitbitMobile
2026.09.16 09:44:00,09:44:00,111,com.fitbit.FitbitMobile
2026.09.16 09:45:00,09:45:00,111,com.fitbit.FitbitMobile
2026.09.16 09:45:00,09:45:00,214,com.android.healthconnect.phone.jd7cdc53389aa3a9ebd124ea7a13f1035
2026.09.16 09:46:00,09:46:00,107,com.fitbit.FitbitMobile
2026.09.16 09:46:57,09:46:57,268,com.android.healthconnect.phone.jd7cdc53389aa3a9ebd124ea7a13f1035
2026.09.16 09:47:00,09:47:00,101,com.fitbit.FitbitMobile
2026.09.16 09:48:00,09:48:00,103,com.fitbit.FitbitMobile
2026.09.16 09:49:00,09:49:00,100,com.fitbit.FitbitMobile
2026.09.16 09:49:34,09:49:34,95,com.android.healthconnect.phone.jd7cdc53389aa3a9ebd124ea7a13f1035
2026.09.16 09:50:00,09:50:00,1035,com.huami.watch.hmwatchmanager
2026.09.16 09:50:00,09:50:00,97,com.fitbit.FitbitMobile
2026.09.16 09:50:34,09:50:34,123,com.android.healthconnect.phone.jd7cdc53389aa3a9ebd124ea7a13f1035
2026.09.16 09:51:00,09:51:00,105,com.fitbit.FitbitMobile
2026.09.16 09:51:45,09:51:45,106,com.android.healthconnect.phone.jd7cdc53389aa3a9ebd124ea7a13f1035
2026.09.16 09:52:00,09:52:00,107,com.fitbit.FitbitMobile
2026.09.16 09:52:45,09:52:45,215,com.android.healthconnect.phone.jd7cdc53389aa3a9ebd124ea7a13f1035
2026.09.16 09:53:00,09:53:00,94,com.fitbit.FitbitMobile
2026.09.16 09:54:00,09:54:00,105,com.fitbit.FitbitMobile
2026.09.16 09:54:54,09:54:54,427,com.android.healthconnect.phone.jd7cdc53389aa3a9ebd124ea7a13f1035
2026.09.16 09:55:00,09:55:00,108,com.fitbit.FitbitMobile
2026.09.16 09:56:00,09:56:00,107,com.fitbit.FitbitMobile
2026.09.16 09:57:00,09:57:00,112,com.fitbit.FitbitMobile
2026.09.16 09:58:00,09:58:00,113,com.fitbit.FitbitMobile
2026.09.16 09:58:47,09:58:47,239,com.android.healthconnect.phone.jd7cdc53389aa3a9ebd124ea7a13f1035
2026.09.16 09:59:00,09:59:00,104,com.fitbit.FitbitMobile
2026.09.16 10:00:00,10:00:00,988,com.huami.watch.hmwatchmanager
2026.09.16 10:00:00,10:00:00,102,com.fitbit.FitbitMobile
2026.09.16 10:01:00,10:01:00,99,com.fitbit.FitbitMobile
2026.09.16 10:01:06,10:01:06,243,com.android.healthconnect.phone.jd7cdc53389aa3a9ebd124ea7a13f1035
2026.09.16 10:02:00,10:02:00,99,com.fitbit.FitbitMobile
2026.09.16 10:03:00,10:03:00,102,com.fitbit.FitbitMobile
2026.09.16 10:03:33,10:03:33,341,com.android.healthconnect.phone.jd7cdc53389aa3a9ebd124ea7a13f1035
2026.09.16 10:04:00,10:04:00,105,com.fitbit.FitbitMobile
2026.09.16 10:05:00,10:05:00,98,com.fitbit.FitbitMobile
2026.09.16 10:06:00,10:06:00,101,com.fitbit.FitbitMobile
2026.09.16 10:06:54,10:06:54,146,com.android.healthconnect.phone.jd7cdc53389aa3a9ebd124ea7a13f1035
2026.09.16 10:07:00,10:07:00,95,com.fitbit.FitbitMobile
2026.09.16 10:08:00,10:08:00,96,com.fitbit.FitbitMobile
2026.09.16 10:08:26,10:08:26,97,com.android.healthconnect.phone.jd7cdc53389aa3a9ebd124ea7a13f1035
2026.09.16 10:09:00,10:09:00,100,com.fitbit.FitbitMobile
2026.09.16 10:09:26,10:09:26,106,com.android.healthconnect.phone.jd7cdc53389aa3a9ebd124ea7a13f1035
2026.09.16 10:10:00,10:10:00,1027,com.huami.watch.hmwatchmanager
2026.09.16 10:10:00,10:10:00,98,com.fitbit.FitbitMobile
2026.09.16 10:10:26,10:10:26,86,com.android.healthconnect.phone.jd7cdc53389aa3a9ebd124ea7a13f1035
2026.09.16 10:11:00,10:11:00,96,com.fitbit.FitbitMobile
2026.09.16 10:11:26,10:11:26,106,com.android.healthconnect.phone.jd7cdc53389aa3a9ebd124ea7a13f1035
2026.09.16 10:12:00,10:12:00,106,com.fitbit.FitbitMobile
2026.09.16 10:12:26,10:12:26,106,com.android.healthconnect.phone.jd7cdc53389aa3a9ebd124ea7a13f1035
2026.09.16 10:13:00,10:13:00,104,com.fitbit.FitbitMobile
2026.09.16 10:13:26,10:13:26,143,com.android.healthconnect.phone.jd7cdc53389aa3a9ebd124ea7a13f1035
2026.09.16 10:14:00,10:14:00,110,com.fitbit.FitbitMobile
2026.09.16 10:14:46,10:14:46,214,com.android.healthconnect.phone.jd7cdc53389aa3a9ebd124ea7a13f1035
2026.09.16 10:15:00,10:15:00,113,com.fitbit.FitbitMobile
2026.09.16 10:16:00,10:16:00,79,com.fitbit.FitbitMobile
2026.09.16 10:16:58,10:16:58,149,com.android.healthconnect.phone.jd7cdc53389aa3a9ebd124ea7a13f1035
2026.09.16 10:17:00,10:17:00,112,com.fitbit.FitbitMobile
2026.09.16 10:18:00,10:18:00,110,com.fitbit.FitbitMobile
2026.09.16 10:18:18,10:18:18,131,com.android.healthconnect.phone.jd7cdc53389aa3a9ebd124ea7a13f1035
2026.09.16 10:19:00,10:19:00,110,com.fitbit.FitbitMobile
2026.09.16 10:19:30,10:19:30,184,com.android.healthconnect.phone.jd7cdc53389aa3a9ebd124ea7a13f1035
2026.09.16 10:20:00,10:20:00,423,com.huami.watch.hmwatchmanager
2026.09.16 10:20:00,10:20:00,110,com.fitbit.FitbitMobile
2026.09.16 10:21:00,10:21:00,106,com.fitbit.FitbitMobile
2026.09.16 10:21:11,10:21:11,180,com.android.healthconnect.phone.jd7cdc53389aa3a9ebd124ea7a13f1035
2026.09.16 10:22:00,10:22:00,106,com.fitbit.FitbitMobile
2026.09.16 10:22:52,10:22:52,103,com.android.healthconnect.phone.jd7cdc53389aa3a9ebd124ea7a13f1035
2026.09.16 10:23:00,10:23:00,104,com.fitbit.FitbitMobile
2026.09.16 10:23:53,10:23:53,159,com.android.healthconnect.phone.jd7cdc53389aa3a9ebd124ea7a13f1035
2026.09.16 10:24:00,10:24:00,109,com.fitbit.FitbitMobile
2026.09.16 10:25:00,10:25:00,113,com.fitbit.FitbitMobile
2026.09.16 10:25:20,10:25:20,142,com.android.healthconnect.phone.jd7cdc53389aa3a9ebd124ea7a13f1035
2026.09.16 10:26:00,10:26:00,115,com.fitbit.FitbitMobile
2026.09.16 10:26:33,10:26:33,279,com.android.healthconnect.phone.jd7cdc53389aa3a9ebd124ea7a13f1035
2026.09.16 10:27:00,10:27:00,107,com.fitbit.FitbitMobile
2026.09.16 10:28:00,10:28:00,107,com.fitbit.FitbitMobile
2026.09.16 10:29:00,10:29:00,110,com.fitbit.FitbitMobile
2026.09.16 10:29:09,10:29:09,293,com.android.healthconnect.phone.jd7cdc53389aa3a9ebd124ea7a13f1035
2026.09.16 10:30:00,10:30:00,1048,com.huami.watch.hmwatchmanager
2026.09.16 10:30:00,10:30:00,104,com.fitbit.FitbitMobile
2026.09.16 10:31:00,10:31:00,103,com.fitbit.FitbitMobile
2026.09.16 10:31:55,10:31:55,338,com.android.healthconnect.phone.jd7cdc53389aa3a9ebd124ea7a13f1035
2026.09.16 10:32:00,10:32:00,104,com.fitbit.FitbitMobile
2026.09.16 10:33:00,10:33:00,114,com.fitbit.FitbitMobile
2026.09.16 10:34:00,10:34:00,116,com.fitbit.FitbitMobile
2026.09.16 10:34:57,10:34:57,393,com.android.healthconnect.phone.jd7cdc53389aa3a9ebd124ea7a13f1035
2026.09.16 10:35:00,10:35:00,107,com.fitbit.FitbitMobile
2026.09.16 10:36:00,10:36:00,107,com.fitbit.FitbitMobile
2026.09.16 10:37:00,10:37:00,106,com.fitbit.FitbitMobile
2026.09.16 10:38:00,10:38:00,104,com.fitbit.FitbitMobile
2026.09.16 10:38:39,10:38:39,105,com.android.healthconnect.phone.jd7cdc53389aa3a9ebd124ea7a13f1035
2026.09.16 10:39:00,10:39:00,101,com.fitbit.FitbitMobile
2026.09.16 10:39:42,10:39:42,292,com.android.healthconnect.phone.jd7cdc53389aa3a9ebd124ea7a13f1035
2026.09.16 10:40:00,10:40:00,1091,com.huami.watch.hmwatchmanager
2026.09.16 10:40:00,10:40:00,107,com.fitbit.FitbitMobile
2026.09.16 10:41:00,10:41:00,112,com.fitbit.FitbitMobile
2026.09.16 10:42:00,10:42:00,110,com.fitbit.FitbitMobile
2026.09.16 10:42:23,10:42:23,312,com.android.healthconnect.phone.jd7cdc53389aa3a9ebd124ea7a13f1035
2026.09.16 10:43:00,10:43:00,116,com.fitbit.FitbitMobile
2026.09.16 10:44:00,10:44:00,113,com.fitbit.FitbitMobile
2026.09.16 10:45:00,10:45:00,118,com.fitbit.FitbitMobile
2026.09.16 10:45:07,10:45:07,234,com.android.healthconnect.phone.jd7cdc53389aa3a9ebd124ea7a13f1035
2026.09.16 10:46:00,10:46:00,116,com.fitbit.FitbitMobile
2026.09.16 10:47:00,10:47:00,115,com.fitbit.FitbitMobile
2026.09.16 10:47:07,10:47:07,191,com.android.healthconnect.phone.jd7cdc53389aa3a9ebd124ea7a13f1035
2026.09.16 10:48:00,10:48:00,85,com.fitbit.FitbitMobile
2026.09.16 10:49:00,10:49:00,115,com.fitbit.FitbitMobile
2026.09.16 10:49:03,10:49:03,376,com.android.healthconnect.phone.jd7cdc53389aa3a9ebd124ea7a13f1035
2026.09.16 10:50:00,10:50:00,988,com.huami.watch.hmwatchmanager
2026.09.16 10:50:00,10:50:00,112,com.fitbit.FitbitMobile
2026.09.16 10:51:00,10:51:00,109,com.fitbit.FitbitMobile
2026.09.16 10:52:00,10:52:00,107,com.fitbit.FitbitMobile
2026.09.16 10:52:25,10:52:25,108,com.android.healthconnect.phone.jd7cdc53389aa3a9ebd124ea7a13f1035
2026.09.16 10:53:00,10:53:00,113,com.fitbit.FitbitMobile
2026.09.16 10:53:25,10:53:25,115,com.android.healthconnect.phone.jd7cdc53389aa3a9ebd124ea7a13f1035
2026.09.16 10:54:00,10:54:00,114,com.fitbit.FitbitMobile
2026.09.16 10:54:26,10:54:26,119,com.android.healthconnect.phone.jd7cdc53389aa3a9ebd124ea7a13f1035
2026.09.16 10:55:00,10:55:00,117,com.fitbit.FitbitMobile
2026.09.16 10:55:27,10:55:27,115,com.android.healthconnect.phone.jd7cdc53389aa3a9ebd124ea7a13f1035
2026.09.16 10:56:00,10:56:00,112,com.fitbit.FitbitMobile
2026.09.16 10:56:27,10:56:27,111,com.android.healthconnect.phone.jd7cdc53389aa3a9ebd124ea7a13f1035
2026.09.16 10:57:00,10:57:00,110,com.fitbit.FitbitMobile
2026.09.16 10:57:27,10:57:27,108,com.android.healthconnect.phone.jd7cdc53389aa3a9ebd124ea7a13f1035
2026.09.16 10:58:00,10:58:00,109,com.fitbit.FitbitMobile
2026.09.16 10:58:27,10:58:27,112,com.android.healthconnect.phone.jd7cdc53389aa3a9ebd124ea7a13f1035
2026.09.16 10:59:00,10:59:00,116,com.fitbit.FitbitMobile
2026.09.16 10:59:27,10:59:27,117,com.android.healthconnect.phone.jd7cdc53389aa3a9ebd124ea7a13f1035
2026.09.16 11:00:00,11:00:00,1149,com.huami.watch.hmwatchmanager
2026.09.16 11:00:00,11:00:00,117,com.fitbit.FitbitMobile
2026.09.16 11:00:27,11:00:27,118,com.android.healthconnect.phone.jd7cdc53389aa3a9ebd124ea7a13f1035
2026.09.16 11:01:00,11:01:00,117,com.fitbit.FitbitMobile
2026.09.16 11:01:27,11:01:27,116,com.android.healthconnect.phone.jd7cdc53389aa3a9ebd124ea7a13f1035
2026.09.16 11:02:00,11:02:00,114,com.fitbit.FitbitMobile
2026.09.16 11:02:27,11:02:27,113,com.android.healthconnect.phone.jd7cdc53389aa3a9ebd124ea7a13f1035
2026.09.16 11:03:00,11:03:00,113,com.fitbit.FitbitMobile
2026.09.16 11:03:27,11:03:27,113,com.android.healthconnect.phone.jd7cdc53389aa3a9ebd124ea7a13f1035
2026.09.16 11:04:00,11:04:00,109,com.fitbit.FitbitMobile
2026.09.16 11:04:27,11:04:27,106,com.android.healthconnect.phone.jd7cdc53389aa3a9ebd124ea7a13f1035
2026.09.16 11:05:00,11:05:00,111,com.fitbit.FitbitMobile
2026.09.16 11:05:27,11:05:27,115,com.android.healthconnect.phone.jd7cdc53389aa3a9ebd124ea7a13f1035
2026.09.16 11:06:00,11:06:00,116,com.fitbit.FitbitMobile
2026.09.16 11:06:27,11:06:27,118,com.android.healthconnect.phone.jd7cdc53389aa3a9ebd124ea7a13f1035
2026.09.16 11:07:00,11:07:00,120,com.fitbit.FitbitMobile
2026.09.16 11:07:27,11:07:27,119,com.android.healthconnect.phone.jd7cdc53389aa3a9ebd124ea7a13f1035
2026.09.16 11:08:00,11:08:00,118,com.fitbit.FitbitMobile
2026.09.16 11:08:27,11:08:27,117,com.android.healthconnect.phone.jd7cdc53389aa3a9ebd124ea7a13f1035
2026.09.16 11:09:00,11:09:00,116,com.fitbit.FitbitMobile
2026.09.16 11:09:27,11:09:27,113,com.android.healthconnect.phone.jd7cdc53389aa3a9ebd124ea7a13f1035
2026.09.16 11:10:00,11:10:00,934,com.huami.watch.hmwatchmanager
2026.09.16 11:10:00,11:10:00,111,com.fitbit.FitbitMobile
2026.09.16 11:10:27,11:10:27,100,com.android.healthconnect.phone.jd7cdc53389aa3a9ebd124ea7a13f1035
2026.09.16 11:11:00,11:11:00,54,com.fitbit.FitbitMobile
2026.09.16 11:11:21,11:11:21,52,com.android.healthconnect.phone.jd7cdc53389aa3a9ebd124ea7a13f1035
2026.09.16 11:12:00,11:12:00,43,com.fitbit.FitbitMobile
2026.09.16 11:12:27,11:12:27,53,com.android.healthconnect.phone.jd7cdc53389aa3a9ebd124ea7a13f1035
2026.09.16 11:13:00,11:13:00,107,com.fitbit.FitbitMobile
2026.09.16 11:13:27,11:13:27,110,com.android.healthconnect.phone.jd7cdc53389aa3a9ebd124ea7a13f1035
2026.09.16 11:14:00,11:14:00,72,com.fitbit.FitbitMobile
2026.09.16 11:14:27,11:14:27,72,com.android.healthconnect.phone.jd7cdc53389aa3a9ebd124ea7a13f1035
2026.09.16 11:15:00,11:15:00,109,com.fitbit.FitbitMobile
2026.09.16 11:15:27,11:15:27,111,com.android.healthconnect.phone.jd7cdc53389aa3a9ebd124ea7a13f1035
2026.09.16 11:16:00,11:16:00,115,com.fitbit.FitbitMobile
2026.09.16 11:16:27,11:16:27,99,com.android.healthconnect.phone.jd7cdc53389aa3a9ebd124ea7a13f1035
2026.09.16 11:17:00,11:17:00,102,com.fitbit.FitbitMobile
2026.09.16 11:17:19,11:17:19,119,com.android.healthconnect.phone.jd7cdc53389aa3a9ebd124ea7a13f1035
2026.09.16 11:18:00,11:18:00,105,com.fitbit.FitbitMobile
2026.09.16 11:18:27,11:18:27,107,com.android.healthconnect.phone.jd7cdc53389aa3a9ebd124ea7a13f1035
2026.09.16 11:19:00,11:19:00,104,com.fitbit.FitbitMobile
2026.09.16 11:19:34,11:19:34,134,com.android.healthconnect.phone.jd7cdc53389aa3a9ebd124ea7a13f1035
2026.09.16 11:20:00,11:20:00,1135,com.huami.watch.hmwatchmanager
2026.09.16 11:20:00,11:20:00,116,com.fitbit.FitbitMobile
2026.09.16 11:20:44,11:20:44,143,com.android.healthconnect.phone.jd7cdc53389aa3a9ebd124ea7a13f1035
2026.09.16 11:21:00,11:21:00,116,com.fitbit.FitbitMobile
2026.09.16 11:21:57,11:21:57,116,com.android.healthconnect.phone.jd7cdc53389aa3a9ebd124ea7a13f1035
2026.09.16 11:22:00,11:22:00,115,com.fitbit.FitbitMobile
2026.09.16 11:22:58,11:22:58,114,com.android.healthconnect.phone.jd7cdc53389aa3a9ebd124ea7a13f1035
2026.09.16 11:23:00,11:23:00,115,com.fitbit.FitbitMobile
2026.09.16 11:23:58,11:23:58,115,com.android.healthconnect.phone.jd7cdc53389aa3a9ebd124ea7a13f1035
2026.09.16 11:24:00,11:24:00,114,com.fitbit.FitbitMobile
2026.09.16 11:24:58,11:24:58,113,com.android.healthconnect.phone.jd7cdc53389aa3a9ebd124ea7a13f1035
2026.09.16 11:25:00,11:25:00,114,com.fitbit.FitbitMobile
2026.09.16 11:25:57,11:25:57,113,com.android.healthconnect.phone.jd7cdc53389aa3a9ebd124ea7a13f1035
2026.09.16 11:26:00,11:26:00,113,com.fitbit.FitbitMobile
2026.09.16 11:26:57,11:26:57,109,com.android.healthconnect.phone.jd7cdc53389aa3a9ebd124ea7a13f1035
2026.09.16 11:27:00,11:27:00,109,com.fitbit.FitbitMobile
2026.09.16 11:27:57,11:27:57,115,com.android.healthconnect.phone.jd7cdc53389aa3a9ebd124ea7a13f1035
2026.09.16 11:28:00,11:28:00,115,com.fitbit.FitbitMobile
2026.09.16 11:28:58,11:28:58,115,com.android.healthconnect.phone.jd7cdc53389aa3a9ebd124ea7a13f1035
2026.09.16 11:29:00,11:29:00,114,com.fitbit.FitbitMobile
2026.09.16 11:29:58,11:29:58,104,com.android.healthconnect.phone.jd7cdc53389aa3a9ebd124ea7a13f1035
2026.09.16 11:30:00,11:30:00,482,com.huami.watch.hmwatchmanager
2026.09.16 11:30:00,11:30:00,104,com.fitbit.FitbitMobile
2026.09.16 11:30:58,11:30:58,83,com.android.healthconnect.phone.jd7cdc53389aa3a9ebd124ea7a13f1035
2026.09.16 11:31:00,11:31:00,88,com.fitbit.FitbitMobile
2026.09.16 11:31:52,11:31:52,94,com.android.healthconnect.phone.jd7cdc53389aa3a9ebd124ea7a13f1035
2026.09.16 11:32:00,11:32:00,89,com.fitbit.FitbitMobile
2026.09.16 11:32:58,11:32:58,100,com.android.healthconnect.phone.jd7cdc53389aa3a9ebd124ea7a13f1035
2026.09.16 11:33:00,11:33:00,100,com.fitbit.FitbitMobile
2026.09.16 11:33:57,11:33:57,50,com.android.healthconnect.phone.jd7cdc53389aa3a9ebd124ea7a13f1035
2026.09.16 11:34:00,11:34:00,54,com.fitbit.FitbitMobile
2026.09.16 11:34:29,11:34:29,31,com.android.healthconnect.phone.jd7cdc53389aa3a9ebd124ea7a13f1035
2026.09.16 11:35:00,11:35:00,24,com.fitbit.FitbitMobile
2026.09.16 11:37:00,11:37:00,6,com.fitbit.FitbitMobile
2026.09.16 11:38:00,11:38:00,24,com.fitbit.FitbitMobile
2026.09.16 11:38:07,11:38:07,7,com.android.healthconnect.phone.jd7cdc53389aa3a9ebd124ea7a13f1035
2026.09.16 11:38:21,11:38:21,23,com.android.healthconnect.phone.jd7cdc53389aa3a9ebd124ea7a13f1035
2026.09.16 11:40:00,11:40:00,25,com.huami.watch.hmwatchmanager
2026.09.16 11:50:00,11:50:00,89,com.huami.watch.hmwatchmanager
2026.09.16 12:00:00,12:00:00,151,com.huami.watch.hmwatchmanager
2026.09.16 12:02:00,12:02:00,1,com.fitbit.FitbitMobile
2026.09.16 12:03:00,12:03:00,22,com.fitbit.FitbitMobile
2026.09.16 12:03:36,12:03:36,7,com.android.healthconnect.phone.jd7cdc53389aa3a9ebd124ea7a13f1035
2026.09.16 12:03:50,12:03:50,99,com.android.healthconnect.phone.jd7cdc53389aa3a9ebd124ea7a13f1035
2026.09.16 12:04:00,12:04:00,100,com.fitbit.FitbitMobile
2026.09.16 12:04:49,12:04:49,105,com.android.healthconnect.phone.jd7cdc53389aa3a9ebd124ea7a13f1035
2026.09.16 12:05:00,12:05:00,106,com.fitbit.FitbitMobile
2026.09.16 12:05:49,12:05:49,101,com.android.healthconnect.phone.jd7cdc53389aa3a9ebd124ea7a13f1035
2026.09.16 12:06:00,12:06:00,100,com.fitbit.FitbitMobile
2026.09.16 12:06:49,12:06:49,105,com.android.healthconnect.phone.jd7cdc53389aa3a9ebd124ea7a13f1035
2026.09.16 12:07:00,12:07:00,107,com.fitbit.FitbitMobile
2026.09.16 12:07:49,12:07:49,108,com.android.healthconnect.phone.jd7cdc53389aa3a9ebd124ea7a13f1035
2026.09.16 12:08:00,12:08:00,107,com.fitbit.FitbitMobile
2026.09.16 12:08:49,12:08:49,109,com.android.healthconnect.phone.jd7cdc53389aa3a9ebd124ea7a13f1035
2026.09.16 12:09:00,12:09:00,110,com.fitbit.FitbitMobile
2026.09.16 12:09:50,12:09:50,111,com.android.healthconnect.phone.jd7cdc53389aa3a9ebd124ea7a13f1035
2026.09.16 12:10:00,12:10:00,1016,com.huami.watch.hmwatchmanager
2026.09.16 12:10:00,12:10:00,112,com.fitbit.FitbitMobile
2026.09.16 12:10:49,12:10:49,115,com.android.healthconnect.phone.jd7cdc53389aa3a9ebd124ea7a13f1035
2026.09.16 12:11:00,12:11:00,114,com.fitbit.FitbitMobile
2026.09.16 12:11:49,12:11:49,109,com.android.healthconnect.phone.jd7cdc53389aa3a9ebd124ea7a13f1035
2026.09.16 12:12:00,12:12:00,109,com.fitbit.FitbitMobile
2026.09.16 12:12:49,12:12:49,110,com.android.healthconnect.phone.jd7cdc53389aa3a9ebd124ea7a13f1035
2026.09.16 12:13:00,12:13:00,108,com.fitbit.FitbitMobile
2026.09.16 12:13:50,12:13:50,79,com.android.healthconnect.phone.jd7cdc53389aa3a9ebd124ea7a13f1035
2026.09.16 12:14:00,12:14:00,76,com.fitbit.FitbitMobile
2026.09.16 12:14:48,12:14:48,92,com.android.healthconnect.phone.jd7cdc53389aa3a9ebd124ea7a13f1035
2026.09.16 12:15:00,12:15:00,94,com.fitbit.FitbitMobile
2026.09.16 12:15:49,12:15:49,100,com.android.healthconnect.phone.jd7cdc53389aa3a9ebd124ea7a13f1035
2026.09.16 12:16:00,12:16:00,101,com.fitbit.FitbitMobile
2026.09.16 12:16:50,12:16:50,102,com.android.healthconnect.phone.jd7cdc53389aa3a9ebd124ea7a13f1035
2026.09.16 12:17:00,12:17:00,103,com.fitbit.FitbitMobile
2026.09.16 12:17:49,12:17:49,105,com.android.healthconnect.phone.jd7cdc53389aa3a9ebd124ea7a13f1035
2026.09.16 12:18:00,12:18:00,104,com.fitbit.FitbitMobile
2026.09.16 12:18:50,12:18:50,104,com.android.healthconnect.phone.jd7cdc53389aa3a9ebd124ea7a13f1035
2026.09.16 12:19:00,12:19:00,105,com.fitbit.FitbitMobile
2026.09.16 12:19:49,12:19:49,107,com.android.healthconnect.phone.jd7cdc53389aa3a9ebd124ea7a13f1035
2026.09.16 12:20:00,12:20:00,1124,com.huami.watch.hmwatchmanager
2026.09.16 12:20:00,12:20:00,106,com.fitbit.FitbitMobile
2026.09.16 12:20:50,12:20:50,111,com.android.healthconnect.phone.jd7cdc53389aa3a9ebd124ea7a13f1035
2026.09.16 12:21:00,12:21:00,112,com.fitbit.FitbitMobile
2026.09.16 12:21:50,12:21:50,114,com.android.healthconnect.phone.jd7cdc53389aa3a9ebd124ea7a13f1035
2026.09.16 12:22:00,12:22:00,114,com.fitbit.FitbitMobile
2026.09.16 12:22:50,12:22:50,115,com.android.healthconnect.phone.jd7cdc53389aa3a9ebd124ea7a13f1035
2026.09.16 12:23:00,12:23:00,116,com.fitbit.FitbitMobile
2026.09.16 12:23:50,12:23:50,117,com.android.healthconnect.phone.jd7cdc53389aa3a9ebd124ea7a13f1035
2026.09.16 12:24:00,12:24:00,116,com.fitbit.FitbitMobile
2026.09.16 12:24:50,12:24:50,116,com.android.healthconnect.phone.jd7cdc53389aa3a9ebd124ea7a13f1035
2026.09.16 12:25:00,12:25:00,117,com.fitbit.FitbitMobile
2026.09.16 12:25:50,12:25:50,123,com.android.healthconnect.phone.jd7cdc53389aa3a9ebd124ea7a13f1035
2026.09.16 12:26:00,12:26:00,123,com.fitbit.FitbitMobile
2026.09.16 12:26:50,12:26:50,110,com.android.healthconnect.phone.jd7cdc53389aa3a9ebd124ea7a13f1035
2026.09.16 12:27:00,12:27:00,106,com.fitbit.FitbitMobile
2026.09.16 12:27:50,12:27:50,109,com.android.healthconnect.phone.jd7cdc53389aa3a9ebd124ea7a13f1035
2026.09.16 12:28:00,12:28:00,112,com.fitbit.FitbitMobile
2026.09.16 12:28:50,12:28:50,116,com.android.healthconnect.phone.jd7cdc53389aa3a9ebd124ea7a13f1035
2026.09.16 12:29:00,12:29:00,116,com.fitbit.FitbitMobile
2026.09.16 12:29:50,12:29:50,118,com.android.healthconnect.phone.jd7cdc53389aa3a9ebd124ea7a13f1035
2026.09.16 12:30:00,12:30:00,880,com.huami.watch.hmwatchmanager
2026.09.16 12:30:00,12:30:00,118,com.fitbit.FitbitMobile
2026.09.16 12:30:50,12:30:50,104,com.android.healthconnect.phone.jd7cdc53389aa3a9ebd124ea7a13f1035
2026.09.16 12:31:00,12:31:00,103,com.fitbit.FitbitMobile
2026.09.16 12:31:50,12:31:50,89,com.android.healthconnect.phone.jd7cdc53389aa3a9ebd124ea7a13f1035
2026.09.16 12:32:00,12:32:00,81,com.fitbit.FitbitMobile
2026.09.16 12:32:52,12:32:52,12,com.android.healthconnect.phone.jd7cdc53389aa3a9ebd124ea7a13f1035
2026.09.16 12:33:00,12:33:00,9,com.fitbit.FitbitMobile
2026.09.16 12:33:02,12:33:02,40,com.android.healthconnect.phone.jd7cdc53389aa3a9ebd124ea7a13f1035
2026.09.16 12:34:00,12:34:00,40,com.fitbit.FitbitMobile
2026.09.16 12:34:32,12:34:32,86,com.android.healthconnect.phone.jd7cdc53389aa3a9ebd124ea7a13f1035
2026.09.16 12:35:00,12:35:00,91,com.fitbit.FitbitMobile
2026.09.16 12:35:54,12:35:54,110,com.android.healthconnect.phone.jd7cdc53389aa3a9ebd124ea7a13f1035
2026.09.16 12:36:00,12:36:00,110,com.fitbit.FitbitMobile
2026.09.16 12:36:54,12:36:54,332,com.android.healthconnect.phone.jd7cdc53389aa3a9ebd124ea7a13f1035
2026.09.16 12:37:00,12:37:00,114,com.fitbit.FitbitMobile
2026.09.16 12:38:00,12:38:00,113,com.fitbit.FitbitMobile
2026.09.16 12:39:00,12:39:00,108,com.fitbit.FitbitMobile
2026.09.16 12:39:52,12:39:52,108,com.android.healthconnect.phone.jd7cdc53389aa3a9ebd124ea7a13f1035
2026.09.16 12:40:00,12:40:00,995,com.huami.watch.hmwatchmanager
2026.09.16 12:40:00,12:40:00,107,com.fitbit.FitbitMobile
2026.09.16 12:40:52,12:40:52,107,com.android.healthconnect.phone.jd7cdc53389aa3a9ebd124ea7a13f1035
2026.09.16 12:41:00,12:41:00,106,com.fitbit.FitbitMobile
2026.09.16 12:41:52,12:41:52,102,com.android.healthconnect.phone.jd7cdc53389aa3a9ebd124ea7a13f1035
2026.09.16 12:42:00,12:42:00,104,com.fitbit.FitbitMobile
2026.09.16 12:42:51,12:42:51,236,com.android.healthconnect.phone.jd7cdc53389aa3a9ebd124ea7a13f1035
2026.09.16 12:43:00,12:43:00,108,com.fitbit.FitbitMobile
2026.09.16 12:44:00,12:44:00,99,com.fitbit.FitbitMobile
2026.09.16 12:45:00,12:45:00,64,com.fitbit.FitbitMobile
2026.09.16 12:45:24,12:45:24,96,com.android.healthconnect.phone.jd7cdc53389aa3a9ebd124ea7a13f1035
2026.09.16 12:46:00,12:46:00,108,com.fitbit.FitbitMobile
2026.09.16 12:46:25,12:46:25,147,com.android.healthconnect.phone.jd7cdc53389aa3a9ebd124ea7a13f1035
2026.09.16 12:47:00,12:47:00,102,com.fitbit.FitbitMobile
2026.09.16 12:47:50,12:47:50,242,com.android.healthconnect.phone.jd7cdc53389aa3a9ebd124ea7a13f1035
2026.09.16 12:48:00,12:48:00,110,com.fitbit.FitbitMobile
2026.09.16 12:49:00,12:49:00,111,com.fitbit.FitbitMobile
2026.09.16 12:50:00,12:50:00,854,com.huami.watch.hmwatchmanager
2026.09.16 12:50:00,12:50:00,111,com.fitbit.FitbitMobile
2026.09.16 12:50:02,12:50:02,301,com.android.healthconnect.phone.jd7cdc53389aa3a9ebd124ea7a13f1035
2026.09.16 12:51:00,12:51:00,112,com.fitbit.FitbitMobile
2026.09.16 12:52:00,12:52:00,111,com.fitbit.FitbitMobile
2026.09.16 12:52:44,12:52:44,111,com.android.healthconnect.phone.jd7cdc53389aa3a9ebd124ea7a13f1035
2026.09.16 12:53:00,12:53:00,112,com.fitbit.FitbitMobile
2026.09.16 12:53:44,12:53:44,110,com.android.healthconnect.phone.jd7cdc53389aa3a9ebd124ea7a13f1035
2026.09.16 12:54:00,12:54:00,109,com.fitbit.FitbitMobile
2026.09.16 12:54:44,12:54:44,121,com.android.healthconnect.phone.jd7cdc53389aa3a9ebd124ea7a13f1035
2026.09.16 12:55:00,12:55:00,111,com.fitbit.FitbitMobile
2026.09.16 12:55:50,12:55:50,51,com.android.healthconnect.phone.jd7cdc53389aa3a9ebd124ea7a13f1035
2026.09.16 12:56:00,12:56:00,36,com.fitbit.FitbitMobile
2026.09.16 12:56:19,12:56:19,93,com.android.healthconnect.phone.jd7cdc53389aa3a9ebd124ea7a13f1035
2026.09.16 12:57:00,12:57:00,55,com.fitbit.FitbitMobile
2026.09.16 12:58:00,12:58:00,112,com.fitbit.FitbitMobile
2026.09.16 12:58:18,12:58:18,120,com.android.healthconnect.phone.jd7cdc53389aa3a9ebd124ea7a13f1035
2026.09.16 12:59:00,12:59:00,110,com.fitbit.FitbitMobile
2026.09.16 12:59:23,12:59:23,203,com.android.healthconnect.phone.jd7cdc53389aa3a9ebd124ea7a13f1035
2026.09.16 13:00:00,13:00:00,401,com.huami.watch.hmwatchmanager
2026.09.16 13:00:00,13:00:00,111,com.fitbit.FitbitMobile
2026.09.16 13:01:00,13:01:00,80,com.fitbit.FitbitMobile
2026.09.16 13:01:18,13:01:18,194,com.android.healthconnect.phone.jd7cdc53389aa3a9ebd124ea7a13f1035
2026.09.16 13:02:00,13:02:00,109,com.fitbit.FitbitMobile
2026.09.16 13:03:00,13:03:00,112,com.fitbit.FitbitMobile
2026.09.16 13:03:16,13:03:16,113,com.android.healthconnect.phone.jd7cdc53389aa3a9ebd124ea7a13f1035
2026.09.16 13:04:00,13:04:00,112,com.fitbit.FitbitMobile
2026.09.16 13:04:16,13:04:16,112,com.android.healthconnect.phone.jd7cdc53389aa3a9ebd124ea7a13f1035
2026.09.16 13:05:00,13:05:00,114,com.fitbit.FitbitMobile
2026.09.16 13:05:16,13:05:16,114,com.android.healthconnect.phone.jd7cdc53389aa3a9ebd124ea7a13f1035
2026.09.16 13:06:00,13:06:00,112,com.fitbit.FitbitMobile
2026.09.16 13:06:16,13:06:16,284,com.android.healthconnect.phone.jd7cdc53389aa3a9ebd124ea7a13f1035
2026.09.16 13:07:00,13:07:00,111,com.fitbit.FitbitMobile
2026.09.16 13:08:00,13:08:00,109,com.fitbit.FitbitMobile
2026.09.16 13:08:50,13:08:50,181,com.android.healthconnect.phone.jd7cdc53389aa3a9ebd124ea7a13f1035
2026.09.16 13:09:00,13:09:00,108,com.fitbit.FitbitMobile
2026.09.16 13:10:00,13:10:00,247,com.huami.watch.hmwatchmanager
2026.09.16 13:10:00,13:10:00,56,com.fitbit.FitbitMobile
2026.09.16 13:17:00,13:17:00,4,com.fitbit.FitbitMobile
2026.09.16 13:18:00,13:18:00,57,com.fitbit.FitbitMobile
2026.09.16 13:18:16,13:18:16,8,com.android.healthconnect.phone.jd7cdc53389aa3a9ebd124ea7a13f1035
2026.09.16 13:18:32,13:18:32,316,com.android.healthconnect.phone.jd7cdc53389aa3a9ebd124ea7a13f1035
2026.09.16 13:19:00,13:19:00,126,com.fitbit.FitbitMobile
2026.09.16 13:20:00,13:20:00,1307,com.huami.watch.hmwatchmanager
2026.09.16 13:20:00,13:20:00,128,com.fitbit.FitbitMobile
2026.09.16 13:21:00,13:21:00,132,com.fitbit.FitbitMobile
2026.09.16 13:21:04,13:21:04,159,com.android.healthconnect.phone.jd7cdc53389aa3a9ebd124ea7a13f1035
2026.09.16 13:22:00,13:22:00,126,com.fitbit.FitbitMobile
2026.09.16 13:22:17,13:22:17,125,com.android.healthconnect.phone.jd7cdc53389aa3a9ebd124ea7a13f1035
2026.09.16 13:23:00,13:23:00,121,com.fitbit.FitbitMobile
2026.09.16 13:23:17,13:23:17,120,com.android.healthconnect.phone.jd7cdc53389aa3a9ebd124ea7a13f1035
2026.09.16 13:24:00,13:24:00,121,com.fitbit.FitbitMobile
2026.09.16 13:24:16,13:24:16,123,com.android.healthconnect.phone.jd7cdc53389aa3a9ebd124ea7a13f1035
2026.09.16 13:25:00,13:25:00,123,com.fitbit.FitbitMobile
2026.09.16 13:25:17,13:25:17,121,com.android.healthconnect.phone.jd7cdc53389aa3a9ebd124ea7a13f1035
2026.09.16 13:26:00,13:26:00,117,com.fitbit.FitbitMobile
2026.09.16 13:26:17,13:26:17,149,com.android.healthconnect.phone.jd7cdc53389aa3a9ebd124ea7a13f1035
2026.09.16 13:27:00,13:27:00,113,com.fitbit.FitbitMobile
2026.09.16 13:27:34,13:27:34,233,com.android.healthconnect.phone.jd7cdc53389aa3a9ebd124ea7a13f1035
2026.09.16 13:28:00,13:28:00,106,com.fitbit.FitbitMobile
2026.09.16 13:29:00,13:29:00,112,com.fitbit.FitbitMobile
2026.09.16 13:29:42,13:29:42,110,com.android.healthconnect.phone.jd7cdc53389aa3a9ebd124ea7a13f1035
2026.09.16 13:30:00,13:30:00,755,com.huami.watch.hmwatchmanager
2026.09.16 13:30:00,13:30:00,110,com.fitbit.FitbitMobile
2026.09.16 13:30:42,13:30:42,110,com.android.healthconnect.phone.jd7cdc53389aa3a9ebd124ea7a13f1035
2026.09.16 13:31:00,13:31:00,112,com.fitbit.FitbitMobile
2026.09.16 13:31:42,13:31:42,115,com.android.healthconnect.phone.jd7cdc53389aa3a9ebd124ea7a13f1035
2026.09.16 13:32:00,13:32:00,115,com.fitbit.FitbitMobile
2026.09.16 13:32:42,13:32:42,112,com.android.healthconnect.phone.jd7cdc53389aa3a9ebd124ea7a13f1035
2026.09.16 13:33:00,13:33:00,106,com.fitbit.FitbitMobile
2026.09.16 13:33:42,13:33:42,91,com.android.healthconnect.phone.jd7cdc53389aa3a9ebd124ea7a13f1035
2026.09.16 13:34:00,13:34:00,94,com.fitbit.FitbitMobile
2026.09.16 13:34:42,13:34:42,105,com.android.healthconnect.phone.jd7cdc53389aa3a9ebd124ea7a13f1035
2026.09.16 13:35:00,13:35:00,104,com.fitbit.FitbitMobile
2026.09.16 13:35:42,13:35:42,75,com.android.healthconnect.phone.jd7cdc53389aa3a9ebd124ea7a13f1035
2026.09.16 13:36:00,13:36:00,22,com.fitbit.FitbitMobile
2026.09.16 13:37:00,13:37:00,6,com.fitbit.FitbitMobile
2026.09.16 13:38:00,13:38:00,77,com.fitbit.FitbitMobile
2026.09.16 13:38:26,13:38:26,119,com.android.healthconnect.phone.jd7cdc53389aa3a9ebd124ea7a13f1035
2026.09.16 13:39:00,13:39:00,105,com.fitbit.FitbitMobile
2026.09.16 13:39:33,13:39:33,104,com.android.healthconnect.phone.jd7cdc53389aa3a9ebd124ea7a13f1035
2026.09.16 13:40:00,13:40:00,1050,com.huami.watch.hmwatchmanager
2026.09.16 13:40:00,13:40:00,107,com.fitbit.FitbitMobile
2026.09.16 13:40:32,13:40:32,110,com.android.healthconnect.phone.jd7cdc53389aa3a9ebd124ea7a13f1035
2026.09.16 13:41:00,13:41:00,109,com.fitbit.FitbitMobile
2026.09.16 13:41:33,13:41:33,145,com.android.healthconnect.phone.jd7cdc53389aa3a9ebd124ea7a13f1035
2026.09.16 13:42:00,13:42:00,114,com.fitbit.FitbitMobile
2026.09.16 13:42:50,13:42:50,109,com.android.healthconnect.phone.jd7cdc53389aa3a9ebd124ea7a13f1035
2026.09.16 13:43:00,13:43:00,109,com.fitbit.FitbitMobile
2026.09.16 13:43:50,13:43:50,109,com.android.healthconnect.phone.jd7cdc53389aa3a9ebd124ea7a13f1035
2026.09.16 13:44:00,13:44:00,108,com.fitbit.FitbitMobile
2026.09.16 13:44:50,13:44:50,111,com.android.healthconnect.phone.jd7cdc53389aa3a9ebd124ea7a13f1035
2026.09.16 13:45:00,13:45:00,110,com.fitbit.FitbitMobile
2026.09.16 13:45:50,13:45:50,95,com.android.healthconnect.phone.jd7cdc53389aa3a9ebd124ea7a13f1035
2026.09.16 13:46:00,13:46:00,96,com.fitbit.FitbitMobile
2026.09.16 13:46:50,13:46:50,186,com.android.healthconnect.phone.jd7cdc53389aa3a9ebd124ea7a13f1035
2026.09.16 13:47:00,13:47:00,93,com.fitbit.FitbitMobile
2026.09.16 13:48:00,13:48:00,102,com.fitbit.FitbitMobile
2026.09.16 13:48:45,13:48:45,104,com.android.healthconnect.phone.jd7cdc53389aa3a9ebd124ea7a13f1035
2026.09.16 13:49:00,13:49:00,106,com.fitbit.FitbitMobile
2026.09.16 13:49:45,13:49:45,107,com.android.healthconnect.phone.jd7cdc53389aa3a9ebd124ea7a13f1035
2026.09.16 13:50:00,13:50:00,172,com.huami.watch.hmwatchmanager
2026.09.16 13:50:00,13:50:00,104,com.fitbit.FitbitMobile
2026.09.16 13:50:45,13:50:45,85,com.android.healthconnect.phone.jd7cdc53389aa3a9ebd124ea7a13f1035
2026.09.16 13:51:00,13:51:00,61,com.fitbit.FitbitMobile
2026.09.16 13:57:00,13:57:00,3,com.fitbit.FitbitMobile
2026.09.16 13:58:00,13:58:00,5,com.fitbit.FitbitMobile
2026.09.16 13:58:18,13:58:18,8,com.android.healthconnect.phone.jd7cdc53389aa3a9ebd124ea7a13f1035
2026.09.16 14:01:00,14:01:00,2,com.fitbit.FitbitMobile
2026.09.16 14:02:00,14:02:00,4,com.fitbit.FitbitMobile
2026.09.16 14:02:32,14:02:32,6,com.android.healthconnect.phone.jd7cdc53389aa3a9ebd124ea7a13f1035
2026.09.16 14:10:00,14:10:00,10,com.huami.watch.hmwatchmanager
2026.09.16 14:20:00,14:20:00,63,com.huami.watch.hmwatchmanager
2026.09.16 14:30:00,14:30:00,26,com.huami.watch.hmwatchmanager
2026.09.16 14:40:00,14:40:00,231,com.huami.watch.hmwatchmanager
2026.09.16 14:45:00,14:45:00,6,com.fitbit.FitbitMobile
2026.09.16 14:46:00,14:46:00,20,com.fitbit.FitbitMobile
2026.09.16 14:46:05,14:46:05,7,com.android.healthconnect.phone.jd7cdc53389aa3a9ebd124ea7a13f1035
2026.09.16 14:46:19,14:46:19,136,com.android.healthconnect.phone.jd7cdc53389aa3a9ebd124ea7a13f1035
2026.09.16 14:47:00,14:47:00,31,com.fitbit.FitbitMobile
2026.09.16 14:48:00,14:48:00,101,com.fitbit.FitbitMobile
2026.09.16 14:48:51,14:48:51,152,com.android.healthconnect.phone.jd7cdc53389aa3a9ebd124ea7a13f1035
2026.09.16 14:49:00,14:49:00,107,com.fitbit.FitbitMobile
2026.09.16 14:50:00,14:50:00,102,com.huami.watch.hmwatchmanager
2026.09.16 14:50:00,14:50:00,97,com.fitbit.FitbitMobile
2026.09.16 14:50:17,14:50:17,76,com.android.healthconnect.phone.jd7cdc53389aa3a9ebd124ea7a13f1035
2026.09.16 14:51:00,14:51:00,9,com.fitbit.FitbitMobile
2026.09.16 15:30:00,15:30:00,292,com.huami.watch.hmwatchmanager
2026.09.16 15:31:00,15:31:00,5,com.fitbit.FitbitMobile
2026.09.16 15:32:00,15:32:00,5,com.fitbit.FitbitMobile
2026.09.16 15:32:11,15:32:11,8,com.android.healthconnect.phone.jd7cdc53389aa3a9ebd124ea7a13f1035
2026.09.16 15:32:27,15:32:27,105,com.android.healthconnect.phone.jd7cdc53389aa3a9ebd124ea7a13f1035
2026.09.16 15:33:00,15:33:00,7,com.fitbit.FitbitMobile
2026.09.16 15:34:00,15:34:00,62,com.fitbit.FitbitMobile
2026.09.16 15:35:00,15:35:00,89,com.fitbit.FitbitMobile
2026.09.16 15:35:21,15:35:21,180,com.android.healthconnect.phone.jd7cdc53389aa3a9ebd124ea7a13f1035
2026.09.16 15:36:00,15:36:00,98,com.fitbit.FitbitMobile
2026.09.16 15:37:00,15:37:00,27,com.fitbit.FitbitMobile
2026.09.16 15:37:17,15:37:17,8,com.android.healthconnect.phone.jd7cdc53389aa3a9ebd124ea7a13f1035
2026.09.16 15:39:00,15:39:00,8,com.fitbit.FitbitMobile
2026.09.16 15:40:00,15:40:00,37,com.huami.watch.hmwatchmanager
2026.09.16 15:40:00,15:40:00,9,com.fitbit.FitbitMobile
2026.09.16 15:40:02,15:40:02,9,com.android.healthconnect.phone.jd7cdc53389aa3a9ebd124ea7a13f1035
2026.09.16 16:20:00,16:20:00,15,com.huami.watch.hmwatchmanager
2026.09.16 16:30:00,16:30:00,10,com.huami.watch.hmwatchmanager
2026.09.16 16:36:00,16:36:00,8,com.fitbit.FitbitMobile
2026.09.16 16:37:00,16:37:00,9,com.fitbit.FitbitMobile
2026.09.16 16:37:00,16:37:00,12,com.android.healthconnect.phone.jd7cdc53389aa3a9ebd124ea7a13f1035
2026.09.16 16:37:24,16:37:24,5,com.android.healthconnect.phone.jd7cdc53389aa3a9ebd124ea7a13f1035
2026.09.16 16:53:00,16:53:00,7,com.fitbit.FitbitMobile
2026.09.16 16:53:50,16:53:50,7,com.android.healthconnect.phone.jd7cdc53389aa3a9ebd124ea7a13f1035
2026.09.16 17:24:00,17:24:00,3,com.fitbit.FitbitMobile
2026.09.16 17:25:00,17:25:00,3,com.fitbit.FitbitMobile
2026.09.16 17:25:14,17:25:14,6,com.android.healthconnect.phone.jd7cdc53389aa3a9ebd124ea7a13f1035
2026.09.16 18:50:00,18:50:00,6,com.huami.watch.hmwatchmanager
2026.09.16 19:29:00,19:29:00,1,com.fitbit.FitbitMobile
2026.09.16 19:30:00,19:30:00,145,com.huami.watch.hmwatchmanager
2026.09.16 19:30:00,19:30:00,8,com.fitbit.FitbitMobile
2026.09.16 19:30:40,19:30:40,7,com.android.healthconnect.phone.jd7cdc53389aa3a9ebd124ea7a13f1035
2026.09.16 19:30:54,19:30:54,2,com.android.healthconnect.phone.jd7cdc53389aa3a9ebd124ea7a13f1035
2026.09.16 19:30:55,19:30:55,151,com.android.healthconnect.phone.jd7cdc53389aa3a9ebd124ea7a13f1035
2026.09.16 19:31:00,19:31:00,9,com.fitbit.FitbitMobile
2026.09.16 19:32:00,19:32:00,33,com.fitbit.FitbitMobile
2026.09.16 19:33:00,19:33:00,78,com.fitbit.FitbitMobile
2026.09.16 19:34:00,19:34:00,31,com.fitbit.FitbitMobile
2026.09.16 19:37:00,19:37:00,14,com.fitbit.FitbitMobile
2026.09.16 19:37:37,19:37:37,15,com.android.healthconnect.phone.jd7cdc53389aa3a9ebd124ea7a13f1035
2026.09.16 19:38:00,19:38:00,24,com.fitbit.FitbitMobile
2026.09.16 19:38:07,19:38:07,47,com.android.healthconnect.phone.jd7cdc53389aa3a9ebd124ea7a13f1035
2026.09.16 19:39:00,19:39:00,14,com.fitbit.FitbitMobile
2026.09.16 19:40:00,19:40:00,632,com.huami.watch.hmwatchmanager
2026.09.16 19:40:00,19:40:00,5,com.fitbit.FitbitMobile
2026.09.16 19:41:00,19:41:00,30,com.fitbit.FitbitMobile
2026.09.16 19:41:41,19:41:41,189,com.android.healthconnect.phone.jd7cdc53389aa3a9ebd124ea7a13f1035
2026.09.16 19:42:00,19:42:00,102,com.fitbit.FitbitMobile
2026.09.16 19:43:00,19:43:00,106,com.fitbit.FitbitMobile
2026.09.16 19:43:35,19:43:35,134,com.android.healthconnect.phone.jd7cdc53389aa3a9ebd124ea7a13f1035
2026.09.16 19:44:00,19:44:00,108,com.fitbit.FitbitMobile
2026.09.16 19:44:50,19:44:50,107,com.android.healthconnect.phone.jd7cdc53389aa3a9ebd124ea7a13f1035
2026.09.16 19:45:00,19:45:00,103,com.fitbit.FitbitMobile
2026.09.16 19:45:50,19:45:50,99,com.android.healthconnect.phone.jd7cdc53389aa3a9ebd124ea7a13f1035
2026.09.16 19:46:00,19:46:00,102,com.fitbit.FitbitMobile
2026.09.16 19:46:50,19:46:50,73,com.android.healthconnect.phone.jd7cdc53389aa3a9ebd124ea7a13f1035
2026.09.16 19:47:00,19:47:00,56,com.fitbit.FitbitMobile
2026.09.16 19:50:00,19:50:00,195,com.huami.watch.hmwatchmanager
2026.09.16 19:53:00,19:53:00,2,com.fitbit.FitbitMobile
2026.09.16 19:54:00,19:54:00,8,com.fitbit.FitbitMobile
2026.09.16 19:54:27,19:54:27,7,com.android.healthconnect.phone.jd7cdc53389aa3a9ebd124ea7a13f1035
2026.09.16 19:54:41,19:54:41,3,com.android.healthconnect.phone.jd7cdc53389aa3a9ebd124ea7a13f1035
2026.09.16 19:54:43,19:54:43,92,com.android.healthconnect.phone.jd7cdc53389aa3a9ebd124ea7a13f1035
2026.09.16 19:56:00,19:56:00,7,com.fitbit.FitbitMobile
2026.09.16 19:57:00,19:57:00,50,com.fitbit.FitbitMobile
2026.09.16 19:58:00,19:58:00,95,com.fitbit.FitbitMobile
2026.09.16 19:58:21,19:58:21,117,com.android.healthconnect.phone.jd7cdc53389aa3a9ebd124ea7a13f1035
2026.09.16 19:59:00,19:59:00,18,com.fitbit.FitbitMobile
2026.09.16 20:00:00,20:00:00,22,com.huami.watch.hmwatchmanager
2026.09.16 20:00:00,20:00:00,40,com.fitbit.FitbitMobile
2026.09.16 20:00:53,20:00:53,9,com.android.healthconnect.phone.jd7cdc53389aa3a9ebd124ea7a13f1035
2026.09.16 20:01:00,20:01:00,9,com.fitbit.FitbitMobile
2026.09.16 20:01:33,20:01:33,8,com.android.healthconnect.phone.jd7cdc53389aa3a9ebd124ea7a13f1035
2026.09.16 20:02:00,20:02:00,8,com.fitbit.FitbitMobile
2026.09.16 20:02:49,20:02:49,27,com.android.healthconnect.phone.jd7cdc53389aa3a9ebd124ea7a13f1035
2026.09.16 20:03:00,20:03:00,20,com.fitbit.FitbitMobile
2026.09.16 20:04:00,20:04:00,16,com.fitbit.FitbitMobile
2026.09.16 20:04:04,20:04:04,54,com.android.healthconnect.phone.jd7cdc53389aa3a9ebd124ea7a13f1035
2026.09.16 20:05:00,20:05:00,23,com.fitbit.FitbitMobile
2026.09.16 20:06:00,20:06:00,45,com.fitbit.FitbitMobile
2026.09.16 20:06:14,20:06:14,54,com.android.healthconnect.phone.jd7cdc53389aa3a9ebd124ea7a13f1035
2026.09.16 20:08:00,20:08:00,5,com.fitbit.FitbitMobile
2026.09.16 20:09:00,20:09:00,56,com.fitbit.FitbitMobile
2026.09.16 20:09:34,20:09:34,60,com.android.healthconnect.phone.jd7cdc53389aa3a9ebd124ea7a13f1035
2026.09.16 20:10:00,20:10:00,618,com.huami.watch.hmwatchmanager
2026.09.16 20:10:00,20:10:00,62,com.fitbit.FitbitMobile
2026.09.16 20:10:35,20:10:35,72,com.android.healthconnect.phone.jd7cdc53389aa3a9ebd124ea7a13f1035
2026.09.16 20:11:00,20:11:00,75,com.fitbit.FitbitMobile
2026.09.16 20:11:34,20:11:34,50,com.android.healthconnect.phone.jd7cdc53389aa3a9ebd124ea7a13f1035
2026.09.16 20:12:00,20:12:00,23,com.fitbit.FitbitMobile
2026.09.16 20:12:09,20:12:09,9,com.android.healthconnect.phone.jd7cdc53389aa3a9ebd124ea7a13f1035
2026.09.16 20:12:54,20:12:54,18,com.android.healthconnect.phone.jd7cdc53389aa3a9ebd124ea7a13f1035
2026.09.16 20:13:00,20:13:00,4,com.fitbit.FitbitMobile
2026.09.16 20:14:00,20:14:00,51,com.fitbit.FitbitMobile
2026.09.16 20:14:35,20:14:35,138,com.android.healthconnect.phone.jd7cdc53389aa3a9ebd124ea7a13f1035
2026.09.16 20:15:00,20:15:00,98,com.fitbit.FitbitMobile
2026.09.16 20:16:00,20:16:00,97,com.fitbit.FitbitMobile
2026.09.16 20:16:01,20:16:01,96,com.android.healthconnect.phone.jd7cdc53389aa3a9ebd124ea7a13f1035
2026.09.16 20:17:00,20:17:00,83,com.fitbit.FitbitMobile
2026.09.16 20:17:01,20:17:01,85,com.android.healthconnect.phone.jd7cdc53389aa3a9ebd124ea7a13f1035
2026.09.16 20:18:00,20:18:00,88,com.fitbit.FitbitMobile
2026.09.16 20:18:01,20:18:01,87,com.android.healthconnect.phone.jd7cdc53389aa3a9ebd124ea7a13f1035
2026.09.16 20:19:00,20:19:00,23,com.fitbit.FitbitMobile
2026.09.16 20:19:01,20:19:01,20,com.android.healthconnect.phone.jd7cdc53389aa3a9ebd124ea7a13f1035
2026.09.16 20:20:00,20:20:00,162,com.huami.watch.hmwatchmanager
2026.09.16 20:20:00,20:20:00,5,com.fitbit.FitbitMobile
2026.09.16 20:21:00,20:21:00,13,com.fitbit.FitbitMobile
2026.09.16 20:21:06,20:21:06,7,com.android.healthconnect.phone.jd7cdc53389aa3a9ebd124ea7a13f1035
2026.09.16 20:21:20,20:21:20,11,com.android.healthconnect.phone.jd7cdc53389aa3a9ebd124ea7a13f1035
2026.09.16 20:22:00,20:22:00,2,com.fitbit.FitbitMobile
2026.09.16 20:23:00,20:23:00,9,com.fitbit.FitbitMobile
2026.09.16 20:23:29,20:23:29,8,com.android.healthconnect.phone.jd7cdc53389aa3a9ebd124ea7a13f1035
2026.09.16 20:23:45,20:23:45,3,com.android.healthconnect.phone.jd7cdc53389aa3a9ebd124ea7a13f1035
2026.09.16 20:26:00,20:26:00,7,com.fitbit.FitbitMobile
2026.09.16 20:26:48,20:26:48,7,com.android.healthconnect.phone.jd7cdc53389aa3a9ebd124ea7a13f1035
2026.09.16 20:27:00,20:27:00,60,com.fitbit.FitbitMobile
2026.09.16 20:27:02,20:27:02,64,com.android.healthconnect.phone.jd7cdc53389aa3a9ebd124ea7a13f1035
2026.09.16 20:28:00,20:28:00,61,com.fitbit.FitbitMobile
2026.09.16 20:28:02,20:28:02,52,com.android.healthconnect.phone.jd7cdc53389aa3a9ebd124ea7a13f1035
2026.09.16 20:29:00,20:29:00,53,com.fitbit.FitbitMobile
2026.09.16 20:29:02,20:29:02,59,com.android.healthconnect.phone.jd7cdc53389aa3a9ebd124ea7a13f1035
2026.09.16 20:30:00,20:30:00,648,com.huami.watch.hmwatchmanager
2026.09.16 20:30:00,20:30:00,89,com.fitbit.FitbitMobile
2026.09.16 20:30:01,20:30:01,91,com.android.healthconnect.phone.jd7cdc53389aa3a9ebd124ea7a13f1035
2026.09.16 20:31:00,20:31:00,100,com.fitbit.FitbitMobile
2026.09.16 20:31:02,20:31:02,100,com.android.healthconnect.phone.jd7cdc53389aa3a9ebd124ea7a13f1035
2026.09.16 20:32:00,20:32:00,107,com.fitbit.FitbitMobile
2026.09.16 20:32:01,20:32:01,107,com.android.healthconnect.phone.jd7cdc53389aa3a9ebd124ea7a13f1035
2026.09.16 20:33:00,20:33:00,104,com.fitbit.FitbitMobile
2026.09.16 20:33:02,20:33:02,104,com.android.healthconnect.phone.jd7cdc53389aa3a9ebd124ea7a13f1035
2026.09.16 20:34:00,20:34:00,95,com.fitbit.FitbitMobile
2026.09.16 20:34:02,20:34:02,111,com.android.healthconnect.phone.jd7cdc53389aa3a9ebd124ea7a13f1035
2026.09.16 20:35:00,20:35:00,27,com.fitbit.FitbitMobile
2026.09.16 20:35:14,20:35:14,58,com.android.healthconnect.phone.jd7cdc53389aa3a9ebd124ea7a13f1035
2026.09.16 20:36:00,20:36:00,59,com.fitbit.FitbitMobile
2026.09.16 20:36:31,20:36:31,9,com.android.healthconnect.phone.jd7cdc53389aa3a9ebd124ea7a13f1035
2026.09.16 20:38:00,20:38:00,8,com.fitbit.FitbitMobile
2026.09.16 20:38:46,20:38:46,7,com.android.healthconnect.phone.jd7cdc53389aa3a9ebd124ea7a13f1035
2026.09.16 20:39:00,20:39:00,1,com.android.healthconnect.phone.jd7cdc53389aa3a9ebd124ea7a13f1035
2026.09.16 20:41:00,20:41:00,2,com.fitbit.FitbitMobile
2026.09.16 20:42:00,20:42:00,9,com.fitbit.FitbitMobile
2026.09.16 20:42:32,20:42:32,7,com.android.healthconnect.phone.jd7cdc53389aa3a9ebd124ea7a13f1035
2026.09.16 20:42:46,20:42:46,9,com.android.healthconnect.phone.jd7cdc53389aa3a9ebd124ea7a13f1035
2026.09.16 20:43:00,20:43:00,5,com.fitbit.FitbitMobile
2026.09.16 20:43:18,20:43:18,6,com.android.healthconnect.phone.jd7cdc53389aa3a9ebd124ea7a13f1035
2026.09.16 20:44:00,20:44:00,4,com.fitbit.FitbitMobile
2026.09.16 20:45:00,20:45:00,2,com.fitbit.FitbitMobile
2026.09.16 20:50:00,20:50:00,8,com.huami.watch.hmwatchmanager
2026.09.16 21:22:00,21:22:00,6,com.fitbit.FitbitMobile
2026.09.16 21:22:50,21:22:50,7,com.android.healthconnect.phone.jd7cdc53389aa3a9ebd124ea7a13f1035
2026.09.16 21:23:00,21:23:00,1,com.fitbit.FitbitMobile
2026.09.16 21:34:00,21:34:00,1,com.fitbit.FitbitMobile
2026.09.16 21:35:00,21:35:00,9,com.fitbit.FitbitMobile
2026.09.16 21:35:36,21:35:36,6,com.android.healthconnect.phone.jd7cdc53389aa3a9ebd124ea7a13f1035
2026.09.16 21:35:48,21:35:48,7,com.android.healthconnect.phone.jd7cdc53389aa3a9ebd124ea7a13f1035
2026.09.16 21:36:00,21:36:00,3,com.fitbit.FitbitMobile
2026.09.17 02:50:00,02:50:00,4,com.huami.watch.hmwatchmanager
2026.09.17 03:10:00,03:10:00,10,com.huami.watch.hmwatchmanager
2026.09.17 04:00:00,04:00:00,16,com.huami.watch.hmwatchmanager
2026.09.17 05:00:00,05:00:00,8,com.huami.watch.hmwatchmanager
2026.09.17 07:20:00,07:20:00,30,com.huami.watch.hmwatchmanager
2026.09.17 07:30:00,07:30:00,23,com.huami.watch.hmwatchmanager
2026.09.17 07:40:00,07:40:00,5,com.huami.watch.hmwatchmanager
2026.09.17 07:43:00,07:43:00,2,com.fitbit.FitbitMobile
2026.09.17 07:44:00,07:44:00,7,com.fitbit.FitbitMobile
2026.09.17 07:44:27,07:44:27,7,com.android.healthconnect.phone.jd7cdc53389aa3a9ebd124ea7a13f1035
2026.09.17 07:44:41,07:44:41,2,com.android.healthconnect.phone.jd7cdc53389aa3a9ebd124ea7a13f1035
2026.09.17 07:50:00,07:50:00,30,com.huami.watch.hmwatchmanager
2026.09.17 07:58:00,07:58:00,7,com.fitbit.FitbitMobile
2026.09.17 07:59:00,07:59:00,54,com.fitbit.FitbitMobile
2026.09.17 07:59:04,07:59:04,15,com.android.healthconnect.phone.jd7cdc53389aa3a9ebd124ea7a13f1035
2026.09.17 07:59:34,07:59:34,130,com.android.healthconnect.phone.jd7cdc53389aa3a9ebd124ea7a13f1035
2026.09.17 08:00:00,08:00:00,48,com.huami.watch.hmwatchmanager
2026.09.17 08:00:00,08:00:00,77,com.fitbit.FitbitMobile
2026.09.17 08:01:00,08:01:00,92,com.fitbit.FitbitMobile
2026.09.17 08:01:12,08:01:12,108,com.android.healthconnect.phone.jd7cdc53389aa3a9ebd124ea7a13f1035
2026.09.17 08:02:00,08:02:00,110,com.fitbit.FitbitMobile
2026.09.17 08:02:12,08:02:12,110,com.android.healthconnect.phone.jd7cdc53389aa3a9ebd124ea7a13f1035
2026.09.17 08:03:00,08:03:00,101,com.fitbit.FitbitMobile
2026.09.17 08:03:12,08:03:12,96,com.android.healthconnect.phone.jd7cdc53389aa3a9ebd124ea7a13f1035
2026.09.17 08:04:00,08:04:00,98,com.fitbit.FitbitMobile
2026.09.17 08:04:12,08:04:12,158,com.android.healthconnect.phone.jd7cdc53389aa3a9ebd124ea7a13f1035
2026.09.17 08:05:00,08:05:00,105,com.fitbit.FitbitMobile
2026.09.17 08:05:45,08:05:45,108,com.android.healthconnect.phone.jd7cdc53389aa3a9ebd124ea7a13f1035
2026.09.17 08:06:00,08:06:00,107,com.fitbit.FitbitMobile
2026.09.17 08:06:45,08:06:45,109,com.android.healthconnect.phone.jd7cdc53389aa3a9ebd124ea7a13f1035
2026.09.17 08:07:00,08:07:00,108,com.fitbit.FitbitMobile
2026.09.17 08:07:45,08:07:45,201,com.android.healthconnect.phone.jd7cdc53389aa3a9ebd124ea7a13f1035
2026.09.17 08:08:00,08:08:00,105,com.fitbit.FitbitMobile
2026.09.17 08:09:00,08:09:00,99,com.fitbit.FitbitMobile
2026.09.17 08:09:43,08:09:43,102,com.android.healthconnect.phone.jd7cdc53389aa3a9ebd124ea7a13f1035
2026.09.17 08:10:00,08:10:00,1063,com.huami.watch.hmwatchmanager
2026.09.17 08:10:00,08:10:00,101,com.fitbit.FitbitMobile
2026.09.17 08:10:43,08:10:43,103,com.android.healthconnect.phone.jd7cdc53389aa3a9ebd124ea7a13f1035
2026.09.17 08:11:00,08:11:00,106,com.fitbit.FitbitMobile
2026.09.17 08:11:43,08:11:43,108,com.android.healthconnect.phone.jd7cdc53389aa3a9ebd124ea7a13f1035
2026.09.17 08:12:00,08:12:00,107,com.fitbit.FitbitMobile
2026.09.17 08:12:43,08:12:43,254,com.android.healthconnect.phone.jd7cdc53389aa3a9ebd124ea7a13f1035
2026.09.17 08:13:00,08:13:00,110,com.fitbit.FitbitMobile
2026.09.17 08:14:00,08:14:00,112,com.fitbit.FitbitMobile
2026.09.17 08:15:00,08:15:00,96,com.fitbit.FitbitMobile
2026.09.17 08:15:02,08:15:02,231,com.android.healthconnect.phone.jd7cdc53389aa3a9ebd124ea7a13f1035
2026.09.17 08:16:00,08:16:00,109,com.fitbit.FitbitMobile
2026.09.17 08:17:00,08:17:00,112,com.fitbit.FitbitMobile
2026.09.17 08:17:15,08:17:15,112,com.android.healthconnect.phone.jd7cdc53389aa3a9ebd124ea7a13f1035
2026.09.17 08:18:00,08:18:00,110,com.fitbit.FitbitMobile
2026.09.17 08:18:15,08:18:15,108,com.android.healthconnect.phone.jd7cdc53389aa3a9ebd124ea7a13f1035
2026.09.17 08:19:00,08:19:00,111,com.fitbit.FitbitMobile
2026.09.17 08:19:15,08:19:15,113,com.android.healthconnect.phone.jd7cdc53389aa3a9ebd124ea7a13f1035
2026.09.17 08:20:00,08:20:00,1047,com.huami.watch.hmwatchmanager
2026.09.17 08:20:00,08:20:00,113,com.fitbit.FitbitMobile
2026.09.17 08:20:15,08:20:15,112,com.android.healthconnect.phone.jd7cdc53389aa3a9ebd124ea7a13f1035
2026.09.17 08:21:00,08:21:00,110,com.fitbit.FitbitMobile
2026.09.17 08:21:15,08:21:15,122,com.android.healthconnect.phone.jd7cdc53389aa3a9ebd124ea7a13f1035
2026.09.17 08:22:00,08:22:00,106,com.fitbit.FitbitMobile
2026.09.17 08:22:22,08:22:22,391,com.android.healthconnect.phone.jd7cdc53389aa3a9ebd124ea7a13f1035
2026.09.17 08:23:00,08:23:00,99,com.fitbit.FitbitMobile
2026.09.17 08:24:00,08:24:00,99,com.fitbit.FitbitMobile
2026.09.17 08:25:00,08:25:00,103,com.fitbit.FitbitMobile
2026.09.17 08:26:00,08:26:00,108,com.fitbit.FitbitMobile
2026.09.17 08:26:13,08:26:13,169,com.android.healthconnect.phone.jd7cdc53389aa3a9ebd124ea7a13f1035
2026.09.17 08:27:00,08:27:00,105,com.fitbit.FitbitMobile
2026.09.17 08:27:48,08:27:48,105,com.android.healthconnect.phone.jd7cdc53389aa3a9ebd124ea7a13f1035
2026.09.17 08:28:00,08:28:00,104,com.fitbit.FitbitMobile
2026.09.17 08:28:48,08:28:48,101,com.android.healthconnect.phone.jd7cdc53389aa3a9ebd124ea7a13f1035
2026.09.17 08:29:00,08:29:00,102,com.fitbit.FitbitMobile
2026.09.17 08:29:48,08:29:48,139,com.android.healthconnect.phone.jd7cdc53389aa3a9ebd124ea7a13f1035
2026.09.17 08:30:00,08:30:00,1079,com.huami.watch.hmwatchmanager
2026.09.17 08:30:00,08:30:00,109,com.fitbit.FitbitMobile
2026.09.17 08:31:00,08:31:00,109,com.fitbit.FitbitMobile
2026.09.17 08:31:05,08:31:05,109,com.android.healthconnect.phone.jd7cdc53389aa3a9ebd124ea7a13f1035
2026.09.17 08:32:00,08:32:00,107,com.fitbit.FitbitMobile
2026.09.17 08:32:05,08:32:05,107,com.android.healthconnect.phone.jd7cdc53389aa3a9ebd124ea7a13f1035
2026.09.17 08:33:00,08:33:00,102,com.fitbit.FitbitMobile
2026.09.17 08:33:05,08:33:05,102,com.android.healthconnect.phone.jd7cdc53389aa3a9ebd124ea7a13f1035
2026.09.17 08:34:00,08:34:00,106,com.fitbit.FitbitMobile
2026.09.17 08:34:05,08:34:05,107,com.android.healthconnect.phone.jd7cdc53389aa3a9ebd124ea7a13f1035
2026.09.17 08:35:00,08:35:00,109,com.fitbit.FitbitMobile
2026.09.17 08:35:05,08:35:05,109,com.android.healthconnect.phone.jd7cdc53389aa3a9ebd124ea7a13f1035
2026.09.17 08:36:00,08:36:00,112,com.fitbit.FitbitMobile
2026.09.17 08:36:05,08:36:05,112,com.android.healthconnect.phone.jd7cdc53389aa3a9ebd124ea7a13f1035
2026.09.17 08:37:00,08:37:00,112,com.fitbit.FitbitMobile
2026.09.17 08:37:05,08:37:05,112,com.android.healthconnect.phone.jd7cdc53389aa3a9ebd124ea7a13f1035
2026.09.17 08:38:00,08:38:00,111,com.fitbit.FitbitMobile
2026.09.17 08:38:05,08:38:05,110,com.android.healthconnect.phone.jd7cdc53389aa3a9ebd124ea7a13f1035
2026.09.17 08:39:00,08:39:00,106,com.fitbit.FitbitMobile
2026.09.17 08:39:05,08:39:05,106,com.android.healthconnect.phone.jd7cdc53389aa3a9ebd124ea7a13f1035
2026.09.17 08:40:00,08:40:00,1017,com.huami.watch.hmwatchmanager
2026.09.17 08:40:00,08:40:00,108,com.fitbit.FitbitMobile
2026.09.17 08:40:05,08:40:05,108,com.android.healthconnect.phone.jd7cdc53389aa3a9ebd124ea7a13f1035
2026.09.17 08:41:00,08:41:00,112,com.fitbit.FitbitMobile
2026.09.17 08:41:05,08:41:05,220,com.android.healthconnect.phone.jd7cdc53389aa3a9ebd124ea7a13f1035
2026.09.17 08:42:00,08:42:00,109,com.fitbit.FitbitMobile
2026.09.17 08:43:00,08:43:00,110,com.fitbit.FitbitMobile
2026.09.17 08:43:04,08:43:04,111,com.android.healthconnect.phone.jd7cdc53389aa3a9ebd124ea7a13f1035
2026.09.17 08:44:00,08:44:00,87,com.fitbit.FitbitMobile
2026.09.17 08:44:05,08:44:05,141,com.android.healthconnect.phone.jd7cdc53389aa3a9ebd124ea7a13f1035
2026.09.17 08:45:00,08:45:00,108,com.fitbit.FitbitMobile
2026.09.17 08:45:35,08:45:35,108,com.android.healthconnect.phone.jd7cdc53389aa3a9ebd124ea7a13f1035
2026.09.17 08:46:00,08:46:00,106,com.fitbit.FitbitMobile
2026.09.17 08:46:35,08:46:35,107,com.android.healthconnect.phone.jd7cdc53389aa3a9ebd124ea7a13f1035
2026.09.17 08:47:00,08:47:00,112,com.fitbit.FitbitMobile
2026.09.17 08:47:35,08:47:35,111,com.android.healthconnect.phone.jd7cdc53389aa3a9ebd124ea7a13f1035
2026.09.17 08:48:00,08:48:00,110,com.fitbit.FitbitMobile
2026.09.17 08:48:35,08:48:35,90,com.android.healthconnect.phone.jd7cdc53389aa3a9ebd124ea7a13f1035
2026.09.17 08:49:00,08:49:00,44,com.fitbit.FitbitMobile
2026.09.17 08:50:00,08:50:00,401,com.huami.watch.hmwatchmanager
2026.09.17 08:50:00,08:50:00,2,com.fitbit.FitbitMobile
2026.09.17 08:51:00,08:51:00,38,com.fitbit.FitbitMobile
2026.09.17 08:51:26,08:51:26,7,com.android.healthconnect.phone.jd7cdc53389aa3a9ebd124ea7a13f1035
2026.09.17 08:51:40,08:51:40,67,com.android.healthconnect.phone.jd7cdc53389aa3a9ebd124ea7a13f1035
2026.09.17 08:52:00,08:52:00,34,com.fitbit.FitbitMobile
2026.09.17 08:55:00,08:55:00,6,com.fitbit.FitbitMobile
2026.09.17 08:55:56,08:55:56,7,com.android.healthconnect.phone.jd7cdc53389aa3a9ebd124ea7a13f1035
2026.09.17 08:56:00,08:56:00,62,com.fitbit.FitbitMobile
2026.09.17 08:56:10,08:56:10,93,com.android.healthconnect.phone.jd7cdc53389aa3a9ebd124ea7a13f1035
2026.09.17 08:57:00,08:57:00,72,com.fitbit.FitbitMobile
2026.09.17 08:57:37,08:57:37,108,com.android.healthconnect.phone.jd7cdc53389aa3a9ebd124ea7a13f1035
2026.09.17 08:58:00,08:58:00,90,com.fitbit.FitbitMobile
2026.09.17 08:58:37,08:58:37,84,com.android.healthconnect.phone.jd7cdc53389aa3a9ebd124ea7a13f1035
2026.09.17 08:59:00,08:59:00,102,com.fitbit.FitbitMobile
2026.09.17 08:59:38,08:59:38,110,com.android.healthconnect.phone.jd7cdc53389aa3a9ebd124ea7a13f1035
2026.09.17 09:00:00,09:00:00,1043,com.huami.watch.hmwatchmanager
2026.09.17 09:00:00,09:00:00,110,com.fitbit.FitbitMobile
2026.09.17 09:00:37,09:00:37,111,com.android.healthconnect.phone.jd7cdc53389aa3a9ebd124ea7a13f1035
2026.09.17 09:01:00,09:01:00,112,com.fitbit.FitbitMobile
2026.09.17 09:01:38,09:01:38,111,com.android.healthconnect.phone.jd7cdc53389aa3a9ebd124ea7a13f1035
2026.09.17 09:02:00,09:02:00,111,com.fitbit.FitbitMobile
2026.09.17 09:02:38,09:02:38,111,com.android.healthconnect.phone.jd7cdc53389aa3a9ebd124ea7a13f1035
2026.09.17 09:03:00,09:03:00,110,com.fitbit.FitbitMobile
2026.09.17 09:03:37,09:03:37,90,com.android.healthconnect.phone.jd7cdc53389aa3a9ebd124ea7a13f1035
2026.09.17 09:04:00,09:04:00,83,com.fitbit.FitbitMobile
2026.09.17 09:04:29,09:04:29,102,com.android.healthconnect.phone.jd7cdc53389aa3a9ebd124ea7a13f1035
2026.09.17 09:05:00,09:05:00,107,com.fitbit.FitbitMobile
2026.09.17 09:05:38,09:05:38,104,com.android.healthconnect.phone.jd7cdc53389aa3a9ebd124ea7a13f1035
2026.09.17 09:06:00,09:06:00,106,com.fitbit.FitbitMobile
2026.09.17 09:06:37,09:06:37,97,com.android.healthconnect.phone.jd7cdc53389aa3a9ebd124ea7a13f1035
2026.09.17 09:07:00,09:07:00,98,com.fitbit.FitbitMobile
2026.09.17 09:07:38,09:07:38,112,com.android.healthconnect.phone.jd7cdc53389aa3a9ebd124ea7a13f1035
2026.09.17 09:08:00,09:08:00,111,com.fitbit.FitbitMobile
2026.09.17 09:08:38,09:08:38,108,com.android.healthconnect.phone.jd7cdc53389aa3a9ebd124ea7a13f1035
2026.09.17 09:09:00,09:09:00,106,com.fitbit.FitbitMobile
2026.09.17 09:09:38,09:09:38,103,com.android.healthconnect.phone.jd7cdc53389aa3a9ebd124ea7a13f1035
2026.09.17 09:10:00,09:10:00,1008,com.huami.watch.hmwatchmanager
2026.09.17 09:10:00,09:10:00,103,com.fitbit.FitbitMobile
2026.09.17 09:10:37,09:10:37,103,com.android.healthconnect.phone.jd7cdc53389aa3a9ebd124ea7a13f1035
2026.09.17 09:11:00,09:11:00,104,com.fitbit.FitbitMobile
2026.09.17 09:11:37,09:11:37,117,com.android.healthconnect.phone.jd7cdc53389aa3a9ebd124ea7a13f1035
2026.09.17 09:12:00,09:12:00,107,com.fitbit.FitbitMobile
2026.09.17 09:12:43,09:12:43,105,com.android.healthconnect.phone.jd7cdc53389aa3a9ebd124ea7a13f1035
2026.09.17 09:13:00,09:13:00,106,com.fitbit.FitbitMobile
2026.09.17 09:13:43,09:13:43,105,com.android.healthconnect.phone.jd7cdc53389aa3a9ebd124ea7a13f1035
2026.09.17 09:14:00,09:14:00,104,com.fitbit.FitbitMobile
2026.09.17 09:14:42,09:14:42,133,com.android.healthconnect.phone.jd7cdc53389aa3a9ebd124ea7a13f1035
2026.09.17 09:15:00,09:15:00,103,com.fitbit.FitbitMobile
2026.09.17 09:16:00,09:16:00,80,com.fitbit.FitbitMobile
2026.09.17 09:16:00,09:16:00,100,com.android.healthconnect.phone.jd7cdc53389aa3a9ebd124ea7a13f1035
2026.09.17 09:17:00,09:17:00,103,com.fitbit.FitbitMobile
2026.09.17 09:17:12,09:17:12,126,com.android.healthconnect.phone.jd7cdc53389aa3a9ebd124ea7a13f1035
2026.09.17 09:18:00,09:18:00,105,com.fitbit.FitbitMobile
2026.09.17 09:18:25,09:18:25,276,com.android.healthconnect.phone.jd7cdc53389aa3a9ebd124ea7a13f1035
2026.09.17 09:19:00,09:19:00,107,com.fitbit.FitbitMobile
2026.09.17 09:20:00,09:20:00,859,com.huami.watch.hmwatchmanager
2026.09.17 09:20:00,09:20:00,107,com.fitbit.FitbitMobile
2026.09.17 09:21:00,09:21:00,107,com.fitbit.FitbitMobile
2026.09.17 09:21:00,09:21:00,106,com.android.healthconnect.phone.jd7cdc53389aa3a9ebd124ea7a13f1035
2026.09.17 09:22:00,09:22:00,103,com.fitbit.FitbitMobile
2026.09.17 09:22:00,09:22:00,104,com.android.healthconnect.phone.jd7cdc53389aa3a9ebd124ea7a13f1035
2026.09.17 09:23:00,09:23:00,106,com.fitbit.FitbitMobile
2026.09.17 09:23:00,09:23:00,118,com.android.healthconnect.phone.jd7cdc53389aa3a9ebd124ea7a13f1035
2026.09.17 09:24:00,09:24:00,62,com.fitbit.FitbitMobile
2026.09.17 09:24:07,09:24:07,48,com.android.healthconnect.phone.jd7cdc53389aa3a9ebd124ea7a13f1035
2026.09.17 09:24:38,09:24:38,55,com.android.healthconnect.phone.jd7cdc53389aa3a9ebd124ea7a13f1035
2026.09.17 09:25:00,09:25:00,16,com.fitbit.FitbitMobile
2026.09.17 09:26:00,09:26:00,58,com.fitbit.FitbitMobile
2026.09.17 09:26:49,09:26:49,107,com.android.healthconnect.phone.jd7cdc53389aa3a9ebd124ea7a13f1035
2026.09.17 09:27:00,09:27:00,106,com.fitbit.FitbitMobile
2026.09.17 09:27:49,09:27:49,102,com.android.healthconnect.phone.jd7cdc53389aa3a9ebd124ea7a13f1035
2026.09.17 09:28:00,09:28:00,102,com.fitbit.FitbitMobile
2026.09.17 09:28:48,09:28:48,103,com.android.healthconnect.phone.jd7cdc53389aa3a9ebd124ea7a13f1035
2026.09.17 09:29:00,09:29:00,104,com.fitbit.FitbitMobile
2026.09.17 09:29:49,09:29:49,308,com.android.healthconnect.phone.jd7cdc53389aa3a9ebd124ea7a13f1035
2026.09.17 09:30:00,09:30:00,1067,com.huami.watch.hmwatchmanager
2026.09.17 09:30:00,09:30:00,107,com.fitbit.FitbitMobile
2026.09.17 09:31:00,09:31:00,111,com.fitbit.FitbitMobile
2026.09.17 09:32:00,09:32:00,109,com.fitbit.FitbitMobile
2026.09.17 09:32:38,09:32:38,227,com.android.healthconnect.phone.jd7cdc53389aa3a9ebd124ea7a13f1035
2026.09.17 09:33:00,09:33:00,109,com.fitbit.FitbitMobile
2026.09.17 09:34:00,09:34:00,113,com.fitbit.FitbitMobile
2026.09.17 09:34:41,09:34:41,153,com.android.healthconnect.phone.jd7cdc53389aa3a9ebd124ea7a13f1035
2026.09.17 09:35:00,09:35:00,102,com.fitbit.FitbitMobile
2026.09.17 09:36:00,09:36:00,95,com.fitbit.FitbitMobile
2026.09.17 09:36:13,09:36:13,102,com.android.healthconnect.phone.jd7cdc53389aa3a9ebd124ea7a13f1035
2026.09.17 09:37:00,09:37:00,99,com.fitbit.FitbitMobile
2026.09.17 09:37:13,09:37:13,99,com.android.healthconnect.phone.jd7cdc53389aa3a9ebd124ea7a13f1035
2026.09.17 09:38:00,09:38:00,110,com.fitbit.FitbitMobile
2026.09.17 09:38:13,09:38:13,110,com.android.healthconnect.phone.jd7cdc53389aa3a9ebd124ea7a13f1035
2026.09.17 09:39:00,09:39:00,112,com.fitbit.FitbitMobile
2026.09.17 09:39:12,09:39:12,167,com.android.healthconnect.phone.jd7cdc53389aa3a9ebd124ea7a13f1035
2026.09.17 09:40:00,09:40:00,986,com.huami.watch.hmwatchmanager
2026.09.17 09:40:00,09:40:00,110,com.fitbit.FitbitMobile
2026.09.17 09:40:43,09:40:43,108,com.android.healthconnect.phone.jd7cdc53389aa3a9ebd124ea7a13f1035
2026.09.17 09:41:00,09:41:00,109,com.fitbit.FitbitMobile
2026.09.17 09:41:43,09:41:43,114,com.android.healthconnect.phone.jd7cdc53389aa3a9ebd124ea7a13f1035
2026.09.17 09:42:00,09:42:00,112,com.fitbit.FitbitMobile
2026.09.17 09:42:43,09:42:43,106,com.android.healthconnect.phone.jd7cdc53389aa3a9ebd124ea7a13f1035
2026.09.17 09:43:00,09:43:00,106,com.fitbit.FitbitMobile
2026.09.17 09:43:43,09:43:43,137,com.android.healthconnect.phone.jd7cdc53389aa3a9ebd124ea7a13f1035
2026.09.17 09:44:00,09:44:00,104,com.fitbit.FitbitMobile
2026.09.17 09:45:00,09:45:00,105,com.fitbit.FitbitMobile
2026.09.17 09:45:01,09:45:01,223,com.android.healthconnect.phone.jd7cdc53389aa3a9ebd124ea7a13f1035
2026.09.17 09:46:00,09:46:00,99,com.fitbit.FitbitMobile
2026.09.17 09:47:00,09:47:00,38,com.fitbit.FitbitMobile
2026.09.17 09:47:19,09:47:19,97,com.android.healthconnect.phone.jd7cdc53389aa3a9ebd124ea7a13f1035
2026.09.17 09:48:00,09:48:00,104,com.fitbit.FitbitMobile
2026.09.17 09:48:46,09:48:46,101,com.android.healthconnect.phone.jd7cdc53389aa3a9ebd124ea7a13f1035
2026.09.17 09:49:00,09:49:00,102,com.fitbit.FitbitMobile
2026.09.17 09:49:45,09:49:45,106,com.android.healthconnect.phone.jd7cdc53389aa3a9ebd124ea7a13f1035
2026.09.17 09:50:00,09:50:00,953,com.huami.watch.hmwatchmanager
2026.09.17 09:50:00,09:50:00,107,com.fitbit.FitbitMobile
2026.09.17 09:50:46,09:50:46,156,com.android.healthconnect.phone.jd7cdc53389aa3a9ebd124ea7a13f1035
2026.09.17 09:51:00,09:51:00,106,com.fitbit.FitbitMobile
2026.09.17 09:52:00,09:52:00,106,com.fitbit.FitbitMobile
2026.09.17 09:52:14,09:52:14,107,com.android.healthconnect.phone.jd7cdc53389aa3a9ebd124ea7a13f1035
2026.09.17 09:53:00,09:53:00,102,com.fitbit.FitbitMobile
2026.09.17 09:53:14,09:53:14,100,com.android.healthconnect.phone.jd7cdc53389aa3a9ebd124ea7a13f1035
2026.09.17 09:54:00,09:54:00,102,com.fitbit.FitbitMobile
2026.09.17 09:54:14,09:54:14,103,com.android.healthconnect.phone.jd7cdc53389aa3a9ebd124ea7a13f1035
2026.09.17 09:55:00,09:55:00,109,com.fitbit.FitbitMobile
2026.09.17 09:55:14,09:55:14,112,com.android.healthconnect.phone.jd7cdc53389aa3a9ebd124ea7a13f1035
2026.09.17 09:56:00,09:56:00,114,com.fitbit.FitbitMobile
2026.09.17 09:56:14,09:56:14,142,com.android.healthconnect.phone.jd7cdc53389aa3a9ebd124ea7a13f1035
2026.09.17 09:57:00,09:57:00,109,com.fitbit.FitbitMobile
2026.09.17 09:57:30,09:57:30,108,com.android.healthconnect.phone.jd7cdc53389aa3a9ebd124ea7a13f1035
2026.09.17 09:58:00,09:58:00,107,com.fitbit.FitbitMobile
2026.09.17 09:58:30,09:58:30,108,com.android.healthconnect.phone.jd7cdc53389aa3a9ebd124ea7a13f1035
2026.09.17 09:59:00,09:59:00,98,com.fitbit.FitbitMobile
2026.09.17 09:59:29,09:59:29,95,com.android.healthconnect.phone.jd7cdc53389aa3a9ebd124ea7a13f1035
2026.09.17 10:00:00,10:00:00,1023,com.huami.watch.hmwatchmanager
2026.09.17 10:00:00,10:00:00,105,com.fitbit.FitbitMobile
2026.09.17 10:00:30,10:00:30,104,com.android.healthconnect.phone.jd7cdc53389aa3a9ebd124ea7a13f1035
2026.09.17 10:01:00,10:01:00,105,com.fitbit.FitbitMobile
2026.09.17 10:01:30,10:01:30,73,com.android.healthconnect.phone.jd7cdc53389aa3a9ebd124ea7a13f1035
2026.09.17 10:02:00,10:02:00,58,com.fitbit.FitbitMobile
2026.09.17 10:02:12,10:02:12,91,com.android.healthconnect.phone.jd7cdc53389aa3a9ebd124ea7a13f1035
2026.09.17 10:03:00,10:03:00,108,com.fitbit.FitbitMobile
2026.09.17 10:03:29,10:03:29,110,com.android.healthconnect.phone.jd7cdc53389aa3a9ebd124ea7a13f1035
2026.09.17 10:04:00,10:04:00,110,com.fitbit.FitbitMobile
2026.09.17 10:04:30,10:04:30,110,com.android.healthconnect.phone.jd7cdc53389aa3a9ebd124ea7a13f1035
2026.09.17 10:05:00,10:05:00,110,com.fitbit.FitbitMobile
2026.09.17 10:05:30,10:05:30,112,com.android.healthconnect.phone.jd7cdc53389aa3a9ebd124ea7a13f1035
2026.09.17 10:06:00,10:06:00,112,com.fitbit.FitbitMobile
2026.09.17 10:06:30,10:06:30,274,com.android.healthconnect.phone.jd7cdc53389aa3a9ebd124ea7a13f1035
2026.09.17 10:07:00,10:07:00,112,com.fitbit.FitbitMobile
2026.09.17 10:08:00,10:08:00,106,com.fitbit.FitbitMobile
2026.09.17 10:09:00,10:09:00,85,com.fitbit.FitbitMobile
2026.09.17 10:09:00,10:09:00,85,com.android.healthconnect.phone.jd7cdc53389aa3a9ebd124ea7a13f1035
2026.09.17 10:10:00,10:10:00,449,com.huami.watch.hmwatchmanager
2026.09.17 10:10:00,10:10:00,61,com.fitbit.FitbitMobile
2026.09.17 10:10:00,10:10:00,58,com.android.healthconnect.phone.jd7cdc53389aa3a9ebd124ea7a13f1035
2026.09.17 10:10:39,10:10:39,36,com.android.healthconnect.phone.jd7cdc53389aa3a9ebd124ea7a13f1035
2026.09.17 10:11:00,10:11:00,34,com.fitbit.FitbitMobile
2026.09.17 10:12:00,10:12:00,93,com.fitbit.FitbitMobile
2026.09.17 10:12:00,10:12:00,95,com.android.healthconnect.phone.jd7cdc53389aa3a9ebd124ea7a13f1035
2026.09.17 10:13:00,10:13:00,106,com.fitbit.FitbitMobile
2026.09.17 10:13:00,10:13:00,104,com.android.healthconnect.phone.jd7cdc53389aa3a9ebd124ea7a13f1035
2026.09.17 10:14:00,10:14:00,100,com.fitbit.FitbitMobile
2026.09.17 10:14:00,10:14:00,101,com.android.healthconnect.phone.jd7cdc53389aa3a9ebd124ea7a13f1035
2026.09.17 10:15:00,10:15:00,53,com.fitbit.FitbitMobile
2026.09.17 10:15:00,10:15:00,45,com.android.healthconnect.phone.jd7cdc53389aa3a9ebd124ea7a13f1035
2026.09.17 10:15:31,10:15:31,86,com.android.healthconnect.phone.jd7cdc53389aa3a9ebd124ea7a13f1035
2026.09.17 10:16:00,10:16:00,80,com.fitbit.FitbitMobile
2026.09.17 10:17:00,10:17:00,95,com.fitbit.FitbitMobile
2026.09.17 10:17:00,10:17:00,96,com.android.healthconnect.phone.jd7cdc53389aa3a9ebd124ea7a13f1035
2026.09.17 10:18:00,10:18:00,89,com.fitbit.FitbitMobile
2026.09.17 10:18:00,10:18:00,89,com.android.healthconnect.phone.jd7cdc53389aa3a9ebd124ea7a13f1035
2026.09.17 10:19:00,10:19:00,94,com.fitbit.FitbitMobile
2026.09.17 10:19:00,10:19:00,94,com.android.healthconnect.phone.jd7cdc53389aa3a9ebd124ea7a13f1035
2026.09.17 10:20:00,10:20:00,1043,com.huami.watch.hmwatchmanager
2026.09.17 10:20:00,10:20:00,91,com.fitbit.FitbitMobile
2026.09.17 10:20:00,10:20:00,127,com.android.healthconnect.phone.jd7cdc53389aa3a9ebd124ea7a13f1035
2026.09.17 10:21:00,10:21:00,99,com.fitbit.FitbitMobile
2026.09.17 10:21:22,10:21:22,102,com.android.healthconnect.phone.jd7cdc53389aa3a9ebd124ea7a13f1035
2026.09.17 10:22:00,10:22:00,102,com.fitbit.FitbitMobile
2026.09.17 10:22:22,10:22:22,102,com.android.healthconnect.phone.jd7cdc53389aa3a9ebd124ea7a13f1035
2026.09.17 10:23:00,10:23:00,105,com.fitbit.FitbitMobile
2026.09.17 10:23:22,10:23:22,104,com.android.healthconnect.phone.jd7cdc53389aa3a9ebd124ea7a13f1035
2026.09.17 10:24:00,10:24:00,103,com.fitbit.FitbitMobile
2026.09.17 10:24:22,10:24:22,106,com.android.healthconnect.phone.jd7cdc53389aa3a9ebd124ea7a13f1035
2026.09.17 10:25:00,10:25:00,105,com.fitbit.FitbitMobile
2026.09.17 10:25:22,10:25:22,103,com.android.healthconnect.phone.jd7cdc53389aa3a9ebd124ea7a13f1035
2026.09.17 10:26:00,10:26:00,108,com.fitbit.FitbitMobile
2026.09.17 10:26:22,10:26:22,254,com.android.healthconnect.phone.jd7cdc53389aa3a9ebd124ea7a13f1035
2026.09.17 10:27:00,10:27:00,114,com.fitbit.FitbitMobile
2026.09.17 10:28:00,10:28:00,111,com.fitbit.FitbitMobile
2026.09.17 10:28:38,10:28:38,118,com.android.healthconnect.phone.jd7cdc53389aa3a9ebd124ea7a13f1035
2026.09.17 10:29:00,10:29:00,111,com.fitbit.FitbitMobile
2026.09.17 10:29:41,10:29:41,110,com.android.healthconnect.phone.jd7cdc53389aa3a9ebd124ea7a13f1035
2026.09.17 10:30:00,10:30:00,1089,com.huami.watch.hmwatchmanager
2026.09.17 10:30:00,10:30:00,110,com.fitbit.FitbitMobile
2026.09.17 10:30:42,10:30:42,111,com.android.healthconnect.phone.jd7cdc53389aa3a9ebd124ea7a13f1035
2026.09.17 10:31:00,10:31:00,111,com.fitbit.FitbitMobile
2026.09.17 10:31:42,10:31:42,111,com.android.healthconnect.phone.jd7cdc53389aa3a9ebd124ea7a13f1035
2026.09.17 10:32:00,10:32:00,110,com.fitbit.FitbitMobile
2026.09.17 10:32:42,10:32:42,110,com.android.healthconnect.phone.jd7cdc53389aa3a9ebd124ea7a13f1035
2026.09.17 10:33:00,10:33:00,110,com.fitbit.FitbitMobile
2026.09.17 10:33:42,10:33:42,111,com.android.healthconnect.phone.jd7cdc53389aa3a9ebd124ea7a13f1035
2026.09.17 10:34:00,10:34:00,112,com.fitbit.FitbitMobile
2026.09.17 10:34:42,10:34:42,112,com.android.healthconnect.phone.jd7cdc53389aa3a9ebd124ea7a13f1035
2026.09.17 10:35:00,10:35:00,112,com.fitbit.FitbitMobile
2026.09.17 10:35:42,10:35:42,170,com.android.healthconnect.phone.jd7cdc53389aa3a9ebd124ea7a13f1035
2026.09.17 10:36:00,10:36:00,112,com.fitbit.FitbitMobile
2026.09.17 10:37:00,10:37:00,112,com.fitbit.FitbitMobile
2026.09.17 10:37:12,10:37:12,115,com.android.healthconnect.phone.jd7cdc53389aa3a9ebd124ea7a13f1035
2026.09.17 10:38:00,10:38:00,113,com.fitbit.FitbitMobile
2026.09.17 10:38:15,10:38:15,270,com.android.healthconnect.phone.jd7cdc53389aa3a9ebd124ea7a13f1035
2026.09.17 10:39:00,10:39:00,113,com.fitbit.FitbitMobile
2026.09.17 10:40:00,10:40:00,1107,com.huami.watch.hmwatchmanager
2026.09.17 10:40:00,10:40:00,112,com.fitbit.FitbitMobile
2026.09.17 10:40:38,10:40:38,110,com.android.healthconnect.phone.jd7cdc53389aa3a9ebd124ea7a13f1035
2026.09.17 10:41:00,10:41:00,109,com.fitbit.FitbitMobile
2026.09.17 10:41:38,10:41:38,113,com.android.healthconnect.phone.jd7cdc53389aa3a9ebd124ea7a13f1035
2026.09.17 10:42:00,10:42:00,115,com.fitbit.FitbitMobile
2026.09.17 10:42:38,10:42:38,115,com.android.healthconnect.phone.jd7cdc53389aa3a9ebd124ea7a13f1035
2026.09.17 10:43:00,10:43:00,116,com.fitbit.FitbitMobile
2026.09.17 10:43:38,10:43:38,220,com.android.healthconnect.phone.jd7cdc53389aa3a9ebd124ea7a13f1035
2026.09.17 10:44:00,10:44:00,117,com.fitbit.FitbitMobile
2026.09.17 10:45:00,10:45:00,116,com.fitbit.FitbitMobile
2026.09.17 10:45:31,10:45:31,387,com.android.healthconnect.phone.jd7cdc53389aa3a9ebd124ea7a13f1035
2026.09.17 10:46:00,10:46:00,115,com.fitbit.FitbitMobile
2026.09.17 10:47:00,10:47:00,115,com.fitbit.FitbitMobile
2026.09.17 10:48:00,10:48:00,115,com.fitbit.FitbitMobile
2026.09.17 10:48:53,10:48:53,138,com.android.healthconnect.phone.jd7cdc53389aa3a9ebd124ea7a13f1035
2026.09.17 10:49:00,10:49:00,110,com.fitbit.FitbitMobile
2026.09.17 10:50:00,10:50:00,906,com.huami.watch.hmwatchmanager
2026.09.17 10:50:00,10:50:00,98,com.fitbit.FitbitMobile
2026.09.17 10:50:08,10:50:08,86,com.android.healthconnect.phone.jd7cdc53389aa3a9ebd124ea7a13f1035
2026.09.17 10:51:00,10:51:00,102,com.fitbit.FitbitMobile
2026.09.17 10:51:02,10:51:02,116,com.android.healthconnect.phone.jd7cdc53389aa3a9ebd124ea7a13f1035
2026.09.17 10:52:00,10:52:00,111,com.fitbit.FitbitMobile
2026.09.17 10:52:09,10:52:09,111,com.android.healthconnect.phone.jd7cdc53389aa3a9ebd124ea7a13f1035
2026.09.17 10:53:00,10:53:00,113,com.fitbit.FitbitMobile
2026.09.17 10:53:09,10:53:09,112,com.android.healthconnect.phone.jd7cdc53389aa3a9ebd124ea7a13f1035
2026.09.17 10:54:00,10:54:00,113,com.fitbit.FitbitMobile
2026.09.17 10:54:08,10:54:08,112,com.android.healthconnect.phone.jd7cdc53389aa3a9ebd124ea7a13f1035
2026.09.17 10:55:00,10:55:00,115,com.fitbit.FitbitMobile
2026.09.17 10:55:08,10:55:08,176,com.android.healthconnect.phone.jd7cdc53389aa3a9ebd124ea7a13f1035
2026.09.17 10:56:00,10:56:00,84,com.fitbit.FitbitMobile
2026.09.17 10:56:41,10:56:41,30,com.android.healthconnect.phone.jd7cdc53389aa3a9ebd124ea7a13f1035
2026.09.17 10:57:00,10:57:00,30,com.fitbit.FitbitMobile
2026.09.17 10:57:22,10:57:22,54,com.android.healthconnect.phone.jd7cdc53389aa3a9ebd124ea7a13f1035
2026.09.17 10:58:00,10:58:00,57,com.fitbit.FitbitMobile
2026.09.17 10:58:54,10:58:54,72,com.android.healthconnect.phone.jd7cdc53389aa3a9ebd124ea7a13f1035
2026.09.17 10:59:00,10:59:00,79,com.fitbit.FitbitMobile
2026.09.17 10:59:39,10:59:39,33,com.android.healthconnect.phone.jd7cdc53389aa3a9ebd124ea7a13f1035
2026.09.17 11:00:00,11:00:00,138,com.huami.watch.hmwatchmanager
2026.09.17 11:00:00,11:00:00,22,com.fitbit.FitbitMobile
2026.09.17 11:00:17,11:00:17,30,com.android.healthconnect.phone.jd7cdc53389aa3a9ebd124ea7a13f1035
2026.09.17 11:01:00,11:01:00,30,com.fitbit.FitbitMobile
2026.09.17 11:01:53,11:01:53,90,com.android.healthconnect.phone.jd7cdc53389aa3a9ebd124ea7a13f1035
2026.09.17 11:02:00,11:02:00,94,com.fitbit.FitbitMobile
2026.09.17 11:02:53,11:02:53,101,com.android.healthconnect.phone.jd7cdc53389aa3a9ebd124ea7a13f1035
2026.09.17 11:03:00,11:03:00,100,com.fitbit.FitbitMobile
2026.09.17 11:03:53,11:03:53,97,com.android.healthconnect.phone.jd7cdc53389aa3a9ebd124ea7a13f1035
2026.09.17 11:04:00,11:04:00,99,com.fitbit.FitbitMobile
2026.09.17 11:04:53,11:04:53,104,com.android.healthconnect.phone.jd7cdc53389aa3a9ebd124ea7a13f1035
2026.09.17 11:05:00,11:05:00,103,com.fitbit.FitbitMobile
2026.09.17 11:05:53,11:05:53,87,com.android.healthconnect.phone.jd7cdc53389aa3a9ebd124ea7a13f1035
2026.09.17 11:06:00,11:06:00,86,com.fitbit.FitbitMobile
2026.09.17 11:06:54,11:06:54,100,com.android.healthconnect.phone.jd7cdc53389aa3a9ebd124ea7a13f1035
2026.09.17 11:07:00,11:07:00,101,com.fitbit.FitbitMobile
2026.09.17 11:07:54,11:07:54,103,com.android.healthconnect.phone.jd7cdc53389aa3a9ebd124ea7a13f1035
2026.09.17 11:08:00,11:08:00,103,com.fitbit.FitbitMobile
2026.09.17 11:08:53,11:08:53,118,com.android.healthconnect.phone.jd7cdc53389aa3a9ebd124ea7a13f1035
2026.09.17 11:09:00,11:09:00,102,com.fitbit.FitbitMobile
2026.09.17 11:10:00,11:10:00,818,com.huami.watch.hmwatchmanager
2026.09.17 11:10:00,11:10:00,97,com.fitbit.FitbitMobile
2026.09.17 11:10:03,11:10:03,108,com.android.healthconnect.phone.jd7cdc53389aa3a9ebd124ea7a13f1035
2026.09.17 11:11:00,11:11:00,95,com.fitbit.FitbitMobile
2026.09.17 11:11:10,11:11:10,96,com.android.healthconnect.phone.jd7cdc53389aa3a9ebd124ea7a13f1035
2026.09.17 11:12:00,11:12:00,100,com.fitbit.FitbitMobile
2026.09.17 11:12:10,11:12:10,100,com.android.healthconnect.phone.jd7cdc53389aa3a9ebd124ea7a13f1035
2026.09.17 11:13:00,11:13:00,102,com.fitbit.FitbitMobile
2026.09.17 11:13:09,11:13:09,102,com.android.healthconnect.phone.jd7cdc53389aa3a9ebd124ea7a13f1035
2026.09.17 11:14:00,11:14:00,101,com.fitbit.FitbitMobile
2026.09.17 11:14:10,11:14:10,100,com.android.healthconnect.phone.jd7cdc53389aa3a9ebd124ea7a13f1035
2026.09.17 11:15:00,11:15:00,100,com.fitbit.FitbitMobile
2026.09.17 11:15:10,11:15:10,99,com.android.healthconnect.phone.jd7cdc53389aa3a9ebd124ea7a13f1035
2026.09.17 11:16:00,11:16:00,89,com.fitbit.FitbitMobile
2026.09.17 11:16:09,11:16:09,90,com.android.healthconnect.phone.jd7cdc53389aa3a9ebd124ea7a13f1035
2026.09.17 11:17:00,11:17:00,73,com.fitbit.FitbitMobile
2026.09.17 11:17:10,11:17:10,55,com.android.healthconnect.phone.jd7cdc53389aa3a9ebd124ea7a13f1035
2026.09.17 11:17:45,11:17:45,29,com.android.healthconnect.phone.jd7cdc53389aa3a9ebd124ea7a13f1035
2026.09.17 11:18:00,11:18:00,23,com.fitbit.FitbitMobile
2026.09.17 11:19:00,11:19:00,4,com.fitbit.FitbitMobile
2026.09.17 11:40:00,11:40:00,181,com.huami.watch.hmwatchmanager
2026.09.17 11:43:00,11:43:00,16,com.fitbit.FitbitMobile
2026.09.17 11:43:30,11:43:30,16,com.android.healthconnect.phone.jd7cdc53389aa3a9ebd124ea7a13f1035
2026.09.17 11:44:00,11:44:00,24,com.fitbit.FitbitMobile
2026.09.17 11:44:02,11:44:02,33,com.android.healthconnect.phone.jd7cdc53389aa3a9ebd124ea7a13f1035
2026.09.17 11:45:00,11:45:00,9,com.fitbit.FitbitMobile
2026.09.17 11:48:00,11:48:00,14,com.fitbit.FitbitMobile
2026.09.17 11:48:36,11:48:36,15,com.android.healthconnect.phone.jd7cdc53389aa3a9ebd124ea7a13f1035
2026.09.17 11:49:00,11:49:00,55,com.fitbit.FitbitMobile
2026.09.17 11:49:06,11:49:06,54,com.android.healthconnect.phone.jd7cdc53389aa3a9ebd124ea7a13f1035
2026.09.17 11:50:00,11:50:00,219,com.huami.watch.hmwatchmanager
2026.09.17 11:50:00,11:50:00,5,com.fitbit.FitbitMobile
2026.09.17 11:51:00,11:51:00,42,com.fitbit.FitbitMobile
2026.09.17 11:51:06,11:51:06,7,com.android.healthconnect.phone.jd7cdc53389aa3a9ebd124ea7a13f1035
2026.09.17 11:51:20,11:51:20,38,com.android.healthconnect.phone.jd7cdc53389aa3a9ebd124ea7a13f1035
2026.09.17 11:51:47,11:51:47,83,com.android.healthconnect.phone.jd7cdc53389aa3a9ebd124ea7a13f1035
2026.09.17 11:52:00,11:52:00,48,com.fitbit.FitbitMobile
2026.09.17 11:53:00,11:53:00,99,com.fitbit.FitbitMobile
2026.09.17 11:53:20,11:53:20,83,com.android.healthconnect.phone.jd7cdc53389aa3a9ebd124ea7a13f1035
2026.09.17 11:54:00,11:54:00,17,com.fitbit.FitbitMobile
2026.09.17 11:58:00,11:58:00,7,com.fitbit.FitbitMobile
2026.09.17 11:58:54,11:58:54,8,com.android.healthconnect.phone.jd7cdc53389aa3a9ebd124ea7a13f1035
2026.09.17 11:59:00,11:59:00,10,com.fitbit.FitbitMobile
2026.09.17 11:59:10,11:59:10,25,com.android.healthconnect.phone.jd7cdc53389aa3a9ebd124ea7a13f1035
2026.09.17 12:00:00,12:00:00,988,com.huami.watch.hmwatchmanager
2026.09.17 12:00:00,12:00:00,106,com.fitbit.FitbitMobile
2026.09.17 12:00:09,12:00:09,108,com.android.healthconnect.phone.jd7cdc53389aa3a9ebd124ea7a13f1035
2026.09.17 12:01:00,12:01:00,106,com.fitbit.FitbitMobile
2026.09.17 12:01:10,12:01:10,104,com.android.healthconnect.phone.jd7cdc53389aa3a9ebd124ea7a13f1035
2026.09.17 12:02:00,12:02:00,105,com.fitbit.FitbitMobile
2026.09.17 12:02:10,12:02:10,104,com.android.healthconnect.phone.jd7cdc53389aa3a9ebd124ea7a13f1035
2026.09.17 12:03:00,12:03:00,105,com.fitbit.FitbitMobile
2026.09.17 12:03:10,12:03:10,109,com.android.healthconnect.phone.jd7cdc53389aa3a9ebd124ea7a13f1035
2026.09.17 12:04:00,12:04:00,111,com.fitbit.FitbitMobile
2026.09.17 12:04:10,12:04:10,110,com.android.healthconnect.phone.jd7cdc53389aa3a9ebd124ea7a13f1035
2026.09.17 12:05:00,12:05:00,102,com.fitbit.FitbitMobile
2026.09.17 12:05:10,12:05:10,95,com.android.healthconnect.phone.jd7cdc53389aa3a9ebd124ea7a13f1035
2026.09.17 12:06:00,12:06:00,93,com.fitbit.FitbitMobile
2026.09.17 12:06:10,12:06:10,100,com.android.healthconnect.phone.jd7cdc53389aa3a9ebd124ea7a13f1035
2026.09.17 12:07:00,12:07:00,105,com.fitbit.FitbitMobile
2026.09.17 12:07:10,12:07:10,101,com.android.healthconnect.phone.jd7cdc53389aa3a9ebd124ea7a13f1035
2026.09.17 12:08:00,12:08:00,88,com.fitbit.FitbitMobile
2026.09.17 12:08:10,12:08:10,91,com.android.healthconnect.phone.jd7cdc53389aa3a9ebd124ea7a13f1035
2026.09.17 12:09:00,12:09:00,80,com.fitbit.FitbitMobile
2026.09.17 12:09:10,12:09:10,81,com.android.healthconnect.phone.jd7cdc53389aa3a9ebd124ea7a13f1035
2026.09.17 12:10:00,12:10:00,749,com.huami.watch.hmwatchmanager
2026.09.17 12:10:00,12:10:00,106,com.fitbit.FitbitMobile
2026.09.17 12:10:10,12:10:10,106,com.android.healthconnect.phone.jd7cdc53389aa3a9ebd124ea7a13f1035
2026.09.17 12:11:00,12:11:00,98,com.fitbit.FitbitMobile
2026.09.17 12:11:10,12:11:10,97,com.android.healthconnect.phone.jd7cdc53389aa3a9ebd124ea7a13f1035
2026.09.17 12:12:00,12:12:00,108,com.fitbit.FitbitMobile
2026.09.17 12:12:10,12:12:10,109,com.android.healthconnect.phone.jd7cdc53389aa3a9ebd124ea7a13f1035
2026.09.17 12:13:00,12:13:00,109,com.fitbit.FitbitMobile
2026.09.17 12:13:10,12:13:10,110,com.android.healthconnect.phone.jd7cdc53389aa3a9ebd124ea7a13f1035
2026.09.17 12:14:00,12:14:00,79,com.fitbit.FitbitMobile
2026.09.17 12:14:10,12:14:10,60,com.android.healthconnect.phone.jd7cdc53389aa3a9ebd124ea7a13f1035
2026.09.17 12:15:00,12:15:00,4,com.fitbit.FitbitMobile
2026.09.17 12:16:00,12:16:00,57,com.fitbit.FitbitMobile
2026.09.17 12:16:12,12:16:12,7,com.android.healthconnect.phone.jd7cdc53389aa3a9ebd124ea7a13f1035
2026.09.17 12:16:26,12:16:26,96,com.android.healthconnect.phone.jd7cdc53389aa3a9ebd124ea7a13f1035
2026.09.17 12:17:00,12:17:00,80,com.fitbit.FitbitMobile
2026.09.17 12:17:26,12:17:26,45,com.android.healthconnect.phone.jd7cdc53389aa3a9ebd124ea7a13f1035
2026.09.17 12:18:00,12:18:00,14,com.fitbit.FitbitMobile
2026.09.17 12:18:14,12:18:14,39,com.android.healthconnect.phone.jd7cdc53389aa3a9ebd124ea7a13f1035
2026.09.17 12:19:00,12:19:00,89,com.fitbit.FitbitMobile
2026.09.17 12:19:26,12:19:26,104,com.android.healthconnect.phone.jd7cdc53389aa3a9ebd124ea7a13f1035
2026.09.17 12:20:00,12:20:00,933,com.huami.watch.hmwatchmanager
2026.09.17 12:20:00,12:20:00,103,com.fitbit.FitbitMobile
2026.09.17 12:20:26,12:20:26,87,com.android.healthconnect.phone.jd7cdc53389aa3a9ebd124ea7a13f1035
2026.09.17 12:21:00,12:21:00,77,com.fitbit.FitbitMobile
2026.09.17 12:21:26,12:21:26,86,com.android.healthconnect.phone.jd7cdc53389aa3a9ebd124ea7a13f1035
2026.09.17 12:22:00,12:22:00,92,com.fitbit.FitbitMobile
2026.09.17 12:22:26,12:22:26,97,com.android.healthconnect.phone.jd7cdc53389aa3a9ebd124ea7a13f1035
2026.09.17 12:23:00,12:23:00,101,com.fitbit.FitbitMobile
2026.09.17 12:23:26,12:23:26,102,com.android.healthconnect.phone.jd7cdc53389aa3a9ebd124ea7a13f1035
2026.09.17 12:24:00,12:24:00,104,com.fitbit.FitbitMobile
2026.09.17 12:24:26,12:24:26,104,com.android.healthconnect.phone.jd7cdc53389aa3a9ebd124ea7a13f1035
2026.09.17 12:25:00,12:25:00,103,com.fitbit.FitbitMobile
2026.09.17 12:25:26,12:25:26,96,com.android.healthconnect.phone.jd7cdc53389aa3a9ebd124ea7a13f1035
2026.09.17 12:26:00,12:26:00,98,com.fitbit.FitbitMobile
2026.09.17 12:26:26,12:26:26,103,com.android.healthconnect.phone.jd7cdc53389aa3a9ebd124ea7a13f1035
2026.09.17 12:27:00,12:27:00,96,com.fitbit.FitbitMobile
2026.09.17 12:27:26,12:27:26,96,com.android.healthconnect.phone.jd7cdc53389aa3a9ebd124ea7a13f1035
2026.09.17 12:28:00,12:28:00,58,com.fitbit.FitbitMobile
2026.09.17 12:28:26,12:28:26,25,com.android.healthconnect.phone.jd7cdc53389aa3a9ebd124ea7a13f1035
2026.09.17 12:29:00,12:29:00,52,com.fitbit.FitbitMobile
2026.09.17 12:29:26,12:29:26,72,com.android.healthconnect.phone.jd7cdc53389aa3a9ebd124ea7a13f1035
2026.09.17 12:30:00,12:30:00,1003,com.huami.watch.hmwatchmanager
2026.09.17 12:30:00,12:30:00,78,com.fitbit.FitbitMobile
2026.09.17 12:30:26,12:30:26,86,com.android.healthconnect.phone.jd7cdc53389aa3a9ebd124ea7a13f1035
2026.09.17 12:31:00,12:31:00,87,com.fitbit.FitbitMobile
2026.09.17 12:31:26,12:31:26,90,com.android.healthconnect.phone.jd7cdc53389aa3a9ebd124ea7a13f1035
2026.09.17 12:32:00,12:32:00,102,com.fitbit.FitbitMobile
2026.09.17 12:32:26,12:32:26,108,com.android.healthconnect.phone.jd7cdc53389aa3a9ebd124ea7a13f1035
2026.09.17 12:33:00,12:33:00,108,com.fitbit.FitbitMobile
2026.09.17 12:33:26,12:33:26,107,com.android.healthconnect.phone.jd7cdc53389aa3a9ebd124ea7a13f1035
2026.09.17 12:34:00,12:34:00,103,com.fitbit.FitbitMobile
2026.09.17 12:34:26,12:34:26,101,com.android.healthconnect.phone.jd7cdc53389aa3a9ebd124ea7a13f1035
2026.09.17 12:35:00,12:35:00,101,com.fitbit.FitbitMobile
2026.09.17 12:35:26,12:35:26,103,com.android.healthconnect.phone.jd7cdc53389aa3a9ebd124ea7a13f1035
2026.09.17 12:36:00,12:36:00,107,com.fitbit.FitbitMobile
2026.09.17 12:36:27,12:36:27,109,com.android.healthconnect.phone.jd7cdc53389aa3a9ebd124ea7a13f1035
2026.09.17 12:37:00,12:37:00,110,com.fitbit.FitbitMobile
2026.09.17 12:37:27,12:37:27,109,com.android.healthconnect.phone.jd7cdc53389aa3a9ebd124ea7a13f1035
2026.09.17 12:38:00,12:38:00,107,com.fitbit.FitbitMobile
2026.09.17 12:38:26,12:38:26,107,com.android.healthconnect.phone.jd7cdc53389aa3a9ebd124ea7a13f1035
2026.09.17 12:39:00,12:39:00,106,com.fitbit.FitbitMobile
2026.09.17 12:39:27,12:39:27,105,com.android.healthconnect.phone.jd7cdc53389aa3a9ebd124ea7a13f1035
2026.09.17 12:40:00,12:40:00,901,com.huami.watch.hmwatchmanager
2026.09.17 12:40:00,12:40:00,96,com.fitbit.FitbitMobile
2026.09.17 12:40:27,12:40:27,95,com.android.healthconnect.phone.jd7cdc53389aa3a9ebd124ea7a13f1035
2026.09.17 12:41:00,12:41:00,72,com.fitbit.FitbitMobile
2026.09.17 12:41:27,12:41:27,39,com.android.healthconnect.phone.jd7cdc53389aa3a9ebd124ea7a13f1035
2026.09.17 12:42:00,12:42:00,50,com.fitbit.FitbitMobile
2026.09.17 12:42:25,12:42:25,110,com.android.healthconnect.phone.jd7cdc53389aa3a9ebd124ea7a13f1035
2026.09.17 12:43:00,12:43:00,96,com.fitbit.FitbitMobile
2026.09.17 12:43:44,12:43:44,89,com.android.healthconnect.phone.jd7cdc53389aa3a9ebd124ea7a13f1035
2026.09.17 12:44:00,12:44:00,90,com.fitbit.FitbitMobile
2026.09.17 12:44:44,12:44:44,89,com.android.healthconnect.phone.jd7cdc53389aa3a9ebd124ea7a13f1035
2026.09.17 12:45:00,12:45:00,88,com.fitbit.FitbitMobile
2026.09.17 12:45:44,12:45:44,90,com.android.healthconnect.phone.jd7cdc53389aa3a9ebd124ea7a13f1035
2026.09.17 12:46:00,12:46:00,90,com.fitbit.FitbitMobile
2026.09.17 12:46:45,12:46:45,97,com.android.healthconnect.phone.jd7cdc53389aa3a9ebd124ea7a13f1035
2026.09.17 12:47:00,12:47:00,100,com.fitbit.FitbitMobile
2026.09.17 12:47:44,12:47:44,102,com.android.healthconnect.phone.jd7cdc53389aa3a9ebd124ea7a13f1035
2026.09.17 12:48:00,12:48:00,101,com.fitbit.FitbitMobile
2026.09.17 12:48:44,12:48:44,100,com.android.healthconnect.phone.jd7cdc53389aa3a9ebd124ea7a13f1035
2026.09.17 12:49:00,12:49:00,89,com.fitbit.FitbitMobile
2026.09.17 12:49:45,12:49:45,45,com.android.healthconnect.phone.jd7cdc53389aa3a9ebd124ea7a13f1035
2026.09.17 12:50:00,12:50:00,952,com.huami.watch.hmwatchmanager
2026.09.17 12:50:00,12:50:00,54,com.fitbit.FitbitMobile
2026.09.17 12:50:45,12:50:45,99,com.android.healthconnect.phone.jd7cdc53389aa3a9ebd124ea7a13f1035
2026.09.17 12:51:00,12:51:00,103,com.fitbit.FitbitMobile
2026.09.17 12:51:44,12:51:44,107,com.android.healthconnect.phone.jd7cdc53389aa3a9ebd124ea7a13f1035
2026.09.17 12:52:00,12:52:00,107,com.fitbit.FitbitMobile
2026.09.17 12:52:44,12:52:44,106,com.android.healthconnect.phone.jd7cdc53389aa3a9ebd124ea7a13f1035
2026.09.17 12:53:00,12:53:00,105,com.fitbit.FitbitMobile
2026.09.17 12:53:45,12:53:45,100,com.android.healthconnect.phone.jd7cdc53389aa3a9ebd124ea7a13f1035
2026.09.17 12:54:00,12:54:00,99,com.fitbit.FitbitMobile
2026.09.17 12:54:44,12:54:44,99,com.android.healthconnect.phone.jd7cdc53389aa3a9ebd124ea7a13f1035
2026.09.17 12:55:00,12:55:00,100,com.fitbit.FitbitMobile
2026.09.17 12:55:45,12:55:45,105,com.android.healthconnect.phone.jd7cdc53389aa3a9ebd124ea7a13f1035
2026.09.17 12:56:00,12:56:00,106,com.fitbit.FitbitMobile
2026.09.17 12:56:44,12:56:44,105,com.android.healthconnect.phone.jd7cdc53389aa3a9ebd124ea7a13f1035
2026.09.17 12:57:00,12:57:00,105,com.fitbit.FitbitMobile
2026.09.17 12:57:44,12:57:44,105,com.android.healthconnect.phone.jd7cdc53389aa3a9ebd124ea7a13f1035
2026.09.17 12:58:00,12:58:00,105,com.fitbit.FitbitMobile
2026.09.17 12:58:44,12:58:44,107,com.android.healthconnect.phone.jd7cdc53389aa3a9ebd124ea7a13f1035
2026.09.17 12:59:00,12:59:00,107,com.fitbit.FitbitMobile
2026.09.17 12:59:45,12:59:45,106,com.android.healthconnect.phone.jd7cdc53389aa3a9ebd124ea7a13f1035
2026.09.17 13:00:00,13:00:00,845,com.huami.watch.hmwatchmanager
2026.09.17 13:00:00,13:00:00,106,com.fitbit.FitbitMobile
2026.09.17 13:00:44,13:00:44,108,com.android.healthconnect.phone.jd7cdc53389aa3a9ebd124ea7a13f1035
2026.09.17 13:01:00,13:01:00,107,com.fitbit.FitbitMobile
2026.09.17 13:01:45,13:01:45,104,com.android.healthconnect.phone.jd7cdc53389aa3a9ebd124ea7a13f1035
2026.09.17 13:02:00,13:02:00,104,com.fitbit.FitbitMobile
2026.09.17 13:02:45,13:02:45,105,com.android.healthconnect.phone.jd7cdc53389aa3a9ebd124ea7a13f1035
2026.09.17 13:03:00,13:03:00,105,com.fitbit.FitbitMobile
2026.09.17 13:03:45,13:03:45,105,com.android.healthconnect.phone.jd7cdc53389aa3a9ebd124ea7a13f1035
2026.09.17 13:04:00,13:04:00,106,com.fitbit.FitbitMobile
2026.09.17 13:04:45,13:04:45,111,com.android.healthconnect.phone.jd7cdc53389aa3a9ebd124ea7a13f1035
2026.09.17 13:05:00,13:05:00,113,com.fitbit.FitbitMobile
2026.09.17 13:05:45,13:05:45,112,com.android.healthconnect.phone.jd7cdc53389aa3a9ebd124ea7a13f1035
2026.09.17 13:06:00,13:06:00,105,com.fitbit.FitbitMobile
2026.09.17 13:06:45,13:06:45,33,com.android.healthconnect.phone.jd7cdc53389aa3a9ebd124ea7a13f1035
2026.09.17 13:07:00,13:07:00,18,com.fitbit.FitbitMobile
2026.09.17 13:07:07,13:07:07,67,com.android.healthconnect.phone.jd7cdc53389aa3a9ebd124ea7a13f1035
2026.09.17 13:08:00,13:08:00,87,com.fitbit.FitbitMobile
2026.09.17 13:08:45,13:08:45,100,com.android.healthconnect.phone.jd7cdc53389aa3a9ebd124ea7a13f1035
2026.09.17 13:09:00,13:09:00,102,com.fitbit.FitbitMobile
2026.09.17 13:09:45,13:09:45,117,com.android.healthconnect.phone.jd7cdc53389aa3a9ebd124ea7a13f1035
2026.09.17 13:10:00,13:10:00,955,com.huami.watch.hmwatchmanager
2026.09.17 13:10:00,13:10:00,94,com.fitbit.FitbitMobile
2026.09.17 13:10:45,13:10:45,6,com.android.healthconnect.phone.jd7cdc53389aa3a9ebd124ea7a13f1035
2026.09.17 13:10:49,13:10:49,99,com.android.healthconnect.phone.jd7cdc53389aa3a9ebd124ea7a13f1035
2026.09.17 13:11:00,13:11:00,13,com.fitbit.FitbitMobile
2026.09.17 13:12:00,13:12:00,114,com.fitbit.FitbitMobile
2026.09.17 13:12:44,13:12:44,104,com.android.healthconnect.phone.jd7cdc53389aa3a9ebd124ea7a13f1035
2026.09.17 13:13:00,13:13:00,101,com.fitbit.FitbitMobile
2026.09.17 13:13:45,13:13:45,102,com.android.healthconnect.phone.jd7cdc53389aa3a9ebd124ea7a13f1035
2026.09.17 13:14:00,13:14:00,103,com.fitbit.FitbitMobile
2026.09.17 13:14:45,13:14:45,102,com.android.healthconnect.phone.jd7cdc53389aa3a9ebd124ea7a13f1035
2026.09.17 13:15:00,13:15:00,101,com.fitbit.FitbitMobile
2026.09.17 13:15:45,13:15:45,132,com.android.healthconnect.phone.jd7cdc53389aa3a9ebd124ea7a13f1035
2026.09.17 13:16:00,13:16:00,103,com.fitbit.FitbitMobile
2026.09.17 13:17:00,13:17:00,103,com.fitbit.FitbitMobile
2026.09.17 13:17:02,13:17:02,103,com.android.healthconnect.phone.jd7cdc53389aa3a9ebd124ea7a13f1035
2026.09.17 13:18:00,13:18:00,108,com.fitbit.FitbitMobile
2026.09.17 13:18:02,13:18:02,109,com.android.healthconnect.phone.jd7cdc53389aa3a9ebd124ea7a13f1035
2026.09.17 13:19:00,13:19:00,110,com.fitbit.FitbitMobile
2026.09.17 13:19:03,13:19:03,110,com.android.healthconnect.phone.jd7cdc53389aa3a9ebd124ea7a13f1035
2026.09.17 13:20:00,13:20:00,860,com.huami.watch.hmwatchmanager
2026.09.17 13:20:00,13:20:00,107,com.fitbit.FitbitMobile
2026.09.17 13:20:03,13:20:03,107,com.android.healthconnect.phone.jd7cdc53389aa3a9ebd124ea7a13f1035
2026.09.17 13:21:00,13:21:00,103,com.fitbit.FitbitMobile
2026.09.17 13:21:03,13:21:03,102,com.android.healthconnect.phone.jd7cdc53389aa3a9ebd124ea7a13f1035
2026.09.17 13:22:00,13:22:00,95,com.fitbit.FitbitMobile
2026.09.17 13:22:03,13:22:03,93,com.android.healthconnect.phone.jd7cdc53389aa3a9ebd124ea7a13f1035
2026.09.17 13:23:00,13:23:00,87,com.fitbit.FitbitMobile
2026.09.17 13:23:01,13:23:01,90,com.android.healthconnect.phone.jd7cdc53389aa3a9ebd124ea7a13f1035
2026.09.17 13:24:00,13:24:00,94,com.fitbit.FitbitMobile
2026.09.17 13:24:03,13:24:03,94,com.android.healthconnect.phone.jd7cdc53389aa3a9ebd124ea7a13f1035
2026.09.17 13:25:00,13:25:00,111,com.fitbit.FitbitMobile
2026.09.17 13:25:02,13:25:02,111,com.android.healthconnect.phone.jd7cdc53389aa3a9ebd124ea7a13f1035
2026.09.17 13:26:00,13:26:00,107,com.fitbit.FitbitMobile
2026.09.17 13:26:02,13:26:02,107,com.android.healthconnect.phone.jd7cdc53389aa3a9ebd124ea7a13f1035
2026.09.17 13:27:00,13:27:00,96,com.fitbit.FitbitMobile
2026.09.17 13:27:03,13:27:03,96,com.android.healthconnect.phone.jd7cdc53389aa3a9ebd124ea7a13f1035
2026.09.17 13:28:00,13:28:00,47,com.fitbit.FitbitMobile
2026.09.17 13:28:02,13:28:02,36,com.android.healthconnect.phone.jd7cdc53389aa3a9ebd124ea7a13f1035
2026.09.17 13:28:32,13:28:32,19,com.android.healthconnect.phone.jd7cdc53389aa3a9ebd124ea7a13f1035
2026.09.17 13:29:00,13:29:00,24,com.fitbit.FitbitMobile
2026.09.17 13:29:20,13:29:20,44,com.android.healthconnect.phone.jd7cdc53389aa3a9ebd124ea7a13f1035
2026.09.17 13:30:00,13:30:00,903,com.huami.watch.hmwatchmanager
2026.09.17 13:30:00,13:30:00,29,com.fitbit.FitbitMobile
2026.09.17 13:31:00,13:31:00,71,com.fitbit.FitbitMobile
2026.09.17 13:31:02,13:31:02,72,com.android.healthconnect.phone.jd7cdc53389aa3a9ebd124ea7a13f1035
2026.09.17 13:32:00,13:32:00,93,com.fitbit.FitbitMobile
2026.09.17 13:32:03,13:32:03,90,com.android.healthconnect.phone.jd7cdc53389aa3a9ebd124ea7a13f1035
2026.09.17 13:33:00,13:33:00,63,com.fitbit.FitbitMobile
2026.09.17 13:33:03,13:33:03,67,com.android.healthconnect.phone.jd7cdc53389aa3a9ebd124ea7a13f1035
2026.09.17 13:34:00,13:34:00,113,com.fitbit.FitbitMobile
2026.09.17 13:34:03,13:34:03,113,com.android.healthconnect.phone.jd7cdc53389aa3a9ebd124ea7a13f1035
2026.09.17 13:35:00,13:35:00,112,com.fitbit.FitbitMobile
2026.09.17 13:35:03,13:35:03,110,com.android.healthconnect.phone.jd7cdc53389aa3a9ebd124ea7a13f1035
2026.09.17 13:36:00,13:36:00,110,com.fitbit.FitbitMobile
2026.09.17 13:36:02,13:36:02,112,com.android.healthconnect.phone.jd7cdc53389aa3a9ebd124ea7a13f1035
2026.09.17 13:37:00,13:37:00,101,com.fitbit.FitbitMobile
2026.09.17 13:37:03,13:37:03,105,com.android.healthconnect.phone.jd7cdc53389aa3a9ebd124ea7a13f1035
2026.09.17 13:38:00,13:38:00,102,com.fitbit.FitbitMobile
2026.09.17 13:38:02,13:38:02,97,com.android.healthconnect.phone.jd7cdc53389aa3a9ebd124ea7a13f1035
2026.09.17 13:39:00,13:39:00,108,com.fitbit.FitbitMobile
2026.09.17 13:39:03,13:39:03,108,com.android.healthconnect.phone.jd7cdc53389aa3a9ebd124ea7a13f1035
2026.09.17 13:40:00,13:40:00,854,com.huami.watch.hmwatchmanager
2026.09.17 13:40:00,13:40:00,101,com.fitbit.FitbitMobile
2026.09.17 13:40:03,13:40:03,102,com.android.healthconnect.phone.jd7cdc53389aa3a9ebd124ea7a13f1035
2026.09.17 13:41:00,13:41:00,29,com.fitbit.FitbitMobile
2026.09.17 13:41:02,13:41:02,24,com.android.healthconnect.phone.jd7cdc53389aa3a9ebd124ea7a13f1035
2026.09.17 13:42:00,13:42:00,66,com.fitbit.FitbitMobile
2026.09.17 13:42:02,13:42:02,70,com.android.healthconnect.phone.jd7cdc53389aa3a9ebd124ea7a13f1035
2026.09.17 13:43:00,13:43:00,80,com.fitbit.FitbitMobile
2026.09.17 13:43:02,13:43:02,79,com.android.healthconnect.phone.jd7cdc53389aa3a9ebd124ea7a13f1035
2026.09.17 13:44:00,13:44:00,80,com.fitbit.FitbitMobile
2026.09.17 13:44:02,13:44:02,80,com.android.healthconnect.phone.jd7cdc53389aa3a9ebd124ea7a13f1035
2026.09.17 13:45:00,13:45:00,103,com.fitbit.FitbitMobile
2026.09.17 13:45:02,13:45:02,104,com.android.healthconnect.phone.jd7cdc53389aa3a9ebd124ea7a13f1035
2026.09.17 13:46:00,13:46:00,103,com.fitbit.FitbitMobile
2026.09.17 13:46:03,13:46:03,103,com.android.healthconnect.phone.jd7cdc53389aa3a9ebd124ea7a13f1035
2026.09.17 13:47:00,13:47:00,102,com.fitbit.FitbitMobile
2026.09.17 13:47:03,13:47:03,101,com.android.healthconnect.phone.jd7cdc53389aa3a9ebd124ea7a13f1035
2026.09.17 13:48:00,13:48:00,101,com.fitbit.FitbitMobile
2026.09.17 13:48:02,13:48:02,103,com.android.healthconnect.phone.jd7cdc53389aa3a9ebd124ea7a13f1035
2026.09.17 13:49:00,13:49:00,101,com.fitbit.FitbitMobile
2026.09.17 13:49:03,13:49:03,100,com.android.healthconnect.phone.jd7cdc53389aa3a9ebd124ea7a13f1035
2026.09.17 13:50:00,13:50:00,1004,com.huami.watch.hmwatchmanager
2026.09.17 13:50:00,13:50:00,97,com.fitbit.FitbitMobile
2026.09.17 13:50:03,13:50:03,97,com.android.healthconnect.phone.jd7cdc53389aa3a9ebd124ea7a13f1035
2026.09.17 13:51:00,13:51:00,95,com.fitbit.FitbitMobile
2026.09.17 13:51:03,13:51:03,95,com.android.healthconnect.phone.jd7cdc53389aa3a9ebd124ea7a13f1035
2026.09.17 13:52:00,13:52:00,93,com.fitbit.FitbitMobile
2026.09.17 13:52:03,13:52:03,93,com.android.healthconnect.phone.jd7cdc53389aa3a9ebd124ea7a13f1035
2026.09.17 13:53:00,13:53:00,93,com.fitbit.FitbitMobile
2026.09.17 13:53:02,13:53:02,94,com.android.healthconnect.phone.jd7cdc53389aa3a9ebd124ea7a13f1035
2026.09.17 13:54:00,13:54:00,100,com.fitbit.FitbitMobile
2026.09.17 13:54:03,13:54:03,99,com.android.healthconnect.phone.jd7cdc53389aa3a9ebd124ea7a13f1035
2026.09.17 13:55:00,13:55:00,100,com.fitbit.FitbitMobile
2026.09.17 13:55:03,13:55:03,100,com.android.healthconnect.phone.jd7cdc53389aa3a9ebd124ea7a13f1035
2026.09.17 13:56:00,13:56:00,107,com.fitbit.FitbitMobile
2026.09.17 13:56:03,13:56:03,108,com.android.healthconnect.phone.jd7cdc53389aa3a9ebd124ea7a13f1035
2026.09.17 13:57:00,13:57:00,106,com.fitbit.FitbitMobile
2026.09.17 13:57:03,13:57:03,105,com.android.healthconnect.phone.jd7cdc53389aa3a9ebd124ea7a13f1035
2026.09.17 13:58:00,13:58:00,92,com.fitbit.FitbitMobile
2026.09.17 13:58:03,13:58:03,88,com.android.healthconnect.phone.jd7cdc53389aa3a9ebd124ea7a13f1035
2026.09.17 13:58:55,13:58:55,105,com.android.healthconnect.phone.jd7cdc53389aa3a9ebd124ea7a13f1035
2026.09.17 13:59:00,13:59:00,100,com.fitbit.FitbitMobile
2026.09.17 14:00:00,14:00:00,1065,com.huami.watch.hmwatchmanager
2026.09.17 14:00:00,14:00:00,107,com.fitbit.FitbitMobile
2026.09.17 14:00:03,14:00:03,107,com.android.healthconnect.phone.jd7cdc53389aa3a9ebd124ea7a13f1035
2026.09.17 14:01:00,14:01:00,107,com.fitbit.FitbitMobile
2026.09.17 14:01:03,14:01:03,107,com.android.healthconnect.phone.jd7cdc53389aa3a9ebd124ea7a13f1035
2026.09.17 14:02:00,14:02:00,105,com.fitbit.FitbitMobile
2026.09.17 14:02:03,14:02:03,105,com.android.healthconnect.phone.jd7cdc53389aa3a9ebd124ea7a13f1035
2026.09.17 14:03:00,14:03:00,71,com.fitbit.FitbitMobile
2026.09.17 14:03:03,14:03:03,69,com.android.healthconnect.phone.jd7cdc53389aa3a9ebd124ea7a13f1035
2026.09.17 14:04:00,14:04:00,110,com.fitbit.FitbitMobile
2026.09.17 14:04:03,14:04:03,112,com.android.healthconnect.phone.jd7cdc53389aa3a9ebd124ea7a13f1035
2026.09.17 14:05:00,14:05:00,110,com.fitbit.FitbitMobile
2026.09.17 14:05:03,14:05:03,110,com.android.healthconnect.phone.jd7cdc53389aa3a9ebd124ea7a13f1035
2026.09.17 14:06:00,14:06:00,106,com.fitbit.FitbitMobile
2026.09.17 14:06:03,14:06:03,106,com.android.healthconnect.phone.jd7cdc53389aa3a9ebd124ea7a13f1035
2026.09.17 14:07:00,14:07:00,112,com.fitbit.FitbitMobile
2026.09.17 14:07:03,14:07:03,112,com.android.healthconnect.phone.jd7cdc53389aa3a9ebd124ea7a13f1035
2026.09.17 14:08:00,14:08:00,112,com.fitbit.FitbitMobile
2026.09.17 14:08:03,14:08:03,112,com.android.healthconnect.phone.jd7cdc53389aa3a9ebd124ea7a13f1035
2026.09.17 14:09:00,14:09:00,111,com.fitbit.FitbitMobile
2026.09.17 14:09:03,14:09:03,111,com.android.healthconnect.phone.jd7cdc53389aa3a9ebd124ea7a13f1035
2026.09.17 14:10:00,14:10:00,927,com.huami.watch.hmwatchmanager
2026.09.17 14:10:00,14:10:00,69,com.fitbit.FitbitMobile
2026.09.17 14:10:03,14:10:03,67,com.android.healthconnect.phone.jd7cdc53389aa3a9ebd124ea7a13f1035
2026.09.17 14:10:57,14:10:57,82,com.android.healthconnect.phone.jd7cdc53389aa3a9ebd124ea7a13f1035
2026.09.17 14:11:00,14:11:00,82,com.fitbit.FitbitMobile
2026.09.17 14:12:00,14:12:00,84,com.fitbit.FitbitMobile
2026.09.17 14:12:03,14:12:03,78,com.android.healthconnect.phone.jd7cdc53389aa3a9ebd124ea7a13f1035
2026.09.17 14:12:51,14:12:51,97,com.android.healthconnect.phone.jd7cdc53389aa3a9ebd124ea7a13f1035
2026.09.17 14:13:00,14:13:00,90,com.fitbit.FitbitMobile
2026.09.17 14:14:00,14:14:00,105,com.fitbit.FitbitMobile
2026.09.17 14:14:03,14:14:03,105,com.android.healthconnect.phone.jd7cdc53389aa3a9ebd124ea7a13f1035
2026.09.17 14:15:00,14:15:00,100,com.fitbit.FitbitMobile
2026.09.17 14:15:03,14:15:03,100,com.android.healthconnect.phone.jd7cdc53389aa3a9ebd124ea7a13f1035
2026.09.17 14:16:00,14:16:00,99,com.fitbit.FitbitMobile
2026.09.17 14:16:03,14:16:03,99,com.android.healthconnect.phone.jd7cdc53389aa3a9ebd124ea7a13f1035
2026.09.17 14:17:00,14:17:00,98,com.fitbit.FitbitMobile
2026.09.17 14:17:03,14:17:03,98,com.android.healthconnect.phone.jd7cdc53389aa3a9ebd124ea7a13f1035
2026.09.17 14:18:00,14:18:00,99,com.fitbit.FitbitMobile
2026.09.17 14:18:03,14:18:03,99,com.android.healthconnect.phone.jd7cdc53389aa3a9ebd124ea7a13f1035
2026.09.17 14:19:00,14:19:00,42,com.fitbit.FitbitMobile
2026.09.17 14:19:03,14:19:03,41,com.android.healthconnect.phone.jd7cdc53389aa3a9ebd124ea7a13f1035
2026.09.17 14:20:00,14:20:00,1080,com.huami.watch.hmwatchmanager
2026.09.17 14:20:00,14:20:00,89,com.fitbit.FitbitMobile
2026.09.17 14:20:03,14:20:03,90,com.android.healthconnect.phone.jd7cdc53389aa3a9ebd124ea7a13f1035
2026.09.17 14:21:00,14:21:00,96,com.fitbit.FitbitMobile
2026.09.17 14:21:03,14:21:03,97,com.android.healthconnect.phone.jd7cdc53389aa3a9ebd124ea7a13f1035
2026.09.17 14:22:00,14:22:00,107,com.fitbit.FitbitMobile
2026.09.17 14:22:03,14:22:03,107,com.android.healthconnect.phone.jd7cdc53389aa3a9ebd124ea7a13f1035
2026.09.17 14:23:00,14:23:00,115,com.fitbit.FitbitMobile
2026.09.17 14:23:03,14:23:03,116,com.android.healthconnect.phone.jd7cdc53389aa3a9ebd124ea7a13f1035
2026.09.17 14:24:00,14:24:00,120,com.fitbit.FitbitMobile
2026.09.17 14:24:03,14:24:03,120,com.android.healthconnect.phone.jd7cdc53389aa3a9ebd124ea7a13f1035
2026.09.17 14:25:00,14:25:00,120,com.fitbit.FitbitMobile
2026.09.17 14:25:03,14:25:03,120,com.android.healthconnect.phone.jd7cdc53389aa3a9ebd124ea7a13f1035
2026.09.17 14:26:00,14:26:00,116,com.fitbit.FitbitMobile
2026.09.17 14:26:03,14:26:03,116,com.android.healthconnect.phone.jd7cdc53389aa3a9ebd124ea7a13f1035
2026.09.17 14:27:00,14:27:00,109,com.fitbit.FitbitMobile
2026.09.17 14:27:03,14:27:03,108,com.android.healthconnect.phone.jd7cdc53389aa3a9ebd124ea7a13f1035
2026.09.17 14:28:00,14:28:00,109,com.fitbit.FitbitMobile
2026.09.17 14:28:03,14:28:03,109,com.android.healthconnect.phone.jd7cdc53389aa3a9ebd124ea7a13f1035
2026.09.17 14:29:00,14:29:00,103,com.fitbit.FitbitMobile
2026.09.17 14:29:03,14:29:03,102,com.android.healthconnect.phone.jd7cdc53389aa3a9ebd124ea7a13f1035
2026.09.17 14:30:00,14:30:00,1094,com.huami.watch.hmwatchmanager
2026.09.17 14:30:00,14:30:00,101,com.fitbit.FitbitMobile
2026.09.17 14:30:03,14:30:03,102,com.android.healthconnect.phone.jd7cdc53389aa3a9ebd124ea7a13f1035
2026.09.17 14:31:00,14:31:00,106,com.fitbit.FitbitMobile
2026.09.17 14:31:03,14:31:03,104,com.android.healthconnect.phone.jd7cdc53389aa3a9ebd124ea7a13f1035
2026.09.17 14:32:00,14:32:00,107,com.fitbit.FitbitMobile
2026.09.17 14:32:03,14:32:03,108,com.android.healthconnect.phone.jd7cdc53389aa3a9ebd124ea7a13f1035
2026.09.17 14:33:00,14:33:00,112,com.fitbit.FitbitMobile
2026.09.17 14:33:03,14:33:03,114,com.android.healthconnect.phone.jd7cdc53389aa3a9ebd124ea7a13f1035
2026.09.17 14:34:00,14:34:00,115,com.fitbit.FitbitMobile
2026.09.17 14:34:03,14:34:03,114,com.android.healthconnect.phone.jd7cdc53389aa3a9ebd124ea7a13f1035
2026.09.17 14:35:00,14:35:00,116,com.fitbit.FitbitMobile
2026.09.17 14:35:03,14:35:03,117,com.android.healthconnect.phone.jd7cdc53389aa3a9ebd124ea7a13f1035
2026.09.17 14:36:00,14:36:00,106,com.fitbit.FitbitMobile
2026.09.17 14:36:03,14:36:03,96,com.android.healthconnect.phone.jd7cdc53389aa3a9ebd124ea7a13f1035
2026.09.17 14:36:57,14:36:57,100,com.android.healthconnect.phone.jd7cdc53389aa3a9ebd124ea7a13f1035
2026.09.17 14:37:00,14:37:00,90,com.fitbit.FitbitMobile
2026.09.17 14:38:00,14:38:00,113,com.fitbit.FitbitMobile
2026.09.17 14:38:03,14:38:03,114,com.android.healthconnect.phone.jd7cdc53389aa3a9ebd124ea7a13f1035
2026.09.17 14:39:00,14:39:00,115,com.fitbit.FitbitMobile
2026.09.17 14:39:03,14:39:03,114,com.android.healthconnect.phone.jd7cdc53389aa3a9ebd124ea7a13f1035
2026.09.17 14:40:00,14:40:00,931,com.huami.watch.hmwatchmanager
2026.09.17 14:40:00,14:40:00,103,com.fitbit.FitbitMobile
2026.09.17 14:40:04,14:40:04,102,com.android.healthconnect.phone.jd7cdc53389aa3a9ebd124ea7a13f1035
2026.09.17 14:41:00,14:41:00,33,com.fitbit.FitbitMobile
2026.09.17 14:41:03,14:41:03,21,com.android.healthconnect.phone.jd7cdc53389aa3a9ebd124ea7a13f1035
2026.09.17 14:41:20,14:41:20,93,com.android.healthconnect.phone.jd7cdc53389aa3a9ebd124ea7a13f1035
2026.09.17 14:42:00,14:42:00,80,com.fitbit.FitbitMobile
2026.09.17 14:43:00,14:43:00,104,com.fitbit.FitbitMobile
2026.09.17 14:43:04,14:43:04,103,com.android.healthconnect.phone.jd7cdc53389aa3a9ebd124ea7a13f1035
2026.09.17 14:44:00,14:44:00,104,com.fitbit.FitbitMobile
2026.09.17 14:44:03,14:44:03,105,com.android.healthconnect.phone.jd7cdc53389aa3a9ebd124ea7a13f1035
2026.09.17 14:45:00,14:45:00,104,com.fitbit.FitbitMobile
2026.09.17 14:45:04,14:45:04,103,com.android.healthconnect.phone.jd7cdc53389aa3a9ebd124ea7a13f1035
2026.09.17 14:46:00,14:46:00,105,com.fitbit.FitbitMobile
2026.09.17 14:46:04,14:46:04,106,com.android.healthconnect.phone.jd7cdc53389aa3a9ebd124ea7a13f1035
2026.09.17 14:47:00,14:47:00,100,com.fitbit.FitbitMobile
2026.09.17 14:47:03,14:47:03,87,com.android.healthconnect.phone.jd7cdc53389aa3a9ebd124ea7a13f1035
2026.09.17 14:48:00,14:48:00,94,com.fitbit.FitbitMobile
2026.09.17 14:48:04,14:48:04,107,com.android.healthconnect.phone.jd7cdc53389aa3a9ebd124ea7a13f1035
2026.09.17 14:49:00,14:49:00,108,com.fitbit.FitbitMobile
2026.09.17 14:49:03,14:49:03,108,com.android.healthconnect.phone.jd7cdc53389aa3a9ebd124ea7a13f1035
2026.09.17 14:50:00,14:50:00,1046,com.huami.watch.hmwatchmanager
2026.09.17 14:50:00,14:50:00,102,com.fitbit.FitbitMobile
2026.09.17 14:50:04,14:50:04,101,com.android.healthconnect.phone.jd7cdc53389aa3a9ebd124ea7a13f1035
2026.09.17 14:51:00,14:51:00,99,com.fitbit.FitbitMobile
2026.09.17 14:51:03,14:51:03,99,com.android.healthconnect.phone.jd7cdc53389aa3a9ebd124ea7a13f1035
2026.09.17 14:52:00,14:52:00,99,com.fitbit.FitbitMobile
2026.09.17 14:52:04,14:52:04,99,com.android.healthconnect.phone.jd7cdc53389aa3a9ebd124ea7a13f1035
2026.09.17 14:53:00,14:53:00,112,com.fitbit.FitbitMobile
2026.09.17 14:53:03,14:53:03,113,com.android.healthconnect.phone.jd7cdc53389aa3a9ebd124ea7a13f1035
2026.09.17 14:54:00,14:54:00,112,com.fitbit.FitbitMobile
2026.09.17 14:54:03,14:54:03,112,com.android.healthconnect.phone.jd7cdc53389aa3a9ebd124ea7a13f1035
2026.09.17 14:55:00,14:55:00,114,com.fitbit.FitbitMobile
2026.09.17 14:55:04,14:55:04,115,com.android.healthconnect.phone.jd7cdc53389aa3a9ebd124ea7a13f1035
2026.09.17 14:56:00,14:56:00,111,com.fitbit.FitbitMobile
2026.09.17 14:56:04,14:56:04,110,com.android.healthconnect.phone.jd7cdc53389aa3a9ebd124ea7a13f1035
2026.09.17 14:57:00,14:57:00,99,com.fitbit.FitbitMobile
2026.09.17 14:57:03,14:57:03,99,com.android.healthconnect.phone.jd7cdc53389aa3a9ebd124ea7a13f1035
2026.09.17 14:58:00,14:58:00,110,com.fitbit.FitbitMobile
2026.09.17 14:58:03,14:58:03,110,com.android.healthconnect.phone.jd7cdc53389aa3a9ebd124ea7a13f1035
2026.09.17 14:59:00,14:59:00,112,com.fitbit.FitbitMobile
2026.09.17 14:59:03,14:59:03,112,com.android.healthconnect.phone.jd7cdc53389aa3a9ebd124ea7a13f1035
2026.09.17 15:00:00,15:00:00,1006,com.huami.watch.hmwatchmanager
2026.09.17 15:00:00,15:00:00,109,com.fitbit.FitbitMobile
2026.09.17 15:00:04,15:00:04,109,com.android.healthconnect.phone.jd7cdc53389aa3a9ebd124ea7a13f1035
2026.09.17 15:01:00,15:01:00,109,com.fitbit.FitbitMobile
2026.09.17 15:01:04,15:01:04,109,com.android.healthconnect.phone.jd7cdc53389aa3a9ebd124ea7a13f1035
2026.09.17 15:02:00,15:02:00,109,com.fitbit.FitbitMobile
2026.09.17 15:02:04,15:02:04,109,com.android.healthconnect.phone.jd7cdc53389aa3a9ebd124ea7a13f1035
2026.09.17 15:03:00,15:03:00,109,com.fitbit.FitbitMobile
2026.09.17 15:03:04,15:03:04,108,com.android.healthconnect.phone.jd7cdc53389aa3a9ebd124ea7a13f1035
2026.09.17 15:04:00,15:04:00,101,com.fitbit.FitbitMobile
2026.09.17 15:04:03,15:04:03,102,com.android.healthconnect.phone.jd7cdc53389aa3a9ebd124ea7a13f1035
2026.09.17 15:05:00,15:05:00,105,com.fitbit.FitbitMobile
2026.09.17 15:05:04,15:05:04,106,com.android.healthconnect.phone.jd7cdc53389aa3a9ebd124ea7a13f1035
2026.09.17 15:06:00,15:06:00,113,com.fitbit.FitbitMobile
2026.09.17 15:06:04,15:06:04,112,com.android.healthconnect.phone.jd7cdc53389aa3a9ebd124ea7a13f1035
2026.09.17 15:07:00,15:07:00,108,com.fitbit.FitbitMobile
2026.09.17 15:07:03,15:07:03,107,com.android.healthconnect.phone.jd7cdc53389aa3a9ebd124ea7a13f1035
2026.09.17 15:08:00,15:08:00,105,com.fitbit.FitbitMobile
2026.09.17 15:08:04,15:08:04,106,com.android.healthconnect.phone.jd7cdc53389aa3a9ebd124ea7a13f1035
2026.09.17 15:09:00,15:09:00,28,com.fitbit.FitbitMobile
2026.09.17 15:09:04,15:09:04,21,com.android.healthconnect.phone.jd7cdc53389aa3a9ebd124ea7a13f1035
2026.09.17 15:10:00,15:10:00,715,com.huami.watch.hmwatchmanager
2026.09.17 15:11:00,15:11:00,2,com.fitbit.FitbitMobile
2026.09.17 15:12:00,15:12:00,30,com.fitbit.FitbitMobile
2026.09.17 15:12:31,15:12:31,7,com.android.healthconnect.phone.jd7cdc53389aa3a9ebd124ea7a13f1035
2026.09.17 15:12:45,15:12:45,103,com.android.healthconnect.phone.jd7cdc53389aa3a9ebd124ea7a13f1035
2026.09.17 15:13:00,15:13:00,103,com.fitbit.FitbitMobile
2026.09.17 15:13:45,15:13:45,91,com.android.healthconnect.phone.jd7cdc53389aa3a9ebd124ea7a13f1035
2026.09.17 15:14:00,15:14:00,91,com.fitbit.FitbitMobile
2026.09.17 15:14:45,15:14:45,95,com.android.healthconnect.phone.jd7cdc53389aa3a9ebd124ea7a13f1035
2026.09.17 15:15:00,15:15:00,96,com.fitbit.FitbitMobile
2026.09.17 15:15:45,15:15:45,99,com.android.healthconnect.phone.jd7cdc53389aa3a9ebd124ea7a13f1035
2026.09.17 15:16:00,15:16:00,99,com.fitbit.FitbitMobile
2026.09.17 15:16:45,15:16:45,86,com.android.healthconnect.phone.jd7cdc53389aa3a9ebd124ea7a13f1035
2026.09.17 15:17:00,15:17:00,81,com.fitbit.FitbitMobile
2026.09.17 15:17:45,15:17:45,100,com.android.healthconnect.phone.jd7cdc53389aa3a9ebd124ea7a13f1035
2026.09.17 15:18:00,15:18:00,92,com.fitbit.FitbitMobile
2026.09.17 15:18:45,15:18:45,91,com.android.healthconnect.phone.jd7cdc53389aa3a9ebd124ea7a13f1035
2026.09.17 15:19:00,15:19:00,103,com.fitbit.FitbitMobile
2026.09.17 15:19:45,15:19:45,80,com.android.healthconnect.phone.jd7cdc53389aa3a9ebd124ea7a13f1035
2026.09.17 15:20:00,15:20:00,184,com.huami.watch.hmwatchmanager
2026.09.17 15:20:00,15:20:00,78,com.fitbit.FitbitMobile
2026.09.17 15:20:45,15:20:45,94,com.android.healthconnect.phone.jd7cdc53389aa3a9ebd124ea7a13f1035
2026.09.17 15:21:00,15:21:00,88,com.fitbit.FitbitMobile
2026.09.17 15:21:45,15:21:45,17,com.android.healthconnect.phone.jd7cdc53389aa3a9ebd124ea7a13f1035
2026.09.17 15:50:00,15:50:00,491,com.huami.watch.hmwatchmanager
2026.09.17 15:54:00,15:54:00,6,com.fitbit.FitbitMobile
2026.09.17 15:54:56,15:54:56,8,com.android.healthconnect.phone.jd7cdc53389aa3a9ebd124ea7a13f1035
2026.09.17 15:55:00,15:55:00,76,com.fitbit.FitbitMobile
2026.09.17 15:55:12,15:55:12,117,com.android.healthconnect.phone.jd7cdc53389aa3a9ebd124ea7a13f1035
2026.09.17 15:56:00,15:56:00,88,com.fitbit.FitbitMobile
2026.09.17 15:56:33,15:56:33,100,com.android.healthconnect.phone.jd7cdc53389aa3a9ebd124ea7a13f1035
2026.09.17 15:57:00,15:57:00,101,com.fitbit.FitbitMobile
2026.09.17 15:57:33,15:57:33,102,com.android.healthconnect.phone.jd7cdc53389aa3a9ebd124ea7a13f1035
2026.09.17 15:58:00,15:58:00,102,com.fitbit.FitbitMobile
2026.09.17 15:58:33,15:58:33,102,com.android.healthconnect.phone.jd7cdc53389aa3a9ebd124ea7a13f1035
2026.09.17 15:59:00,15:59:00,102,com.fitbit.FitbitMobile
2026.09.17 15:59:33,15:59:33,105,com.android.healthconnect.phone.jd7cdc53389aa3a9ebd124ea7a13f1035
2026.09.17 16:00:00,16:00:00,299,com.huami.watch.hmwatchmanager
2026.09.17 16:00:00,16:00:00,107,com.fitbit.FitbitMobile
2026.09.17 16:00:33,16:00:33,84,com.android.healthconnect.phone.jd7cdc53389aa3a9ebd124ea7a13f1035
2026.09.17 16:01:00,16:01:00,41,com.fitbit.FitbitMobile
2026.09.17 16:01:21,16:01:21,8,com.android.healthconnect.phone.jd7cdc53389aa3a9ebd124ea7a13f1035
2026.09.17 16:02:00,16:02:00,11,com.fitbit.FitbitMobile
2026.09.17 16:02:14,16:02:14,60,com.android.healthconnect.phone.jd7cdc53389aa3a9ebd124ea7a13f1035
2026.09.17 16:03:00,16:03:00,93,com.fitbit.FitbitMobile
2026.09.17 16:03:32,16:03:32,69,com.android.healthconnect.phone.jd7cdc53389aa3a9ebd124ea7a13f1035
2026.09.17 16:04:00,16:04:00,51,com.fitbit.FitbitMobile
2026.09.17 16:04:33,16:04:33,25,com.android.healthconnect.phone.jd7cdc53389aa3a9ebd124ea7a13f1035
2026.09.17 16:05:00,16:05:00,2,com.fitbit.FitbitMobile
2026.09.17 16:31:00,16:31:00,3,com.fitbit.FitbitMobile
2026.09.17 16:32:00,16:32:00,3,com.fitbit.FitbitMobile
2026.09.17 16:32:22,16:32:22,6,com.android.healthconnect.phone.jd7cdc53389aa3a9ebd124ea7a13f1035
2026.09.17 16:37:00,16:37:00,4,com.fitbit.FitbitMobile
2026.09.17 16:38:00,16:38:00,3,com.fitbit.FitbitMobile
2026.09.17 16:38:10,16:38:10,6,com.android.healthconnect.phone.jd7cdc53389aa3a9ebd124ea7a13f1035
2026.09.17 16:38:22,16:38:22,1,com.android.healthconnect.phone.jd7cdc53389aa3a9ebd124ea7a13f1035
2026.09.17 16:41:00,16:41:00,3,com.fitbit.FitbitMobile
2026.09.17 16:42:00,16:42:00,7,com.fitbit.FitbitMobile
2026.09.17 16:42:24,16:42:24,9,com.android.healthconnect.phone.jd7cdc53389aa3a9ebd124ea7a13f1035
2026.09.17 16:42:42,16:42:42,1,com.android.healthconnect.phone.jd7cdc53389aa3a9ebd124ea7a13f1035
2026.09.17 16:50:00,16:50:00,6,com.huami.watch.hmwatchmanager
2026.09.17 17:00:00,17:00:00,90,com.huami.watch.hmwatchmanager
2026.09.17 17:10:00,17:10:00,38,com.huami.watch.hmwatchmanager
2026.09.17 17:15:00,17:15:00,1,com.fitbit.FitbitMobile
2026.09.17 17:16:00,17:16:00,17,com.fitbit.FitbitMobile
2026.09.17 17:16:24,17:16:24,15,com.android.healthconnect.phone.jd7cdc53389aa3a9ebd124ea7a13f1035
2026.09.17 17:16:54,17:16:54,3,com.android.healthconnect.phone.jd7cdc53389aa3a9ebd124ea7a13f1035
2026.09.17 18:50:00,18:50:00,15,com.huami.watch.hmwatchmanager
2026.09.17 19:00:00,19:00:00,49,com.huami.watch.hmwatchmanager
2026.09.17 19:10:00,19:10:00,323,com.huami.watch.hmwatchmanager
2026.09.17 19:10:00,19:10:00,10,com.fitbit.FitbitMobile
2026.09.17 19:10:50,19:10:50,16,com.android.healthconnect.phone.jd7cdc53389aa3a9ebd124ea7a13f1035
2026.09.17 19:11:00,19:11:00,35,com.fitbit.FitbitMobile
2026.09.17 19:11:22,19:11:22,95,com.android.healthconnect.phone.jd7cdc53389aa3a9ebd124ea7a13f1035
2026.09.17 19:12:00,19:12:00,70,com.fitbit.FitbitMobile
2026.09.17 19:12:42,19:12:42,150,com.android.healthconnect.phone.jd7cdc53389aa3a9ebd124ea7a13f1035
2026.09.17 19:13:00,19:13:00,76,com.fitbit.FitbitMobile
2026.09.17 19:14:00,19:14:00,73,com.fitbit.FitbitMobile
2026.09.17 19:14:42,19:14:42,58,com.android.healthconnect.phone.jd7cdc53389aa3a9ebd124ea7a13f1035
2026.09.17 19:15:00,19:15:00,8,com.fitbit.FitbitMobile
2026.09.17 19:16:00,19:16:00,17,com.fitbit.FitbitMobile
2026.09.17 19:17:00,19:17:00,23,com.fitbit.FitbitMobile
2026.09.17 19:18:00,19:18:00,12,com.fitbit.FitbitMobile
2026.09.17 19:18:20,19:18:20,60,com.android.healthconnect.phone.jd7cdc53389aa3a9ebd124ea7a13f1035
2026.09.17 19:19:00,19:19:00,68,com.fitbit.FitbitMobile
2026.09.17 19:19:51,19:19:51,231,com.android.healthconnect.phone.jd7cdc53389aa3a9ebd124ea7a13f1035
2026.09.17 19:20:00,19:20:00,469,com.huami.watch.hmwatchmanager
2026.09.17 19:20:00,19:20:00,94,com.fitbit.FitbitMobile
2026.09.17 19:21:00,19:21:00,102,com.fitbit.FitbitMobile
2026.09.17 19:22:00,19:22:00,104,com.fitbit.FitbitMobile
2026.09.17 19:22:12,19:22:12,154,com.android.healthconnect.phone.jd7cdc53389aa3a9ebd124ea7a13f1035
2026.09.17 19:23:00,19:23:00,22,com.fitbit.FitbitMobile
2026.09.17 19:25:00,19:25:00,7,com.fitbit.FitbitMobile
2026.09.17 19:26:00,19:26:00,50,com.fitbit.FitbitMobile
2026.09.17 19:26:50,19:26:50,57,com.android.healthconnect.phone.jd7cdc53389aa3a9ebd124ea7a13f1035
2026.09.17 19:27:00,19:27:00,7,com.fitbit.FitbitMobile
2026.09.17 19:28:00,19:28:00,43,com.fitbit.FitbitMobile
2026.09.17 19:28:37,19:28:37,21,com.android.healthconnect.phone.jd7cdc53389aa3a9ebd124ea7a13f1035
2026.09.17 19:30:00,19:30:00,249,com.huami.watch.hmwatchmanager
2026.09.17 19:30:00,19:30:00,2,com.fitbit.FitbitMobile
2026.09.17 19:31:00,19:31:00,15,com.fitbit.FitbitMobile
2026.09.17 19:32:00,19:32:00,4,com.fitbit.FitbitMobile
2026.09.17 19:32:06,19:32:06,60,com.android.healthconnect.phone.jd7cdc53389aa3a9ebd124ea7a13f1035
2026.09.17 19:33:00,19:33:00,7,com.fitbit.FitbitMobile
2026.09.17 19:34:00,19:34:00,35,com.fitbit.FitbitMobile
2026.09.17 19:35:00,19:35:00,18,com.fitbit.FitbitMobile
2026.09.17 19:35:28,19:35:28,14,com.android.healthconnect.phone.jd7cdc53389aa3a9ebd124ea7a13f1035
2026.09.17 19:36:00,19:36:00,7,com.fitbit.FitbitMobile
2026.09.17 19:37:00,19:37:00,29,com.fitbit.FitbitMobile
2026.09.17 19:37:29,19:37:29,55,com.android.healthconnect.phone.jd7cdc53389aa3a9ebd124ea7a13f1035
2026.09.17 19:38:00,19:38:00,73,com.fitbit.FitbitMobile
2026.09.17 19:38:35,19:38:35,95,com.android.healthconnect.phone.jd7cdc53389aa3a9ebd124ea7a13f1035
2026.09.17 19:39:00,19:39:00,98,com.fitbit.FitbitMobile
2026.09.17 19:39:34,19:39:34,183,com.android.healthconnect.phone.jd7cdc53389aa3a9ebd124ea7a13f1035
2026.09.17 19:40:00,19:40:00,347,com.huami.watch.hmwatchmanager
2026.09.17 19:40:00,19:40:00,88,com.fitbit.FitbitMobile
2026.09.17 19:41:00,19:41:00,71,com.fitbit.FitbitMobile
2026.09.17 19:41:31,19:41:31,29,com.android.healthconnect.phone.jd7cdc53389aa3a9ebd124ea7a13f1035
2026.09.17 19:42:00,19:42:00,7,com.fitbit.FitbitMobile
2026.09.17 19:43:00,19:43:00,3,com.fitbit.FitbitMobile
2026.09.17 19:45:00,19:45:00,5,com.fitbit.FitbitMobile
2026.09.17 19:46:00,19:46:00,38,com.fitbit.FitbitMobile
2026.09.17 19:46:08,19:46:08,7,com.android.healthconnect.phone.jd7cdc53389aa3a9ebd124ea7a13f1035
2026.09.17 19:46:22,19:46:22,69,com.android.healthconnect.phone.jd7cdc53389aa3a9ebd124ea7a13f1035
2026.09.17 19:47:00,19:47:00,71,com.fitbit.FitbitMobile
2026.09.17 19:47:22,19:47:22,38,com.android.healthconnect.phone.jd7cdc53389aa3a9ebd124ea7a13f1035
2026.09.17 19:48:00,19:48:00,34,com.fitbit.FitbitMobile
2026.09.17 19:48:00,19:48:00,46,com.android.healthconnect.phone.jd7cdc53389aa3a9ebd124ea7a13f1035
2026.09.17 19:49:00,19:49:00,24,com.fitbit.FitbitMobile
2026.09.17 19:49:12,19:49:12,12,com.android.healthconnect.phone.jd7cdc53389aa3a9ebd124ea7a13f1035
2026.09.17 19:49:59,19:49:59,7,com.android.healthconnect.phone.jd7cdc53389aa3a9ebd124ea7a13f1035
2026.09.17 19:50:00,19:50:00,12,com.huami.watch.hmwatchmanager
2026.09.17 19:50:00,19:50:00,2,com.fitbit.FitbitMobile
2026.09.17 19:51:00,19:51:00,5,com.fitbit.FitbitMobile
2026.09.17 20:00:00,20:00:00,65,com.huami.watch.hmwatchmanager
2026.09.17 20:00:00,20:00:00,5,com.fitbit.FitbitMobile
2026.09.17 20:01:00,20:01:00,40,com.fitbit.FitbitMobile
2026.09.17 20:01:02,20:01:02,6,com.android.healthconnect.phone.jd7cdc53389aa3a9ebd124ea7a13f1035
2026.09.17 20:01:14,20:01:14,44,com.android.healthconnect.phone.jd7cdc53389aa3a9ebd124ea7a13f1035
2026.09.17 20:02:00,20:02:00,5,com.fitbit.FitbitMobile
2026.09.17 20:02:23,20:02:23,6,com.android.healthconnect.phone.jd7cdc53389aa3a9ebd124ea7a13f1035
2026.09.17 20:03:00,20:03:00,4,com.fitbit.FitbitMobile
2026.09.17 20:04:00,20:04:00,2,com.fitbit.FitbitMobile
2026.09.17 20:06:00,20:06:00,5,com.fitbit.FitbitMobile
2026.09.17 20:07:00,20:07:00,4,com.fitbit.FitbitMobile
2026.09.17 20:07:08,20:07:08,9,com.android.healthconnect.phone.jd7cdc53389aa3a9ebd124ea7a13f1035
2026.09.17 20:10:00,20:10:00,20,com.huami.watch.hmwatchmanager
2026.09.17 20:10:00,20:10:00,2,com.fitbit.FitbitMobile
2026.09.17 20:11:00,20:11:00,8,com.fitbit.FitbitMobile
2026.09.17 20:11:31,20:11:31,8,com.android.healthconnect.phone.jd7cdc53389aa3a9ebd124ea7a13f1035
2026.09.17 20:11:47,20:11:47,2,com.android.healthconnect.phone.jd7cdc53389aa3a9ebd124ea7a13f1035
2026.09.17 20:20:00,20:20:00,440,com.huami.watch.hmwatchmanager
2026.09.17 20:22:00,20:22:00,6,com.fitbit.FitbitMobile
2026.09.17 20:23:00,20:23:00,32,com.fitbit.FitbitMobile
2026.09.17 20:23:00,20:23:00,8,com.android.healthconnect.phone.jd7cdc53389aa3a9ebd124ea7a13f1035
2026.09.17 20:23:16,20:23:16,125,com.android.healthconnect.phone.jd7cdc53389aa3a9ebd124ea7a13f1035
2026.09.17 20:24:00,20:24:00,65,com.fitbit.FitbitMobile
2026.09.17 20:25:00,20:25:00,104,com.fitbit.FitbitMobile
2026.09.17 20:25:17,20:25:17,237,com.android.healthconnect.phone.jd7cdc53389aa3a9ebd124ea7a13f1035
2026.09.17 20:26:00,20:26:00,102,com.fitbit.FitbitMobile
2026.09.17 20:27:00,20:27:00,64,com.fitbit.FitbitMobile
2026.09.17 20:27:38,20:27:38,143,com.android.healthconnect.phone.jd7cdc53389aa3a9ebd124ea7a13f1035
2026.09.17 20:28:00,20:28:00,51,com.fitbit.FitbitMobile
2026.09.17 20:29:00,20:29:00,47,com.fitbit.FitbitMobile
2026.09.17 20:30:00,20:30:00,91,com.huami.watch.hmwatchmanager
2026.09.17 20:30:00,20:30:00,42,com.fitbit.FitbitMobile
2026.09.18 02:00:00,02:00:00,4,com.huami.watch.hmwatchmanager
2026.09.18 07:40:00,07:40:00,5,com.huami.watch.hmwatchmanager
2026.09.18 07:50:00,07:50:00,12,com.huami.watch.hmwatchmanager
2026.09.18 08:00:00,08:00:00,31,com.huami.watch.hmwatchmanager
2026.09.18 08:10:00,08:10:00,398,com.huami.watch.hmwatchmanager
2026.09.18 08:12:32,08:12:32,15,com.android.healthconnect.phone.jd7cdc53389aa3a9ebd124ea7a13f1035
2026.09.18 08:13:00,08:13:00,41,com.fitbit.FitbitMobile
2026.09.18 08:13:02,08:13:02,111,com.android.healthconnect.phone.jd7cdc53389aa3a9ebd124ea7a13f1035
2026.09.18 08:14:00,08:14:00,69,com.fitbit.FitbitMobile
2026.09.18 08:14:43,08:14:43,147,com.android.healthconnect.phone.jd7cdc53389aa3a9ebd124ea7a13f1035
2026.09.18 08:15:00,08:15:00,12,com.fitbit.FitbitMobile
2026.09.18 08:16:00,08:16:00,62,com.fitbit.FitbitMobile
2026.09.18 08:17:00,08:17:00,64,com.fitbit.FitbitMobile
2026.09.18 08:18:00,08:18:00,31,com.fitbit.FitbitMobile
2026.09.18 08:18:47,08:18:47,400,com.android.healthconnect.phone.jd7cdc53389aa3a9ebd124ea7a13f1035
2026.09.18 08:19:00,08:19:00,109,com.fitbit.FitbitMobile
2026.09.18 08:20:00,08:20:00,1067,com.huami.watch.hmwatchmanager
2026.09.18 08:20:00,08:20:00,111,com.fitbit.FitbitMobile
2026.09.18 08:21:00,08:21:00,108,com.fitbit.FitbitMobile
2026.09.18 08:22:00,08:22:00,106,com.fitbit.FitbitMobile
2026.09.18 08:22:27,08:22:27,466,com.android.healthconnect.phone.jd7cdc53389aa3a9ebd124ea7a13f1035
2026.09.18 08:23:00,08:23:00,107,com.fitbit.FitbitMobile
2026.09.18 08:24:00,08:24:00,108,com.fitbit.FitbitMobile
2026.09.18 08:25:00,08:25:00,113,com.fitbit.FitbitMobile
2026.09.18 08:26:00,08:26:00,113,com.fitbit.FitbitMobile
2026.09.18 08:26:43,08:26:43,313,com.android.healthconnect.phone.jd7cdc53389aa3a9ebd124ea7a13f1035
2026.09.18 08:27:00,08:27:00,105,com.fitbit.FitbitMobile
2026.09.18 08:28:00,08:28:00,98,com.fitbit.FitbitMobile
2026.09.18 08:29:00,08:29:00,102,com.fitbit.FitbitMobile
2026.09.18 08:29:46,08:29:46,211,com.android.healthconnect.phone.jd7cdc53389aa3a9ebd124ea7a13f1035
2026.09.18 08:30:00,08:30:00,1103,com.huami.watch.hmwatchmanager
2026.09.18 08:30:00,08:30:00,108,com.fitbit.FitbitMobile
2026.09.18 08:31:00,08:31:00,111,com.fitbit.FitbitMobile
2026.09.18 08:31:42,08:31:42,189,com.android.healthconnect.phone.jd7cdc53389aa3a9ebd124ea7a13f1035
2026.09.18 08:32:00,08:32:00,113,com.fitbit.FitbitMobile
2026.09.18 08:33:00,08:33:00,112,com.fitbit.FitbitMobile
2026.09.18 08:33:24,08:33:24,112,com.android.healthconnect.phone.jd7cdc53389aa3a9ebd124ea7a13f1035
2026.09.18 08:34:00,08:34:00,112,com.fitbit.FitbitMobile
2026.09.18 08:34:23,08:34:23,112,com.android.healthconnect.phone.jd7cdc53389aa3a9ebd124ea7a13f1035
2026.09.18 08:35:00,08:35:00,112,com.fitbit.FitbitMobile
2026.09.18 08:35:23,08:35:23,113,com.android.healthconnect.phone.jd7cdc53389aa3a9ebd124ea7a13f1035
2026.09.18 08:36:00,08:36:00,115,com.fitbit.FitbitMobile
2026.09.18 08:36:23,08:36:23,385,com.android.healthconnect.phone.jd7cdc53389aa3a9ebd124ea7a13f1035
2026.09.18 08:37:00,08:37:00,113,com.fitbit.FitbitMobile
2026.09.18 08:38:00,08:38:00,114,com.fitbit.FitbitMobile
2026.09.18 08:39:00,08:39:00,111,com.fitbit.FitbitMobile
2026.09.18 08:39:47,08:39:47,256,com.android.healthconnect.phone.jd7cdc53389aa3a9ebd124ea7a13f1035
2026.09.18 08:40:00,08:40:00,993,com.huami.watch.hmwatchmanager
2026.09.18 08:40:00,08:40:00,80,com.fitbit.FitbitMobile
2026.09.18 08:41:00,08:41:00,99,com.fitbit.FitbitMobile
2026.09.18 08:42:00,08:42:00,103,com.fitbit.FitbitMobile
2026.09.18 08:42:31,08:42:31,293,com.android.healthconnect.phone.jd7cdc53389aa3a9ebd124ea7a13f1035
2026.09.18 08:43:00,08:43:00,108,com.fitbit.FitbitMobile
2026.09.18 08:44:00,08:44:00,111,com.fitbit.FitbitMobile
2026.09.18 08:45:00,08:45:00,112,com.fitbit.FitbitMobile
2026.09.18 08:45:13,08:45:13,274,com.android.healthconnect.phone.jd7cdc53389aa3a9ebd124ea7a13f1035
2026.09.18 08:46:00,08:46:00,104,com.fitbit.FitbitMobile
2026.09.18 08:47:00,08:47:00,100,com.fitbit.FitbitMobile
2026.09.18 08:47:49,08:47:49,327,com.android.healthconnect.phone.jd7cdc53389aa3a9ebd124ea7a13f1035
2026.09.18 08:48:00,08:48:00,100,com.fitbit.FitbitMobile
2026.09.18 08:49:00,08:49:00,95,com.fitbit.FitbitMobile
2026.09.18 08:50:00,08:50:00,1066,com.huami.watch.hmwatchmanager
2026.09.18 08:50:00,08:50:00,106,com.fitbit.FitbitMobile
2026.09.18 08:51:00,08:51:00,106,com.fitbit.FitbitMobile
2026.09.18 08:51:05,08:51:05,153,com.android.healthconnect.phone.jd7cdc53389aa3a9ebd124ea7a13f1035
2026.09.18 08:52:00,08:52:00,107,com.fitbit.FitbitMobile
2026.09.18 08:52:31,08:52:31,244,com.android.healthconnect.phone.jd7cdc53389aa3a9ebd124ea7a13f1035
2026.09.18 08:53:00,08:53:00,105,com.fitbit.FitbitMobile
2026.09.18 08:54:00,08:54:00,107,com.fitbit.FitbitMobile
2026.09.18 08:54:49,08:54:49,356,com.android.healthconnect.phone.jd7cdc53389aa3a9ebd124ea7a13f1035
2026.09.18 08:55:00,08:55:00,108,com.fitbit.FitbitMobile
2026.09.18 08:56:00,08:56:00,109,com.fitbit.FitbitMobile
2026.09.18 08:57:00,08:57:00,110,com.fitbit.FitbitMobile
2026.09.18 08:58:00,08:58:00,109,com.fitbit.FitbitMobile
2026.09.18 08:58:05,08:58:05,182,com.android.healthconnect.phone.jd7cdc53389aa3a9ebd124ea7a13f1035
2026.09.18 08:59:00,08:59:00,109,com.fitbit.FitbitMobile
2026.09.18 08:59:46,08:59:46,109,com.android.healthconnect.phone.jd7cdc53389aa3a9ebd124ea7a13f1035
2026.09.18 09:00:00,09:00:00,1009,com.huami.watch.hmwatchmanager
2026.09.18 09:00:00,09:00:00,108,com.fitbit.FitbitMobile
2026.09.18 09:00:45,09:00:45,442,com.android.healthconnect.phone.jd7cdc53389aa3a9ebd124ea7a13f1035
2026.09.18 09:01:00,09:01:00,107,com.fitbit.FitbitMobile
2026.09.18 09:02:00,09:02:00,110,com.fitbit.FitbitMobile
2026.09.18 09:03:00,09:03:00,114,com.fitbit.FitbitMobile
2026.09.18 09:04:00,09:04:00,112,com.fitbit.FitbitMobile
2026.09.18 09:04:46,09:04:46,172,com.android.healthconnect.phone.jd7cdc53389aa3a9ebd124ea7a13f1035
2026.09.18 09:05:00,09:05:00,103,com.fitbit.FitbitMobile
2026.09.18 09:06:00,09:06:00,91,com.fitbit.FitbitMobile
2026.09.18 09:06:29,09:06:29,91,com.android.healthconnect.phone.jd7cdc53389aa3a9ebd124ea7a13f1035
2026.09.18 09:07:00,09:07:00,91,com.fitbit.FitbitMobile
2026.09.18 09:07:29,09:07:29,95,com.android.healthconnect.phone.jd7cdc53389aa3a9ebd124ea7a13f1035
2026.09.18 09:08:00,09:08:00,98,com.fitbit.FitbitMobile
2026.09.18 09:08:29,09:08:29,138,com.android.healthconnect.phone.jd7cdc53389aa3a9ebd124ea7a13f1035
2026.09.18 09:09:00,09:09:00,99,com.fitbit.FitbitMobile
2026.09.18 09:09:53,09:09:53,454,com.android.healthconnect.phone.jd7cdc53389aa3a9ebd124ea7a13f1035
2026.09.18 09:10:00,09:10:00,1060,com.huami.watch.hmwatchmanager
2026.09.18 09:10:00,09:10:00,104,com.fitbit.FitbitMobile
2026.09.18 09:11:00,09:11:00,108,com.fitbit.FitbitMobile
2026.09.18 09:12:00,09:12:00,109,com.fitbit.FitbitMobile
2026.09.18 09:13:00,09:13:00,110,com.fitbit.FitbitMobile
2026.09.18 09:14:00,09:14:00,108,com.fitbit.FitbitMobile
2026.09.18 09:14:06,09:14:06,243,com.android.healthconnect.phone.jd7cdc53389aa3a9ebd124ea7a13f1035
2026.09.18 09:15:00,09:15:00,109,com.fitbit.FitbitMobile
2026.09.18 09:16:00,09:16:00,104,com.fitbit.FitbitMobile
2026.09.18 09:16:20,09:16:20,157,com.android.healthconnect.phone.jd7cdc53389aa3a9ebd124ea7a13f1035
2026.09.18 09:17:00,09:17:00,106,com.fitbit.FitbitMobile
2026.09.18 09:17:51,09:17:51,221,com.android.healthconnect.phone.jd7cdc53389aa3a9ebd124ea7a13f1035
2026.09.18 09:18:00,09:18:00,109,com.fitbit.FitbitMobile
2026.09.18 09:19:00,09:19:00,96,com.fitbit.FitbitMobile
2026.09.18 09:19:54,09:19:54,173,com.android.healthconnect.phone.jd7cdc53389aa3a9ebd124ea7a13f1035
2026.09.18 09:20:00,09:20:00,929,com.huami.watch.hmwatchmanager
2026.09.18 09:20:00,09:20:00,5,com.fitbit.FitbitMobile
2026.09.18 09:21:00,09:21:00,57,com.fitbit.FitbitMobile
2026.09.18 09:22:00,09:22:00,107,com.fitbit.FitbitMobile
2026.09.18 09:23:00,09:23:00,111,com.fitbit.FitbitMobile
2026.09.18 09:23:02,09:23:02,246,com.android.healthconnect.phone.jd7cdc53389aa3a9ebd124ea7a13f1035
2026.09.18 09:24:00,09:24:00,112,com.fitbit.FitbitMobile
2026.09.18 09:25:00,09:25:00,110,com.fitbit.FitbitMobile
2026.09.18 09:25:14,09:25:14,159,com.android.healthconnect.phone.jd7cdc53389aa3a9ebd124ea7a13f1035
2026.09.18 09:26:00,09:26:00,110,com.fitbit.FitbitMobile
2026.09.18 09:26:41,09:26:41,119,com.android.healthconnect.phone.jd7cdc53389aa3a9ebd124ea7a13f1035
2026.09.18 09:27:00,09:27:00,110,com.fitbit.FitbitMobile
2026.09.18 09:27:46,09:27:46,138,com.android.healthconnect.phone.jd7cdc53389aa3a9ebd124ea7a13f1035
2026.09.18 09:28:00,09:28:00,111,com.fitbit.FitbitMobile
2026.09.18 09:29:00,09:29:00,110,com.fitbit.FitbitMobile
2026.09.18 09:29:01,09:29:01,223,com.android.healthconnect.phone.jd7cdc53389aa3a9ebd124ea7a13f1035
2026.09.18 09:30:00,09:30:00,1018,com.huami.watch.hmwatchmanager
2026.09.18 09:30:00,09:30:00,114,com.fitbit.FitbitMobile
2026.09.18 09:31:00,09:31:00,113,com.fitbit.FitbitMobile
2026.09.18 09:31:00,09:31:00,156,com.android.healthconnect.phone.jd7cdc53389aa3a9ebd124ea7a13f1035
2026.09.18 09:32:00,09:32:00,107,com.fitbit.FitbitMobile
2026.09.18 09:32:23,09:32:23,126,com.android.healthconnect.phone.jd7cdc53389aa3a9ebd124ea7a13f1035
2026.09.18 09:33:00,09:33:00,67,com.fitbit.FitbitMobile
2026.09.18 09:33:39,09:33:39,21,com.android.healthconnect.phone.jd7cdc53389aa3a9ebd124ea7a13f1035
2026.09.18 09:34:00,09:34:00,15,com.fitbit.FitbitMobile
2026.09.18 09:35:00,09:35:00,102,com.fitbit.FitbitMobile
2026.09.18 09:35:03,09:35:03,299,com.android.healthconnect.phone.jd7cdc53389aa3a9ebd124ea7a13f1035
2026.09.18 09:36:00,09:36:00,108,com.fitbit.FitbitMobile
2026.09.18 09:37:00,09:37:00,105,com.fitbit.FitbitMobile
2026.09.18 09:37:52,09:37:52,330,com.android.healthconnect.phone.jd7cdc53389aa3a9ebd124ea7a13f1035
2026.09.18 09:38:00,09:38:00,106,com.fitbit.FitbitMobile
2026.09.18 09:39:00,09:39:00,110,com.fitbit.FitbitMobile
2026.09.18 09:40:00,09:40:00,1106,com.huami.watch.hmwatchmanager
2026.09.18 09:40:00,09:40:00,114,com.fitbit.FitbitMobile
2026.09.18 09:40:53,09:40:53,254,com.android.healthconnect.phone.jd7cdc53389aa3a9ebd124ea7a13f1035
2026.09.18 09:41:00,09:41:00,112,com.fitbit.FitbitMobile
2026.09.18 09:42:00,09:42:00,111,com.fitbit.FitbitMobile
2026.09.18 09:43:00,09:43:00,112,com.fitbit.FitbitMobile
2026.09.18 09:43:09,09:43:09,139,com.android.healthconnect.phone.jd7cdc53389aa3a9ebd124ea7a13f1035
2026.09.18 09:44:00,09:44:00,110,com.fitbit.FitbitMobile
2026.09.18 09:44:24,09:44:24,257,com.android.healthconnect.phone.jd7cdc53389aa3a9ebd124ea7a13f1035
2026.09.18 09:45:00,09:45:00,111,com.fitbit.FitbitMobile
2026.09.18 09:46:00,09:46:00,112,com.fitbit.FitbitMobile
2026.09.18 09:46:43,09:46:43,216,com.android.healthconnect.phone.jd7cdc53389aa3a9ebd124ea7a13f1035
2026.09.18 09:47:00,09:47:00,111,com.fitbit.FitbitMobile
2026.09.18 09:48:00,09:48:00,108,com.fitbit.FitbitMobile
2026.09.18 09:48:41,09:48:41,110,com.android.healthconnect.phone.jd7cdc53389aa3a9ebd124ea7a13f1035
2026.09.18 09:49:00,09:49:00,111,com.fitbit.FitbitMobile
2026.09.18 09:49:41,09:49:41,110,com.android.healthconnect.phone.jd7cdc53389aa3a9ebd124ea7a13f1035
2026.09.18 09:50:00,09:50:00,974,com.huami.watch.hmwatchmanager
2026.09.18 09:50:00,09:50:00,108,com.fitbit.FitbitMobile
2026.09.18 09:50:41,09:50:41,111,com.android.healthconnect.phone.jd7cdc53389aa3a9ebd124ea7a13f1035
2026.09.18 09:51:00,09:51:00,112,com.fitbit.FitbitMobile
2026.09.18 09:51:41,09:51:41,112,com.android.healthconnect.phone.jd7cdc53389aa3a9ebd124ea7a13f1035
2026.09.18 09:52:00,09:52:00,113,com.fitbit.FitbitMobile
2026.09.18 09:52:41,09:52:41,110,com.android.healthconnect.phone.jd7cdc53389aa3a9ebd124ea7a13f1035
2026.09.18 09:53:00,09:53:00,108,com.fitbit.FitbitMobile
2026.09.18 09:53:41,09:53:41,140,com.android.healthconnect.phone.jd7cdc53389aa3a9ebd124ea7a13f1035
2026.09.18 09:54:00,09:54:00,95,com.fitbit.FitbitMobile
2026.09.18 09:55:00,09:55:00,30,com.fitbit.FitbitMobile
2026.09.18 09:55:12,09:55:12,69,com.android.healthconnect.phone.jd7cdc53389aa3a9ebd124ea7a13f1035
2026.09.18 09:56:00,09:56:00,108,com.fitbit.FitbitMobile
2026.09.18 09:56:27,09:56:27,152,com.android.healthconnect.phone.jd7cdc53389aa3a9ebd124ea7a13f1035
2026.09.18 09:57:00,09:57:00,96,com.fitbit.FitbitMobile
2026.09.18 09:57:57,09:57:57,116,com.android.healthconnect.phone.jd7cdc53389aa3a9ebd124ea7a13f1035
2026.09.18 09:58:00,09:58:00,97,com.fitbit.FitbitMobile
2026.09.18 09:59:00,09:59:00,106,com.fitbit.FitbitMobile
2026.09.18 09:59:09,09:59:09,105,com.android.healthconnect.phone.jd7cdc53389aa3a9ebd124ea7a13f1035
2026.09.18 10:00:00,10:00:00,1039,com.huami.watch.hmwatchmanager
2026.09.18 10:00:00,10:00:00,107,com.fitbit.FitbitMobile
2026.09.18 10:00:09,10:00:09,106,com.android.healthconnect.phone.jd7cdc53389aa3a9ebd124ea7a13f1035
2026.09.18 10:01:00,10:01:00,105,com.fitbit.FitbitMobile
2026.09.18 10:01:09,10:01:09,106,com.android.healthconnect.phone.jd7cdc53389aa3a9ebd124ea7a13f1035
2026.09.18 10:02:00,10:02:00,106,com.fitbit.FitbitMobile
2026.09.18 10:02:09,10:02:09,189,com.android.healthconnect.phone.jd7cdc53389aa3a9ebd124ea7a13f1035
2026.09.18 10:03:00,10:03:00,108,com.fitbit.FitbitMobile
2026.09.18 10:03:55,10:03:55,103,com.android.healthconnect.phone.jd7cdc53389aa3a9ebd124ea7a13f1035
2026.09.18 10:04:00,10:04:00,103,com.fitbit.FitbitMobile
2026.09.18 10:04:55,10:04:55,104,com.android.healthconnect.phone.jd7cdc53389aa3a9ebd124ea7a13f1035
2026.09.18 10:05:00,10:05:00,103,com.fitbit.FitbitMobile
2026.09.18 10:05:55,10:05:55,190,com.android.healthconnect.phone.jd7cdc53389aa3a9ebd124ea7a13f1035
2026.09.18 10:06:00,10:06:00,104,com.fitbit.FitbitMobile
2026.09.18 10:07:00,10:07:00,107,com.fitbit.FitbitMobile
2026.09.18 10:07:44,10:07:44,107,com.android.healthconnect.phone.jd7cdc53389aa3a9ebd124ea7a13f1035
2026.09.18 10:08:00,10:08:00,105,com.fitbit.FitbitMobile
2026.09.18 10:08:44,10:08:44,106,com.android.healthconnect.phone.jd7cdc53389aa3a9ebd124ea7a13f1035
2026.09.18 10:09:00,10:09:00,85,com.fitbit.FitbitMobile
2026.09.18 10:09:57,10:09:57,111,com.android.healthconnect.phone.jd7cdc53389aa3a9ebd124ea7a13f1035
2026.09.18 10:10:00,10:10:00,1031,com.huami.watch.hmwatchmanager
2026.09.18 10:10:00,10:10:00,111,com.fitbit.FitbitMobile
2026.09.18 10:10:57,10:10:57,113,com.android.healthconnect.phone.jd7cdc53389aa3a9ebd124ea7a13f1035
2026.09.18 10:11:00,10:11:00,112,com.fitbit.FitbitMobile
2026.09.18 10:11:57,10:11:57,111,com.android.healthconnect.phone.jd7cdc53389aa3a9ebd124ea7a13f1035
2026.09.18 10:12:00,10:12:00,111,com.fitbit.FitbitMobile
2026.09.18 10:12:57,10:12:57,107,com.android.healthconnect.phone.jd7cdc53389aa3a9ebd124ea7a13f1035
2026.09.18 10:13:00,10:13:00,107,com.fitbit.FitbitMobile
2026.09.18 10:13:56,10:13:56,266,com.android.healthconnect.phone.jd7cdc53389aa3a9ebd124ea7a13f1035
2026.09.18 10:14:00,10:14:00,47,com.fitbit.FitbitMobile
2026.09.18 10:15:00,10:15:00,111,com.fitbit.FitbitMobile
2026.09.18 10:16:00,10:16:00,112,com.fitbit.FitbitMobile
2026.09.18 10:16:55,10:16:55,466,com.android.healthconnect.phone.jd7cdc53389aa3a9ebd124ea7a13f1035
2026.09.18 10:17:00,10:17:00,113,com.fitbit.FitbitMobile
2026.09.18 10:18:00,10:18:00,112,com.fitbit.FitbitMobile
2026.09.18 10:19:00,10:19:00,111,com.fitbit.FitbitMobile
2026.09.18 10:20:00,10:20:00,1012,com.huami.watch.hmwatchmanager
2026.09.18 10:20:00,10:20:00,111,com.fitbit.FitbitMobile
2026.09.18 10:21:00,10:21:00,111,com.fitbit.FitbitMobile
2026.09.18 10:21:05,10:21:05,250,com.android.healthconnect.phone.jd7cdc53389aa3a9ebd124ea7a13f1035
2026.09.18 10:22:00,10:22:00,112,com.fitbit.FitbitMobile
2026.09.18 10:23:00,10:23:00,99,com.fitbit.FitbitMobile
2026.09.18 10:23:20,10:23:20,92,com.android.healthconnect.phone.jd7cdc53389aa3a9ebd124ea7a13f1035
2026.09.18 10:24:00,10:24:00,100,com.fitbit.FitbitMobile
2026.09.18 10:24:20,10:24:20,107,com.android.healthconnect.phone.jd7cdc53389aa3a9ebd124ea7a13f1035
2026.09.18 10:25:00,10:25:00,109,com.fitbit.FitbitMobile
2026.09.18 10:25:20,10:25:20,111,com.android.healthconnect.phone.jd7cdc53389aa3a9ebd124ea7a13f1035
2026.09.18 10:26:00,10:26:00,113,com.fitbit.FitbitMobile
2026.09.18 10:26:20,10:26:20,113,com.android.healthconnect.phone.jd7cdc53389aa3a9ebd124ea7a13f1035
2026.09.18 10:27:00,10:27:00,84,com.fitbit.FitbitMobile
2026.09.18 10:27:20,10:27:20,56,com.android.healthconnect.phone.jd7cdc53389aa3a9ebd124ea7a13f1035
2026.09.18 10:28:00,10:28:00,42,com.fitbit.FitbitMobile
2026.09.18 10:28:09,10:28:09,64,com.android.healthconnect.phone.jd7cdc53389aa3a9ebd124ea7a13f1035
2026.09.18 10:29:00,10:29:00,106,com.fitbit.FitbitMobile
2026.09.18 10:29:20,10:29:20,111,com.android.healthconnect.phone.jd7cdc53389aa3a9ebd124ea7a13f1035
2026.09.18 10:30:00,10:30:00,868,com.huami.watch.hmwatchmanager
2026.09.18 10:30:00,10:30:00,108,com.fitbit.FitbitMobile
2026.09.18 10:30:20,10:30:20,102,com.android.healthconnect.phone.jd7cdc53389aa3a9ebd124ea7a13f1035
2026.09.18 10:31:00,10:31:00,103,com.fitbit.FitbitMobile
2026.09.18 10:31:18,10:31:18,109,com.android.healthconnect.phone.jd7cdc53389aa3a9ebd124ea7a13f1035
2026.09.18 10:32:00,10:32:00,85,com.fitbit.FitbitMobile
2026.09.18 10:32:20,10:32:20,47,com.android.healthconnect.phone.jd7cdc53389aa3a9ebd124ea7a13f1035
2026.09.18 10:33:00,10:33:00,1,com.fitbit.FitbitMobile
2026.09.18 10:34:00,10:34:00,26,com.fitbit.FitbitMobile
2026.09.18 10:34:34,10:34:34,7,com.android.healthconnect.phone.jd7cdc53389aa3a9ebd124ea7a13f1035
2026.09.18 10:34:48,10:34:48,106,com.android.healthconnect.phone.jd7cdc53389aa3a9ebd124ea7a13f1035
2026.09.18 10:35:00,10:35:00,107,com.fitbit.FitbitMobile
2026.09.18 10:35:48,10:35:48,108,com.android.healthconnect.phone.jd7cdc53389aa3a9ebd124ea7a13f1035
2026.09.18 10:36:00,10:36:00,108,com.fitbit.FitbitMobile
2026.09.18 10:36:48,10:36:48,110,com.android.healthconnect.phone.jd7cdc53389aa3a9ebd124ea7a13f1035
2026.09.18 10:37:00,10:37:00,109,com.fitbit.FitbitMobile
2026.09.18 10:37:48,10:37:48,206,com.android.healthconnect.phone.jd7cdc53389aa3a9ebd124ea7a13f1035
2026.09.18 10:38:00,10:38:00,108,com.fitbit.FitbitMobile
2026.09.18 10:39:00,10:39:00,109,com.fitbit.FitbitMobile
2026.09.18 10:39:43,10:39:43,110,com.android.healthconnect.phone.jd7cdc53389aa3a9ebd124ea7a13f1035
2026.09.18 10:40:00,10:40:00,1038,com.huami.watch.hmwatchmanager
2026.09.18 10:40:00,10:40:00,109,com.fitbit.FitbitMobile
2026.09.18 10:40:43,10:40:43,109,com.android.healthconnect.phone.jd7cdc53389aa3a9ebd124ea7a13f1035
2026.09.18 10:41:00,10:41:00,108,com.fitbit.FitbitMobile
2026.09.18 10:41:43,10:41:43,118,com.android.healthconnect.phone.jd7cdc53389aa3a9ebd124ea7a13f1035
2026.09.18 10:42:00,10:42:00,103,com.fitbit.FitbitMobile
2026.09.18 10:42:51,10:42:51,103,com.android.healthconnect.phone.jd7cdc53389aa3a9ebd124ea7a13f1035
2026.09.18 10:43:00,10:43:00,104,com.fitbit.FitbitMobile
2026.09.18 10:43:52,10:43:52,107,com.android.healthconnect.phone.jd7cdc53389aa3a9ebd124ea7a13f1035
2026.09.18 10:44:00,10:44:00,107,com.fitbit.FitbitMobile
2026.09.18 10:44:51,10:44:51,133,com.android.healthconnect.phone.jd7cdc53389aa3a9ebd124ea7a13f1035
2026.09.18 10:45:00,10:45:00,105,com.fitbit.FitbitMobile
2026.09.18 10:46:00,10:46:00,89,com.fitbit.FitbitMobile
2026.09.18 10:46:07,10:46:07,122,com.android.healthconnect.phone.jd7cdc53389aa3a9ebd124ea7a13f1035
2026.09.18 10:47:00,10:47:00,106,com.fitbit.FitbitMobile
2026.09.18 10:47:27,10:47:27,179,com.android.healthconnect.phone.jd7cdc53389aa3a9ebd124ea7a13f1035
2026.09.18 10:48:00,10:48:00,111,com.fitbit.FitbitMobile
2026.09.18 10:49:00,10:49:00,108,com.fitbit.FitbitMobile
2026.09.18 10:49:04,10:49:04,108,com.android.healthconnect.phone.jd7cdc53389aa3a9ebd124ea7a13f1035
2026.09.18 10:50:00,10:50:00,1038,com.huami.watch.hmwatchmanager
2026.09.18 10:50:00,10:50:00,95,com.fitbit.FitbitMobile
2026.09.18 10:50:04,10:50:04,96,com.android.healthconnect.phone.jd7cdc53389aa3a9ebd124ea7a13f1035
2026.09.18 10:51:00,10:51:00,106,com.fitbit.FitbitMobile
2026.09.18 10:51:04,10:51:04,104,com.android.healthconnect.phone.jd7cdc53389aa3a9ebd124ea7a13f1035
2026.09.18 10:52:00,10:52:00,99,com.fitbit.FitbitMobile
2026.09.18 10:52:04,10:52:04,140,com.android.healthconnect.phone.jd7cdc53389aa3a9ebd124ea7a13f1035
2026.09.18 10:53:00,10:53:00,103,com.fitbit.FitbitMobile
2026.09.18 10:53:28,10:53:28,155,com.android.healthconnect.phone.jd7cdc53389aa3a9ebd124ea7a13f1035
2026.09.18 10:54:00,10:54:00,102,com.fitbit.FitbitMobile
2026.09.18 10:54:59,10:54:59,108,com.android.healthconnect.phone.jd7cdc53389aa3a9ebd124ea7a13f1035
2026.09.18 10:55:00,10:55:00,108,com.fitbit.FitbitMobile
2026.09.18 10:55:59,10:55:59,112,com.android.healthconnect.phone.jd7cdc53389aa3a9ebd124ea7a13f1035
2026.09.18 10:56:00,10:56:00,112,com.fitbit.FitbitMobile
2026.09.18 10:56:59,10:56:59,147,com.android.healthconnect.phone.jd7cdc53389aa3a9ebd124ea7a13f1035
2026.09.18 10:57:00,10:57:00,112,com.fitbit.FitbitMobile
2026.09.18 10:58:00,10:58:00,111,com.fitbit.FitbitMobile
2026.09.18 10:58:17,10:58:17,385,com.android.healthconnect.phone.jd7cdc53389aa3a9ebd124ea7a13f1035
2026.09.18 10:59:00,10:59:00,109,com.fitbit.FitbitMobile
2026.09.18 11:00:00,11:00:00,1042,com.huami.watch.hmwatchmanager
2026.09.18 11:00:00,11:00:00,109,com.fitbit.FitbitMobile
2026.09.18 11:01:00,11:01:00,105,com.fitbit.FitbitMobile
2026.09.18 11:01:50,11:01:50,225,com.android.healthconnect.phone.jd7cdc53389aa3a9ebd124ea7a13f1035
2026.09.18 11:02:00,11:02:00,107,com.fitbit.FitbitMobile
2026.09.18 11:03:00,11:03:00,106,com.fitbit.FitbitMobile
2026.09.18 11:03:58,11:03:58,325,com.android.healthconnect.phone.jd7cdc53389aa3a9ebd124ea7a13f1035
2026.09.18 11:04:00,11:04:00,97,com.fitbit.FitbitMobile
2026.09.18 11:05:00,11:05:00,106,com.fitbit.FitbitMobile
2026.09.18 11:06:00,11:06:00,102,com.fitbit.FitbitMobile
2026.09.18 11:07:00,11:07:00,107,com.fitbit.FitbitMobile
2026.09.18 11:07:09,11:07:09,107,com.android.healthconnect.phone.jd7cdc53389aa3a9ebd124ea7a13f1035
2026.09.18 11:08:00,11:08:00,106,com.fitbit.FitbitMobile
2026.09.18 11:08:09,11:08:09,100,com.android.healthconnect.phone.jd7cdc53389aa3a9ebd124ea7a13f1035
2026.09.18 11:09:00,11:09:00,101,com.fitbit.FitbitMobile
2026.09.18 11:09:08,11:09:08,108,com.android.healthconnect.phone.jd7cdc53389aa3a9ebd124ea7a13f1035
2026.09.18 11:10:00,11:10:00,1009,com.huami.watch.hmwatchmanager
2026.09.18 11:10:00,11:10:00,95,com.fitbit.FitbitMobile
2026.09.18 11:10:09,11:10:09,89,com.android.healthconnect.phone.jd7cdc53389aa3a9ebd124ea7a13f1035
2026.09.18 11:11:00,11:11:00,69,com.fitbit.FitbitMobile
2026.09.18 11:11:09,11:11:09,70,com.android.healthconnect.phone.jd7cdc53389aa3a9ebd124ea7a13f1035
2026.09.18 11:12:00,11:12:00,96,com.fitbit.FitbitMobile
2026.09.18 11:12:09,11:12:09,99,com.android.healthconnect.phone.jd7cdc53389aa3a9ebd124ea7a13f1035
2026.09.18 11:13:00,11:13:00,97,com.fitbit.FitbitMobile
2026.09.18 11:13:09,11:13:09,97,com.android.healthconnect.phone.jd7cdc53389aa3a9ebd124ea7a13f1035
2026.09.18 11:14:00,11:14:00,99,com.fitbit.FitbitMobile
2026.09.18 11:14:09,11:14:09,99,com.android.healthconnect.phone.jd7cdc53389aa3a9ebd124ea7a13f1035
2026.09.18 11:15:00,11:15:00,107,com.fitbit.FitbitMobile
2026.09.18 11:15:09,11:15:09,109,com.android.healthconnect.phone.jd7cdc53389aa3a9ebd124ea7a13f1035
2026.09.18 11:16:00,11:16:00,113,com.fitbit.FitbitMobile
2026.09.18 11:16:09,11:16:09,112,com.android.healthconnect.phone.jd7cdc53389aa3a9ebd124ea7a13f1035
2026.09.18 11:17:00,11:17:00,106,com.fitbit.FitbitMobile
2026.09.18 11:17:09,11:17:09,106,com.android.healthconnect.phone.jd7cdc53389aa3a9ebd124ea7a13f1035
2026.09.18 11:18:00,11:18:00,110,com.fitbit.FitbitMobile
2026.09.18 11:18:09,11:18:09,111,com.android.healthconnect.phone.jd7cdc53389aa3a9ebd124ea7a13f1035
2026.09.18 11:19:00,11:19:00,111,com.fitbit.FitbitMobile
2026.09.18 11:19:09,11:19:09,110,com.android.healthconnect.phone.jd7cdc53389aa3a9ebd124ea7a13f1035
2026.09.18 11:20:00,11:20:00,1018,com.huami.watch.hmwatchmanager
2026.09.18 11:20:00,11:20:00,109,com.fitbit.FitbitMobile
2026.09.18 11:20:09,11:20:09,109,com.android.healthconnect.phone.jd7cdc53389aa3a9ebd124ea7a13f1035
2026.09.18 11:21:00,11:21:00,107,com.fitbit.FitbitMobile
2026.09.18 11:21:09,11:21:09,107,com.android.healthconnect.phone.jd7cdc53389aa3a9ebd124ea7a13f1035
2026.09.18 11:22:00,11:22:00,109,com.fitbit.FitbitMobile
2026.09.18 11:22:09,11:22:09,109,com.android.healthconnect.phone.jd7cdc53389aa3a9ebd124ea7a13f1035
2026.09.18 11:23:00,11:23:00,108,com.fitbit.FitbitMobile
2026.09.18 11:23:09,11:23:09,108,com.android.healthconnect.phone.jd7cdc53389aa3a9ebd124ea7a13f1035
2026.09.18 11:24:00,11:24:00,107,com.fitbit.FitbitMobile
2026.09.18 11:24:09,11:24:09,107,com.android.healthconnect.phone.jd7cdc53389aa3a9ebd124ea7a13f1035
2026.09.18 11:25:00,11:25:00,104,com.fitbit.FitbitMobile
2026.09.18 11:25:09,11:25:09,103,com.android.healthconnect.phone.jd7cdc53389aa3a9ebd124ea7a13f1035
2026.09.18 11:26:00,11:26:00,108,com.fitbit.FitbitMobile
2026.09.18 11:26:09,11:26:09,110,com.android.healthconnect.phone.jd7cdc53389aa3a9ebd124ea7a13f1035
2026.09.18 11:27:00,11:27:00,109,com.fitbit.FitbitMobile
2026.09.18 11:27:09,11:27:09,109,com.android.healthconnect.phone.jd7cdc53389aa3a9ebd124ea7a13f1035
2026.09.18 11:28:00,11:28:00,105,com.fitbit.FitbitMobile
2026.09.18 11:28:09,11:28:09,103,com.android.healthconnect.phone.jd7cdc53389aa3a9ebd124ea7a13f1035
2026.09.18 11:29:00,11:29:00,59,com.fitbit.FitbitMobile
2026.09.18 11:29:08,11:29:08,44,com.android.healthconnect.phone.jd7cdc53389aa3a9ebd124ea7a13f1035
2026.09.18 11:30:00,11:30:00,18,com.huami.watch.hmwatchmanager
2026.09.18 11:32:00,11:32:00,6,com.fitbit.FitbitMobile
2026.09.18 11:33:00,11:33:00,11,com.fitbit.FitbitMobile
2026.09.18 11:33:03,11:33:03,7,com.android.healthconnect.phone.jd7cdc53389aa3a9ebd124ea7a13f1035
2026.09.18 11:33:17,11:33:17,10,com.android.healthconnect.phone.jd7cdc53389aa3a9ebd124ea7a13f1035
2026.09.18 11:50:00,11:50:00,46,com.huami.watch.hmwatchmanager
2026.09.18 12:10:00,12:10:00,35,com.huami.watch.hmwatchmanager
2026.09.18 12:16:00,12:16:00,5,com.fitbit.FitbitMobile
2026.09.18 12:17:00,12:17:00,11,com.fitbit.FitbitMobile
2026.09.18 12:17:05,12:17:05,7,com.android.healthconnect.phone.jd7cdc53389aa3a9ebd124ea7a13f1035
2026.09.18 12:17:19,12:17:19,9,com.android.healthconnect.phone.jd7cdc53389aa3a9ebd124ea7a13f1035
2026.09.18 12:17:37,12:17:37,7,com.android.healthconnect.phone.jd7cdc53389aa3a9ebd124ea7a13f1035
2026.09.18 12:18:00,12:18:00,1,com.fitbit.FitbitMobile
2026.09.18 12:19:00,12:19:00,21,com.fitbit.FitbitMobile
2026.09.18 12:19:48,12:19:48,92,com.android.healthconnect.phone.jd7cdc53389aa3a9ebd124ea7a13f1035
2026.09.18 12:20:00,12:20:00,780,com.huami.watch.hmwatchmanager
2026.09.18 12:20:00,12:20:00,5,com.fitbit.FitbitMobile
2026.09.18 12:21:00,12:21:00,10,com.fitbit.FitbitMobile
2026.09.18 12:22:00,12:22:00,43,com.fitbit.FitbitMobile
2026.09.18 12:23:00,12:23:00,91,com.fitbit.FitbitMobile
2026.09.18 12:23:14,12:23:14,96,com.android.healthconnect.phone.jd7cdc53389aa3a9ebd124ea7a13f1035
2026.09.18 12:24:00,12:24:00,94,com.fitbit.FitbitMobile
2026.09.18 12:24:14,12:24:14,113,com.android.healthconnect.phone.jd7cdc53389aa3a9ebd124ea7a13f1035
2026.09.18 12:25:00,12:25:00,101,com.fitbit.FitbitMobile
2026.09.18 12:25:26,12:25:26,122,com.android.healthconnect.phone.jd7cdc53389aa3a9ebd124ea7a13f1035
2026.09.18 12:26:00,12:26:00,104,com.fitbit.FitbitMobile
2026.09.18 12:26:36,12:26:36,165,com.android.healthconnect.phone.jd7cdc53389aa3a9ebd124ea7a13f1035
2026.09.18 12:27:00,12:27:00,108,com.fitbit.FitbitMobile
2026.09.18 12:28:00,12:28:00,106,com.fitbit.FitbitMobile
2026.09.18 12:28:09,12:28:09,288,com.android.healthconnect.phone.jd7cdc53389aa3a9ebd124ea7a13f1035
2026.09.18 12:29:00,12:29:00,111,com.fitbit.FitbitMobile
2026.09.18 12:30:00,12:30:00,1006,com.huami.watch.hmwatchmanager
2026.09.18 12:30:00,12:30:00,110,com.fitbit.FitbitMobile
2026.09.18 12:30:47,12:30:47,122,com.android.healthconnect.phone.jd7cdc53389aa3a9ebd124ea7a13f1035
2026.09.18 12:31:00,12:31:00,109,com.fitbit.FitbitMobile
2026.09.18 12:31:55,12:31:55,125,com.android.healthconnect.phone.jd7cdc53389aa3a9ebd124ea7a13f1035
2026.09.18 12:32:00,12:32:00,103,com.fitbit.FitbitMobile
2026.09.18 12:33:00,12:33:00,80,com.fitbit.FitbitMobile
2026.09.18 12:33:16,12:33:16,226,com.android.healthconnect.phone.jd7cdc53389aa3a9ebd124ea7a13f1035
2026.09.18 12:34:00,12:34:00,96,com.fitbit.FitbitMobile
2026.09.18 12:35:00,12:35:00,82,com.fitbit.FitbitMobile
2026.09.18 12:35:51,12:35:51,273,com.android.healthconnect.phone.jd7cdc53389aa3a9ebd124ea7a13f1035
2026.09.18 12:36:00,12:36:00,100,com.fitbit.FitbitMobile
2026.09.18 12:37:00,12:37:00,105,com.fitbit.FitbitMobile
2026.09.18 12:38:00,12:38:00,108,com.fitbit.FitbitMobile
2026.09.18 12:38:27,12:38:27,191,com.android.healthconnect.phone.jd7cdc53389aa3a9ebd124ea7a13f1035
2026.09.18 12:39:00,12:39:00,108,com.fitbit.FitbitMobile
2026.09.18 12:40:00,12:40:00,1081,com.huami.watch.hmwatchmanager
2026.09.18 12:40:00,12:40:00,108,com.fitbit.FitbitMobile
2026.09.18 12:40:13,12:40:13,108,com.android.healthconnect.phone.jd7cdc53389aa3a9ebd124ea7a13f1035
2026.09.18 12:41:00,12:41:00,110,com.fitbit.FitbitMobile
2026.09.18 12:41:13,12:41:13,110,com.android.healthconnect.phone.jd7cdc53389aa3a9ebd124ea7a13f1035
2026.09.18 12:42:00,12:42:00,108,com.fitbit.FitbitMobile
2026.09.18 12:42:13,12:42:13,125,com.android.healthconnect.phone.jd7cdc53389aa3a9ebd124ea7a13f1035
2026.09.18 12:43:00,12:43:00,109,com.fitbit.FitbitMobile
2026.09.18 12:43:22,12:43:22,354,com.android.healthconnect.phone.jd7cdc53389aa3a9ebd124ea7a13f1035
2026.09.18 12:44:00,12:44:00,112,com.fitbit.FitbitMobile
2026.09.18 12:45:00,12:45:00,106,com.fitbit.FitbitMobile
2026.09.18 12:46:00,12:46:00,109,com.fitbit.FitbitMobile
2026.09.18 12:46:38,12:46:38,109,com.android.healthconnect.phone.jd7cdc53389aa3a9ebd124ea7a13f1035
2026.09.18 12:47:00,12:47:00,109,com.fitbit.FitbitMobile
2026.09.18 12:47:37,12:47:37,111,com.android.healthconnect.phone.jd7cdc53389aa3a9ebd124ea7a13f1035
2026.09.18 12:48:00,12:48:00,111,com.fitbit.FitbitMobile
2026.09.18 12:48:38,12:48:38,114,com.android.healthconnect.phone.jd7cdc53389aa3a9ebd124ea7a13f1035
2026.09.18 12:49:00,12:49:00,114,com.fitbit.FitbitMobile
2026.09.18 12:49:38,12:49:38,161,com.android.healthconnect.phone.jd7cdc53389aa3a9ebd124ea7a13f1035
2026.09.18 12:50:00,12:50:00,1069,com.huami.watch.hmwatchmanager
2026.09.18 12:50:00,12:50:00,108,com.fitbit.FitbitMobile
2026.09.18 12:51:00,12:51:00,107,com.fitbit.FitbitMobile
2026.09.18 12:51:06,12:51:06,155,com.android.healthconnect.phone.jd7cdc53389aa3a9ebd124ea7a13f1035
2026.09.18 12:52:00,12:52:00,103,com.fitbit.FitbitMobile
2026.09.18 12:52:33,12:52:33,193,com.android.healthconnect.phone.jd7cdc53389aa3a9ebd124ea7a13f1035
2026.09.18 12:53:00,12:53:00,112,com.fitbit.FitbitMobile
2026.09.18 12:54:00,12:54:00,108,com.fitbit.FitbitMobile
2026.09.18 12:54:20,12:54:20,107,com.android.healthconnect.phone.jd7cdc53389aa3a9ebd124ea7a13f1035
2026.09.18 12:55:00,12:55:00,110,com.fitbit.FitbitMobile
2026.09.18 12:55:20,12:55:20,109,com.android.healthconnect.phone.jd7cdc53389aa3a9ebd124ea7a13f1035
2026.09.18 12:56:00,12:56:00,109,com.fitbit.FitbitMobile
2026.09.18 12:56:20,12:56:20,110,com.android.healthconnect.phone.jd7cdc53389aa3a9ebd124ea7a13f1035
2026.09.18 12:57:00,12:57:00,109,com.fitbit.FitbitMobile
2026.09.18 12:57:20,12:57:20,117,com.android.healthconnect.phone.jd7cdc53389aa3a9ebd124ea7a13f1035
2026.09.18 12:58:00,12:58:00,106,com.fitbit.FitbitMobile
2026.09.18 12:58:25,12:58:25,172,com.android.healthconnect.phone.jd7cdc53389aa3a9ebd124ea7a13f1035
2026.09.18 12:59:00,12:59:00,102,com.fitbit.FitbitMobile
2026.09.18 13:00:00,13:00:00,1018,com.huami.watch.hmwatchmanager
2026.09.18 13:00:00,13:00:00,109,com.fitbit.FitbitMobile
2026.09.18 13:00:05,13:00:05,129,com.android.healthconnect.phone.jd7cdc53389aa3a9ebd124ea7a13f1035
2026.09.18 13:01:00,13:01:00,113,com.fitbit.FitbitMobile
2026.09.18 13:01:15,13:01:15,141,com.android.healthconnect.phone.jd7cdc53389aa3a9ebd124ea7a13f1035
2026.09.18 13:02:00,13:02:00,112,com.fitbit.FitbitMobile
2026.09.18 13:02:30,13:02:30,193,com.android.healthconnect.phone.jd7cdc53389aa3a9ebd124ea7a13f1035
2026.09.18 13:03:00,13:03:00,99,com.fitbit.FitbitMobile
2026.09.18 13:04:00,13:04:00,66,com.fitbit.FitbitMobile
2026.09.18 13:04:26,13:04:26,215,com.android.healthconnect.phone.jd7cdc53389aa3a9ebd124ea7a13f1035
2026.09.18 13:05:00,13:05:00,102,com.fitbit.FitbitMobile
2026.09.18 13:06:00,13:06:00,108,com.fitbit.FitbitMobile
2026.09.18 13:06:48,13:06:48,126,com.android.healthconnect.phone.jd7cdc53389aa3a9ebd124ea7a13f1035
2026.09.18 13:07:00,13:07:00,109,com.fitbit.FitbitMobile
2026.09.18 13:07:57,13:07:57,105,com.android.healthconnect.phone.jd7cdc53389aa3a9ebd124ea7a13f1035
2026.09.18 13:08:00,13:08:00,104,com.fitbit.FitbitMobile
2026.09.18 13:08:57,13:08:57,95,com.android.healthconnect.phone.jd7cdc53389aa3a9ebd124ea7a13f1035
2026.09.18 13:09:00,13:09:00,95,com.fitbit.FitbitMobile
2026.09.18 13:09:58,13:09:58,96,com.android.healthconnect.phone.jd7cdc53389aa3a9ebd124ea7a13f1035
2026.09.18 13:10:00,13:10:00,554,com.huami.watch.hmwatchmanager
2026.09.18 13:10:00,13:10:00,96,com.fitbit.FitbitMobile
2026.09.18 13:10:57,13:10:57,102,com.android.healthconnect.phone.jd7cdc53389aa3a9ebd124ea7a13f1035
2026.09.18 13:11:00,13:11:00,102,com.fitbit.FitbitMobile
2026.09.18 13:11:57,13:11:57,84,com.android.healthconnect.phone.jd7cdc53389aa3a9ebd124ea7a13f1035
2026.09.18 13:12:00,13:12:00,89,com.fitbit.FitbitMobile
2026.09.18 13:12:52,13:12:52,93,com.android.healthconnect.phone.jd7cdc53389aa3a9ebd124ea7a13f1035
2026.09.18 13:13:00,13:13:00,88,com.fitbit.FitbitMobile
2026.09.18 13:13:58,13:13:58,101,com.android.healthconnect.phone.jd7cdc53389aa3a9ebd124ea7a13f1035
2026.09.18 13:14:00,13:14:00,100,com.fitbit.FitbitMobile
2026.09.18 13:14:57,13:14:57,76,com.android.healthconnect.phone.jd7cdc53389aa3a9ebd124ea7a13f1035
2026.09.18 13:15:00,13:15:00,73,com.fitbit.FitbitMobile
2026.09.18 13:20:00,13:20:00,142,com.huami.watch.hmwatchmanager
2026.09.18 13:25:00,13:25:00,6,com.fitbit.FitbitMobile
2026.09.18 13:26:00,13:26:00,70,com.fitbit.FitbitMobile
2026.09.18 13:26:01,13:26:01,7,com.android.healthconnect.phone.jd7cdc53389aa3a9ebd124ea7a13f1035
2026.09.18 13:26:15,13:26:15,152,com.android.healthconnect.phone.jd7cdc53389aa3a9ebd124ea7a13f1035
2026.09.18 13:27:00,13:27:00,76,com.fitbit.FitbitMobile
2026.09.18 13:28:00,13:28:00,7,com.fitbit.FitbitMobile
2026.09.18 13:30:00,13:30:00,14,com.huami.watch.hmwatchmanager
2026.09.18 13:33:00,13:33:00,3,com.fitbit.FitbitMobile
2026.09.18 13:34:00,13:34:00,22,com.fitbit.FitbitMobile
2026.09.18 13:34:21,13:34:21,8,com.android.healthconnect.phone.jd7cdc53389aa3a9ebd124ea7a13f1035
2026.09.18 13:34:37,13:34:37,17,com.android.healthconnect.phone.jd7cdc53389aa3a9ebd124ea7a13f1035
2026.09.18 13:34:53,13:34:53,7,com.android.healthconnect.phone.jd7cdc53389aa3a9ebd124ea7a13f1035
2026.09.18 13:40:00,13:40:00,1,com.fitbit.FitbitMobile
2026.09.18 13:41:00,13:41:00,7,com.fitbit.FitbitMobile
2026.09.18 13:41:52,13:41:52,9,com.android.healthconnect.phone.jd7cdc53389aa3a9ebd124ea7a13f1035
2026.09.18 13:42:00,13:42:00,8,com.fitbit.FitbitMobile
2026.09.18 13:48:00,13:48:00,1,com.fitbit.FitbitMobile
2026.09.18 13:49:00,13:49:00,5,com.fitbit.FitbitMobile
2026.09.18 13:49:36,13:49:36,6,com.android.healthconnect.phone.jd7cdc53389aa3a9ebd124ea7a13f1035
2026.09.18 13:50:00,13:50:00,24,com.huami.watch.hmwatchmanager
2026.09.18 13:55:00,13:55:00,1,com.fitbit.FitbitMobile
2026.09.18 13:56:00,13:56:00,9,com.fitbit.FitbitMobile
2026.09.18 13:56:39,13:56:39,8,com.android.healthconnect.phone.jd7cdc53389aa3a9ebd124ea7a13f1035
2026.09.18 13:56:55,13:56:55,2,com.android.healthconnect.phone.jd7cdc53389aa3a9ebd124ea7a13f1035
2026.09.18 14:00:00,14:00:00,3,com.huami.watch.hmwatchmanager
2026.09.18 14:10:00,14:10:00,35,com.huami.watch.hmwatchmanager
2026.09.18 14:20:00,14:20:00,39,com.huami.watch.hmwatchmanager
2026.09.18 14:30:00,14:30:00,3,com.huami.watch.hmwatchmanager
2026.09.18 15:20:00,15:20:00,10,com.huami.watch.hmwatchmanager
2026.09.18 15:24:00,15:24:00,7,com.fitbit.FitbitMobile
2026.09.18 15:24:49,15:24:49,7,com.android.healthconnect.phone.jd7cdc53389aa3a9ebd124ea7a13f1035
2026.09.18 15:25:00,15:25:00,2,com.fitbit.FitbitMobile
2026.09.18 15:25:03,15:25:03,2,com.android.healthconnect.phone.jd7cdc53389aa3a9ebd124ea7a13f1035
2026.09.18 18:00:00,18:00:00,9,com.huami.watch.hmwatchmanager
2026.09.18 18:10:00,18:10:00,247,com.huami.watch.hmwatchmanager
2026.09.18 18:10:00,18:10:00,2,com.fitbit.FitbitMobile
2026.09.18 18:11:00,18:11:00,10,com.fitbit.FitbitMobile
2026.09.18 18:11:32,18:11:32,7,com.android.healthconnect.phone.jd7cdc53389aa3a9ebd124ea7a13f1035
2026.09.18 18:11:46,18:11:46,77,com.android.healthconnect.phone.jd7cdc53389aa3a9ebd124ea7a13f1035
2026.09.18 18:12:00,18:12:00,23,com.fitbit.FitbitMobile
2026.09.18 18:13:00,18:13:00,77,com.fitbit.FitbitMobile
2026.09.18 18:13:34,18:13:34,50,com.android.healthconnect.phone.jd7cdc53389aa3a9ebd124ea7a13f1035
2026.09.18 18:14:00,18:14:00,22,com.fitbit.FitbitMobile
2026.09.18 18:14:57,18:14:57,41,com.android.healthconnect.phone.jd7cdc53389aa3a9ebd124ea7a13f1035
2026.09.18 18:16:00,18:16:00,9,com.fitbit.FitbitMobile
2026.09.18 18:17:00,18:17:00,18,com.fitbit.FitbitMobile
2026.09.18 18:18:00,18:18:00,14,com.fitbit.FitbitMobile
2026.09.18 18:18:34,18:18:34,43,com.android.healthconnect.phone.jd7cdc53389aa3a9ebd124ea7a13f1035
2026.09.18 18:19:00,18:19:00,5,com.fitbit.FitbitMobile
2026.09.18 18:20:00,18:20:00,129,com.huami.watch.hmwatchmanager
2026.09.18 18:20:00,18:20:00,17,com.fitbit.FitbitMobile
2026.09.18 18:22:00,18:22:00,8,com.fitbit.FitbitMobile
2026.09.18 18:23:00,18:23:00,17,com.fitbit.FitbitMobile
2026.09.18 18:23:12,18:23:12,4,com.android.healthconnect.phone.jd7cdc53389aa3a9ebd124ea7a13f1035
2026.09.18 18:25:00,18:25:00,4,com.fitbit.FitbitMobile
2026.09.18 18:26:00,18:26:00,36,com.fitbit.FitbitMobile
2026.09.18 18:26:14,18:26:14,7,com.android.healthconnect.phone.jd7cdc53389aa3a9ebd124ea7a13f1035
2026.09.18 18:26:28,18:26:28,104,com.android.healthconnect.phone.jd7cdc53389aa3a9ebd124ea7a13f1035
2026.09.18 18:27:00,18:27:00,71,com.fitbit.FitbitMobile
2026.09.18 18:27:48,18:27:48,17,com.android.healthconnect.phone.jd7cdc53389aa3a9ebd124ea7a13f1035
2026.09.18 18:28:00,18:28:00,8,com.fitbit.FitbitMobile
2026.09.18 18:29:00,18:29:00,9,com.fitbit.FitbitMobile
2026.09.18 18:29:08,18:29:08,6,com.android.healthconnect.phone.jd7cdc53389aa3a9ebd124ea7a13f1035
2026.09.18 18:30:00,18:30:00,38,com.huami.watch.hmwatchmanager
2026.09.18 18:31:00,18:31:00,2,com.fitbit.FitbitMobile
2026.09.18 18:32:00,18:32:00,4,com.fitbit.FitbitMobile
2026.09.18 18:40:00,18:40:00,670,com.huami.watch.hmwatchmanager
2026.09.18 18:41:00,18:41:00,9,com.fitbit.FitbitMobile
2026.09.18 18:41:44,18:41:44,7,com.android.healthconnect.phone.jd7cdc53389aa3a9ebd124ea7a13f1035
2026.09.18 18:41:58,18:41:58,129,com.android.healthconnect.phone.jd7cdc53389aa3a9ebd124ea7a13f1035
2026.09.18 18:42:00,18:42:00,15,com.fitbit.FitbitMobile
2026.09.18 18:43:00,18:43:00,87,com.fitbit.FitbitMobile
2026.09.18 18:44:00,18:44:00,90,com.fitbit.FitbitMobile
2026.09.18 18:44:17,18:44:17,94,com.android.healthconnect.phone.jd7cdc53389aa3a9ebd124ea7a13f1035
2026.09.18 18:45:00,18:45:00,102,com.fitbit.FitbitMobile
2026.09.18 18:45:17,18:45:17,101,com.android.healthconnect.phone.jd7cdc53389aa3a9ebd124ea7a13f1035
2026.09.18 18:46:00,18:46:00,99,com.fitbit.FitbitMobile
2026.09.18 18:46:17,18:46:17,90,com.android.healthconnect.phone.jd7cdc53389aa3a9ebd124ea7a13f1035
2026.09.18 18:47:00,18:47:00,96,com.fitbit.FitbitMobile
2026.09.18 18:47:11,18:47:11,104,com.android.healthconnect.phone.jd7cdc53389aa3a9ebd124ea7a13f1035
2026.09.18 18:48:00,18:48:00,92,com.fitbit.FitbitMobile
2026.09.18 18:48:16,18:48:16,98,com.android.healthconnect.phone.jd7cdc53389aa3a9ebd124ea7a13f1035
2026.09.18 18:49:00,18:49:00,86,com.fitbit.FitbitMobile
2026.09.18 18:49:22,18:49:22,85,com.android.healthconnect.phone.jd7cdc53389aa3a9ebd124ea7a13f1035
2026.09.18 18:50:00,18:50:00,681,com.huami.watch.hmwatchmanager
2026.09.18 18:50:00,18:50:00,61,com.fitbit.FitbitMobile
2026.09.18 18:50:22,18:50:22,51,com.android.healthconnect.phone.jd7cdc53389aa3a9ebd124ea7a13f1035
2026.09.18 18:51:00,18:51:00,40,com.fitbit.FitbitMobile
2026.09.18 18:51:22,18:51:22,18,com.android.healthconnect.phone.jd7cdc53389aa3a9ebd124ea7a13f1035
2026.09.18 18:52:00,18:52:00,5,com.fitbit.FitbitMobile
2026.09.18 18:53:00,18:53:00,38,com.fitbit.FitbitMobile
2026.09.18 18:53:13,18:53:13,7,com.android.healthconnect.phone.jd7cdc53389aa3a9ebd124ea7a13f1035
2026.09.18 18:53:27,18:53:27,61,com.android.healthconnect.phone.jd7cdc53389aa3a9ebd124ea7a13f1035
2026.09.18 18:54:00,18:54:00,75,com.fitbit.FitbitMobile
2026.09.18 18:54:27,18:54:27,95,com.android.healthconnect.phone.jd7cdc53389aa3a9ebd124ea7a13f1035
2026.09.18 18:55:00,18:55:00,95,com.fitbit.FitbitMobile
2026.09.18 18:55:27,18:55:27,112,com.android.healthconnect.phone.jd7cdc53389aa3a9ebd124ea7a13f1035
2026.09.18 18:56:00,18:56:00,87,com.fitbit.FitbitMobile
2026.09.18 18:56:42,18:56:42,88,com.android.healthconnect.phone.jd7cdc53389aa3a9ebd124ea7a13f1035
2026.09.18 18:57:00,18:57:00,87,com.fitbit.FitbitMobile
2026.09.18 18:57:43,18:57:43,90,com.android.healthconnect.phone.jd7cdc53389aa3a9ebd124ea7a13f1035
2026.09.18 18:58:00,18:58:00,90,com.fitbit.FitbitMobile
2026.09.18 18:58:44,18:58:44,95,com.android.healthconnect.phone.jd7cdc53389aa3a9ebd124ea7a13f1035
2026.09.18 18:59:00,18:59:00,98,com.fitbit.FitbitMobile
2026.09.18 18:59:44,18:59:44,99,com.android.healthconnect.phone.jd7cdc53389aa3a9ebd124ea7a13f1035
2026.09.18 19:00:00,19:00:00,736,com.huami.watch.hmwatchmanager
2026.09.18 19:00:00,19:00:00,90,com.fitbit.FitbitMobile
2026.09.18 19:00:43,19:00:43,87,com.android.healthconnect.phone.jd7cdc53389aa3a9ebd124ea7a13f1035
2026.09.18 19:01:00,19:01:00,88,com.fitbit.FitbitMobile
2026.09.18 19:01:48,19:01:48,73,com.android.healthconnect.phone.jd7cdc53389aa3a9ebd124ea7a13f1035
2026.09.18 19:02:00,19:02:00,56,com.fitbit.FitbitMobile
2026.09.18 19:02:58,19:02:58,69,com.android.healthconnect.phone.jd7cdc53389aa3a9ebd124ea7a13f1035
2026.09.18 19:03:00,19:03:00,74,com.fitbit.FitbitMobile
2026.09.18 19:03:50,19:03:50,46,com.android.healthconnect.phone.jd7cdc53389aa3a9ebd124ea7a13f1035
2026.09.18 19:04:00,19:04:00,42,com.fitbit.FitbitMobile
2026.09.18 19:04:58,19:04:58,97,com.android.healthconnect.phone.jd7cdc53389aa3a9ebd124ea7a13f1035
2026.09.18 19:05:00,19:05:00,76,com.fitbit.FitbitMobile
2026.09.18 19:06:00,19:06:00,77,com.fitbit.FitbitMobile
2026.09.18 19:06:15,19:06:15,148,com.android.healthconnect.phone.jd7cdc53389aa3a9ebd124ea7a13f1035
2026.09.18 19:07:00,19:07:00,88,com.fitbit.FitbitMobile
2026.09.18 19:08:00,19:08:00,27,com.fitbit.FitbitMobile
2026.09.18 19:08:00,19:08:00,38,com.android.healthconnect.phone.jd7cdc53389aa3a9ebd124ea7a13f1035
2026.09.18 19:09:00,19:09:00,24,com.fitbit.FitbitMobile
2026.09.18 19:09:53,19:09:53,117,com.android.healthconnect.phone.jd7cdc53389aa3a9ebd124ea7a13f1035
2026.09.18 19:10:00,19:10:00,187,com.huami.watch.hmwatchmanager
2026.09.18 19:10:00,19:10:00,67,com.fitbit.FitbitMobile
2026.09.18 19:11:00,19:11:00,72,com.fitbit.FitbitMobile
2026.09.18 19:11:31,19:11:31,36,com.android.healthconnect.phone.jd7cdc53389aa3a9ebd124ea7a13f1035
2026.09.18 19:12:00,19:12:00,2,com.fitbit.FitbitMobile
2026.09.18 19:17:00,19:17:00,1,com.fitbit.FitbitMobile
2026.09.18 19:18:00,19:18:00,6,com.fitbit.FitbitMobile
2026.09.18 19:18:36,19:18:36,7,com.android.healthconnect.phone.jd7cdc53389aa3a9ebd124ea7a13f1035
2026.09.18 19:20:00,19:20:00,145,com.huami.watch.hmwatchmanager
2026.09.18 19:27:00,19:27:00,5,com.fitbit.FitbitMobile
2026.09.18 19:28:00,19:28:00,63,com.fitbit.FitbitMobile
2026.09.18 19:28:03,19:28:03,8,com.android.healthconnect.phone.jd7cdc53389aa3a9ebd124ea7a13f1035
2026.09.18 19:28:19,19:28:19,118,com.android.healthconnect.phone.jd7cdc53389aa3a9ebd124ea7a13f1035
2026.09.18 19:29:00,19:29:00,95,com.fitbit.FitbitMobile
2026.09.18 19:29:35,19:29:35,90,com.android.healthconnect.phone.jd7cdc53389aa3a9ebd124ea7a13f1035
2026.09.18 19:30:00,19:30:00,756,com.huami.watch.hmwatchmanager
2026.09.18 19:30:00,19:30:00,93,com.fitbit.FitbitMobile
2026.09.18 19:30:34,19:30:34,96,com.android.healthconnect.phone.jd7cdc53389aa3a9ebd124ea7a13f1035
2026.09.18 19:31:00,19:31:00,96,com.fitbit.FitbitMobile
2026.09.18 19:31:35,19:31:35,96,com.android.healthconnect.phone.jd7cdc53389aa3a9ebd124ea7a13f1035
2026.09.18 19:32:00,19:32:00,84,com.fitbit.FitbitMobile
2026.09.18 19:32:35,19:32:35,80,com.android.healthconnect.phone.jd7cdc53389aa3a9ebd124ea7a13f1035
2026.09.18 19:33:00,19:33:00,93,com.fitbit.FitbitMobile
2026.09.18 19:33:35,19:33:35,133,com.android.healthconnect.phone.jd7cdc53389aa3a9ebd124ea7a13f1035
2026.09.18 19:34:00,19:34:00,95,com.fitbit.FitbitMobile
2026.09.18 19:35:00,19:35:00,95,com.fitbit.FitbitMobile
2026.09.18 19:35:00,19:35:00,96,com.android.healthconnect.phone.jd7cdc53389aa3a9ebd124ea7a13f1035
2026.09.18 19:35:59,19:35:59,170,com.android.healthconnect.phone.jd7cdc53389aa3a9ebd124ea7a13f1035
2026.09.18 19:36:00,19:36:00,97,com.fitbit.FitbitMobile
2026.09.18 19:37:00,19:37:00,81,com.fitbit.FitbitMobile
2026.09.18 19:37:53,19:37:53,14,com.android.healthconnect.phone.jd7cdc53389aa3a9ebd124ea7a13f1035
2026.09.18 19:38:00,19:38:00,4,com.fitbit.FitbitMobile
2026.09.18 19:40:00,19:40:00,6,com.huami.watch.hmwatchmanager
2026.09.18 19:48:00,19:48:00,1,com.fitbit.FitbitMobile
2026.09.18 19:49:00,19:49:00,16,com.fitbit.FitbitMobile
2026.09.18 19:49:39,19:49:39,7,com.android.healthconnect.phone.jd7cdc53389aa3a9ebd124ea7a13f1035
2026.09.18 19:49:53,19:49:53,79,com.android.healthconnect.phone.jd7cdc53389aa3a9ebd124ea7a13f1035
2026.09.18 19:50:00,19:50:00,577,com.huami.watch.hmwatchmanager
2026.09.18 19:50:00,19:50:00,69,com.fitbit.FitbitMobile
2026.09.18 19:52:00,19:52:00,8,com.fitbit.FitbitMobile
2026.09.18 19:52:44,19:52:44,7,com.android.healthconnect.phone.jd7cdc53389aa3a9ebd124ea7a13f1035
2026.09.18 19:52:58,19:52:58,20,com.android.healthconnect.phone.jd7cdc53389aa3a9ebd124ea7a13f1035
2026.09.18 19:53:00,19:53:00,25,com.fitbit.FitbitMobile
2026.09.18 19:53:26,19:53:26,33,com.android.healthconnect.phone.jd7cdc53389aa3a9ebd124ea7a13f1035
2026.09.18 19:54:00,19:54:00,28,com.fitbit.FitbitMobile
2026.09.18 19:54:51,19:54:51,35,com.android.healthconnect.phone.jd7cdc53389aa3a9ebd124ea7a13f1035
2026.09.18 19:55:00,19:55:00,37,com.fitbit.FitbitMobile
2026.09.18 19:55:58,19:55:58,105,com.android.healthconnect.phone.jd7cdc53389aa3a9ebd124ea7a13f1035
2026.09.18 19:56:00,19:56:00,101,com.fitbit.FitbitMobile
2026.09.18 19:57:00,19:57:00,103,com.fitbit.FitbitMobile
2026.09.18 19:57:00,19:57:00,117,com.android.healthconnect.phone.jd7cdc53389aa3a9ebd124ea7a13f1035
2026.09.18 19:58:00,19:58:00,57,com.fitbit.FitbitMobile
2026.09.18 19:58:09,19:58:09,80,com.android.healthconnect.phone.jd7cdc53389aa3a9ebd124ea7a13f1035
2026.09.18 19:59:00,19:59:00,101,com.fitbit.FitbitMobile
2026.09.18 19:59:23,19:59:23,104,com.android.healthconnect.phone.jd7cdc53389aa3a9ebd124ea7a13f1035
2026.09.18 20:00:00,20:00:00,99,com.huami.watch.hmwatchmanager
2026.09.18 20:00:00,20:00:00,101,com.fitbit.FitbitMobile
2026.09.18 20:00:23,20:00:23,125,com.android.healthconnect.phone.jd7cdc53389aa3a9ebd124ea7a13f1035
2026.09.18 20:01:00,20:01:00,89,com.fitbit.FitbitMobile
2026.09.18 20:01:42,20:01:42,88,com.android.healthconnect.phone.jd7cdc53389aa3a9ebd124ea7a13f1035
2026.09.18 20:02:00,20:02:00,95,com.fitbit.FitbitMobile
2026.09.18 20:02:41,20:02:41,78,com.android.healthconnect.phone.jd7cdc53389aa3a9ebd124ea7a13f1035
2026.09.18 20:03:00,20:03:00,56,com.fitbit.FitbitMobile
2026.09.18 20:03:42,20:03:42,9,com.android.healthconnect.phone.jd7cdc53389aa3a9ebd124ea7a13f1035
2026.09.18 20:20:00,20:20:00,19,com.huami.watch.hmwatchmanager
2026.09.18 21:50:00,21:50:00,7,com.huami.watch.hmwatchmanager
2026.09.18 21:57:00,21:57:00,3,com.fitbit.FitbitMobile
2026.09.18 21:58:00,21:58:00,13,com.fitbit.FitbitMobile
2026.09.18 21:58:17,21:58:17,15,com.android.healthconnect.phone.jd7cdc53389aa3a9ebd124ea7a13f1035
2026.09.18 21:58:47,21:58:47,1,com.android.healthconnect.phone.jd7cdc53389aa3a9ebd124ea7a13f1035
2026.09.18 22:00:00,22:00:00,11,com.huami.watch.hmwatchmanager
2026.09.18 22:05:00,22:05:00,3,com.fitbit.FitbitMobile
2026.09.18 22:06:00,22:06:00,6,com.fitbit.FitbitMobile
2026.09.18 22:06:19,22:06:19,6,com.android.healthconnect.phone.jd7cdc53389aa3a9ebd124ea7a13f1035
2026.09.18 22:06:31,22:06:31,3,com.android.healthconnect.phone.jd7cdc53389aa3a9ebd124ea7a13f1035
2026.09.18 23:00:00,23:00:00,3,com.huami.watch.hmwatchmanager
2026.09.19 02:30:00,02:30:00,7,com.huami.watch.hmwatchmanager
2026.09.19 05:20:00,05:20:00,7,com.huami.watch.hmwatchmanager
2026.09.19 06:40:00,06:40:00,11,com.huami.watch.hmwatchmanager
2026.09.19 06:50:00,06:50:00,29,com.huami.watch.hmwatchmanager
2026.09.19 07:00:00,07:00:00,10,com.huami.watch.hmwatchmanager
2026.09.19 07:10:00,07:10:00,30,com.huami.watch.hmwatchmanager
2026.09.19 07:20:00,07:20:00,8,com.huami.watch.hmwatchmanager
2026.09.19 07:22:00,07:22:00,5,com.fitbit.FitbitMobile
2026.09.19 07:22:59,07:22:59,6,com.android.healthconnect.phone.jd7cdc53389aa3a9ebd124ea7a13f1035
2026.09.19 07:23:00,07:23:00,2,com.fitbit.FitbitMobile
2026.09.19 07:23:11,07:23:11,42,com.android.healthconnect.phone.jd7cdc53389aa3a9ebd124ea7a13f1035
2026.09.19 07:26:00,07:26:00,1,com.fitbit.FitbitMobile
2026.09.19 07:27:00,07:27:00,20,com.fitbit.FitbitMobile
2026.09.19 07:28:00,07:28:00,64,com.fitbit.FitbitMobile
2026.09.19 07:28:13,07:28:13,163,com.android.healthconnect.phone.jd7cdc53389aa3a9ebd124ea7a13f1035
2026.09.19 07:29:00,07:29:00,94,com.fitbit.FitbitMobile
2026.09.19 07:30:00,07:30:00,1022,com.huami.watch.hmwatchmanager
2026.09.19 07:30:00,07:30:00,75,com.fitbit.FitbitMobile
2026.09.19 07:30:15,07:30:15,132,com.android.healthconnect.phone.jd7cdc53389aa3a9ebd124ea7a13f1035
2026.09.19 07:31:00,07:31:00,50,com.fitbit.FitbitMobile
2026.09.19 07:32:00,07:32:00,105,com.fitbit.FitbitMobile
2026.09.19 07:32:19,07:32:19,436,com.android.healthconnect.phone.jd7cdc53389aa3a9ebd124ea7a13f1035
2026.09.19 07:33:00,07:33:00,108,com.fitbit.FitbitMobile
2026.09.19 07:34:00,07:34:00,115,com.fitbit.FitbitMobile
2026.09.19 07:35:00,07:35:00,114,com.fitbit.FitbitMobile
2026.09.19 07:36:00,07:36:00,110,com.fitbit.FitbitMobile
2026.09.19 07:36:13,07:36:13,220,com.android.healthconnect.phone.jd7cdc53389aa3a9ebd124ea7a13f1035
2026.09.19 07:37:00,07:37:00,109,com.fitbit.FitbitMobile
2026.09.19 07:38:00,07:38:00,110,com.fitbit.FitbitMobile
2026.09.19 07:38:14,07:38:14,504,com.android.healthconnect.phone.jd7cdc53389aa3a9ebd124ea7a13f1035
2026.09.19 07:39:00,07:39:00,112,com.fitbit.FitbitMobile
2026.09.19 07:40:00,07:40:00,1098,com.huami.watch.hmwatchmanager
2026.09.19 07:40:00,07:40:00,113,com.fitbit.FitbitMobile
2026.09.19 07:41:00,07:41:00,111,com.fitbit.FitbitMobile
2026.09.19 07:42:00,07:42:00,116,com.fitbit.FitbitMobile
2026.09.19 07:42:44,07:42:44,229,com.android.healthconnect.phone.jd7cdc53389aa3a9ebd124ea7a13f1035
2026.09.19 07:43:00,07:43:00,115,com.fitbit.FitbitMobile
2026.09.19 07:44:00,07:44:00,109,com.fitbit.FitbitMobile
2026.09.19 07:44:46,07:44:46,374,com.android.healthconnect.phone.jd7cdc53389aa3a9ebd124ea7a13f1035
2026.09.19 07:45:00,07:45:00,111,com.fitbit.FitbitMobile
2026.09.19 07:46:00,07:46:00,111,com.fitbit.FitbitMobile
2026.09.19 07:47:00,07:47:00,110,com.fitbit.FitbitMobile
2026.09.19 07:48:00,07:48:00,114,com.fitbit.FitbitMobile
2026.09.19 07:48:08,07:48:08,532,com.android.healthconnect.phone.jd7cdc53389aa3a9ebd124ea7a13f1035
2026.09.19 07:49:00,07:49:00,110,com.fitbit.FitbitMobile
2026.09.19 07:50:00,07:50:00,1086,com.huami.watch.hmwatchmanager
2026.09.19 07:50:00,07:50:00,111,com.fitbit.FitbitMobile
2026.09.19 07:51:00,07:51:00,113,com.fitbit.FitbitMobile
2026.09.19 07:52:00,07:52:00,110,com.fitbit.FitbitMobile
2026.09.19 07:52:55,07:52:55,451,com.android.healthconnect.phone.jd7cdc53389aa3a9ebd124ea7a13f1035
2026.09.19 07:53:00,07:53:00,114,com.fitbit.FitbitMobile
2026.09.19 07:54:00,07:54:00,107,com.fitbit.FitbitMobile
2026.09.19 07:55:00,07:55:00,111,com.fitbit.FitbitMobile
2026.09.19 07:56:00,07:56:00,112,com.fitbit.FitbitMobile
2026.09.19 07:56:58,07:56:58,423,com.android.healthconnect.phone.jd7cdc53389aa3a9ebd124ea7a13f1035
2026.09.19 07:57:00,07:57:00,109,com.fitbit.FitbitMobile
2026.09.19 07:58:00,07:58:00,112,com.fitbit.FitbitMobile
2026.09.19 07:59:00,07:59:00,116,com.fitbit.FitbitMobile
2026.09.19 08:00:00,08:00:00,930,com.huami.watch.hmwatchmanager
2026.09.19 08:00:00,08:00:00,111,com.fitbit.FitbitMobile
2026.09.19 08:00:43,08:00:43,106,com.android.healthconnect.phone.jd7cdc53389aa3a9ebd124ea7a13f1035
2026.09.19 08:01:00,08:01:00,108,com.fitbit.FitbitMobile
2026.09.19 08:01:44,08:01:44,110,com.android.healthconnect.phone.jd7cdc53389aa3a9ebd124ea7a13f1035
2026.09.19 08:02:00,08:02:00,109,com.fitbit.FitbitMobile
2026.09.19 08:02:43,08:02:43,112,com.android.healthconnect.phone.jd7cdc53389aa3a9ebd124ea7a13f1035
2026.09.19 08:03:00,08:03:00,112,com.fitbit.FitbitMobile
2026.09.19 08:03:43,08:03:43,109,com.android.healthconnect.phone.jd7cdc53389aa3a9ebd124ea7a13f1035
2026.09.19 08:04:00,08:04:00,110,com.fitbit.FitbitMobile
2026.09.19 08:04:44,08:04:44,114,com.android.healthconnect.phone.jd7cdc53389aa3a9ebd124ea7a13f1035
2026.09.19 08:05:00,08:05:00,115,com.fitbit.FitbitMobile
2026.09.19 08:05:43,08:05:43,114,com.android.healthconnect.phone.jd7cdc53389aa3a9ebd124ea7a13f1035
2026.09.19 08:06:00,08:06:00,113,com.fitbit.FitbitMobile
2026.09.19 08:06:44,08:06:44,109,com.android.healthconnect.phone.jd7cdc53389aa3a9ebd124ea7a13f1035
2026.09.19 08:07:00,08:07:00,109,com.fitbit.FitbitMobile
2026.09.19 08:07:43,08:07:43,93,com.android.healthconnect.phone.jd7cdc53389aa3a9ebd124ea7a13f1035
2026.09.19 08:08:00,08:08:00,63,com.fitbit.FitbitMobile
2026.09.19 08:09:00,08:09:00,4,com.fitbit.FitbitMobile
2026.09.19 08:10:00,08:10:00,977,com.huami.watch.hmwatchmanager
2026.09.19 08:10:00,08:10:00,52,com.fitbit.FitbitMobile
2026.09.19 08:10:13,08:10:13,8,com.android.healthconnect.phone.jd7cdc53389aa3a9ebd124ea7a13f1035
2026.09.19 08:10:29,08:10:29,180,com.android.healthconnect.phone.jd7cdc53389aa3a9ebd124ea7a13f1035
2026.09.19 08:11:00,08:11:00,104,com.fitbit.FitbitMobile
2026.09.19 08:12:00,08:12:00,106,com.fitbit.FitbitMobile
2026.09.19 08:12:16,08:12:16,169,com.android.healthconnect.phone.jd7cdc53389aa3a9ebd124ea7a13f1035
2026.09.19 08:13:00,08:13:00,103,com.fitbit.FitbitMobile
2026.09.19 08:13:52,08:13:52,101,com.android.healthconnect.phone.jd7cdc53389aa3a9ebd124ea7a13f1035
2026.09.19 08:14:00,08:14:00,101,com.fitbit.FitbitMobile
2026.09.19 08:14:52,08:14:52,99,com.android.healthconnect.phone.jd7cdc53389aa3a9ebd124ea7a13f1035
2026.09.19 08:15:00,08:15:00,99,com.fitbit.FitbitMobile
2026.09.19 08:15:52,08:15:52,102,com.android.healthconnect.phone.jd7cdc53389aa3a9ebd124ea7a13f1035
2026.09.19 08:16:00,08:16:00,103,com.fitbit.FitbitMobile
2026.09.19 08:16:52,08:16:52,106,com.android.healthconnect.phone.jd7cdc53389aa3a9ebd124ea7a13f1035
2026.09.19 08:17:00,08:17:00,103,com.fitbit.FitbitMobile
2026.09.19 08:17:52,08:17:52,100,com.android.healthconnect.phone.jd7cdc53389aa3a9ebd124ea7a13f1035
2026.09.19 08:18:00,08:18:00,102,com.fitbit.FitbitMobile
2026.09.19 08:18:52,08:18:52,109,com.android.healthconnect.phone.jd7cdc53389aa3a9ebd124ea7a13f1035
2026.09.19 08:19:00,08:19:00,109,com.fitbit.FitbitMobile
2026.09.19 08:19:52,08:19:52,106,com.android.healthconnect.phone.jd7cdc53389aa3a9ebd124ea7a13f1035
2026.09.19 08:20:00,08:20:00,1044,com.huami.watch.hmwatchmanager
2026.09.19 08:20:00,08:20:00,106,com.fitbit.FitbitMobile
2026.09.19 08:20:52,08:20:52,115,com.android.healthconnect.phone.jd7cdc53389aa3a9ebd124ea7a13f1035
2026.09.19 08:21:00,08:21:00,103,com.fitbit.FitbitMobile
2026.09.19 08:21:59,08:21:59,105,com.android.healthconnect.phone.jd7cdc53389aa3a9ebd124ea7a13f1035
2026.09.19 08:22:00,08:22:00,105,com.fitbit.FitbitMobile
2026.09.19 08:23:00,08:23:00,108,com.fitbit.FitbitMobile
2026.09.19 08:23:00,08:23:00,108,com.android.healthconnect.phone.jd7cdc53389aa3a9ebd124ea7a13f1035
2026.09.19 08:23:59,08:23:59,182,com.android.healthconnect.phone.jd7cdc53389aa3a9ebd124ea7a13f1035
2026.09.19 08:24:00,08:24:00,106,com.fitbit.FitbitMobile
2026.09.19 08:25:00,08:25:00,101,com.fitbit.FitbitMobile
2026.09.19 08:25:45,08:25:45,126,com.android.healthconnect.phone.jd7cdc53389aa3a9ebd124ea7a13f1035
2026.09.19 08:26:00,08:26:00,108,com.fitbit.FitbitMobile
2026.09.19 08:26:56,08:26:56,106,com.android.healthconnect.phone.jd7cdc53389aa3a9ebd124ea7a13f1035
2026.09.19 08:27:00,08:27:00,105,com.fitbit.FitbitMobile
2026.09.19 08:27:56,08:27:56,103,com.android.healthconnect.phone.jd7cdc53389aa3a9ebd124ea7a13f1035
2026.09.19 08:28:00,08:28:00,104,com.fitbit.FitbitMobile
2026.09.19 08:28:55,08:28:55,107,com.android.healthconnect.phone.jd7cdc53389aa3a9ebd124ea7a13f1035
2026.09.19 08:29:00,08:29:00,107,com.fitbit.FitbitMobile
2026.09.19 08:29:56,08:29:56,204,com.android.healthconnect.phone.jd7cdc53389aa3a9ebd124ea7a13f1035
2026.09.19 08:30:00,08:30:00,636,com.huami.watch.hmwatchmanager
2026.09.19 08:30:00,08:30:00,107,com.fitbit.FitbitMobile
2026.09.19 08:31:00,08:31:00,106,com.fitbit.FitbitMobile
2026.09.19 08:31:50,08:31:50,102,com.android.healthconnect.phone.jd7cdc53389aa3a9ebd124ea7a13f1035
2026.09.19 08:32:00,08:32:00,103,com.fitbit.FitbitMobile
2026.09.19 08:32:50,08:32:50,112,com.android.healthconnect.phone.jd7cdc53389aa3a9ebd124ea7a13f1035
2026.09.19 08:33:00,08:33:00,113,com.fitbit.FitbitMobile
2026.09.19 08:33:50,08:33:50,114,com.android.healthconnect.phone.jd7cdc53389aa3a9ebd124ea7a13f1035
2026.09.19 08:34:00,08:34:00,113,com.fitbit.FitbitMobile
2026.09.19 08:34:50,08:34:50,210,com.android.healthconnect.phone.jd7cdc53389aa3a9ebd124ea7a13f1035
2026.09.19 08:35:00,08:35:00,111,com.fitbit.FitbitMobile
2026.09.19 08:36:00,08:36:00,109,com.fitbit.FitbitMobile
2026.09.19 08:36:45,08:36:45,192,com.android.healthconnect.phone.jd7cdc53389aa3a9ebd124ea7a13f1035
2026.09.19 08:37:00,08:37:00,110,com.fitbit.FitbitMobile
2026.09.19 08:38:00,08:38:00,104,com.fitbit.FitbitMobile
2026.09.19 08:38:30,08:38:30,179,com.android.healthconnect.phone.jd7cdc53389aa3a9ebd124ea7a13f1035
2026.09.19 08:39:00,08:39:00,109,com.fitbit.FitbitMobile
2026.09.19 08:40:00,08:40:00,1086,com.huami.watch.hmwatchmanager
2026.09.19 08:40:00,08:40:00,103,com.fitbit.FitbitMobile
2026.09.19 08:40:11,08:40:11,103,com.android.healthconnect.phone.jd7cdc53389aa3a9ebd124ea7a13f1035
2026.09.19 08:41:00,08:41:00,108,com.fitbit.FitbitMobile
2026.09.19 08:41:11,08:41:11,110,com.android.healthconnect.phone.jd7cdc53389aa3a9ebd124ea7a13f1035
2026.09.19 08:42:00,08:42:00,111,com.fitbit.FitbitMobile
2026.09.19 08:42:11,08:42:11,179,com.android.healthconnect.phone.jd7cdc53389aa3a9ebd124ea7a13f1035
2026.09.19 08:43:00,08:43:00,119,com.fitbit.FitbitMobile
2026.09.19 08:43:45,08:43:45,160,com.android.healthconnect.phone.jd7cdc53389aa3a9ebd124ea7a13f1035
2026.09.19 08:44:00,08:44:00,115,com.fitbit.FitbitMobile
2026.09.19 08:45:00,08:45:00,113,com.fitbit.FitbitMobile
2026.09.19 08:45:08,08:45:08,113,com.android.healthconnect.phone.jd7cdc53389aa3a9ebd124ea7a13f1035
2026.09.19 08:46:00,08:46:00,111,com.fitbit.FitbitMobile
2026.09.19 08:46:09,08:46:09,112,com.android.healthconnect.phone.jd7cdc53389aa3a9ebd124ea7a13f1035
2026.09.19 08:47:00,08:47:00,105,com.fitbit.FitbitMobile
2026.09.19 08:47:09,08:47:09,103,com.android.healthconnect.phone.jd7cdc53389aa3a9ebd124ea7a13f1035
2026.09.19 08:48:00,08:48:00,111,com.fitbit.FitbitMobile
2026.09.19 08:48:08,08:48:08,112,com.android.healthconnect.phone.jd7cdc53389aa3a9ebd124ea7a13f1035
2026.09.19 08:49:00,08:49:00,113,com.fitbit.FitbitMobile
2026.09.19 08:49:09,08:49:09,113,com.android.healthconnect.phone.jd7cdc53389aa3a9ebd124ea7a13f1035
2026.09.19 08:50:00,08:50:00,938,com.huami.watch.hmwatchmanager
2026.09.19 08:50:00,08:50:00,107,com.fitbit.FitbitMobile
2026.09.19 08:50:08,08:50:08,169,com.android.healthconnect.phone.jd7cdc53389aa3a9ebd124ea7a13f1035
2026.09.19 08:51:00,08:51:00,96,com.fitbit.FitbitMobile
2026.09.19 08:51:49,08:51:49,247,com.android.healthconnect.phone.jd7cdc53389aa3a9ebd124ea7a13f1035
2026.09.19 08:52:00,08:52:00,97,com.fitbit.FitbitMobile
2026.09.19 08:53:00,08:53:00,89,com.fitbit.FitbitMobile
2026.09.19 08:54:00,08:54:00,84,com.fitbit.FitbitMobile
2026.09.19 08:54:33,08:54:33,140,com.android.healthconnect.phone.jd7cdc53389aa3a9ebd124ea7a13f1035
2026.09.19 08:55:00,08:55:00,110,com.fitbit.FitbitMobile
2026.09.19 08:55:54,08:55:54,115,com.android.healthconnect.phone.jd7cdc53389aa3a9ebd124ea7a13f1035
2026.09.19 08:56:00,08:56:00,115,com.fitbit.FitbitMobile
2026.09.19 08:56:54,08:56:54,119,com.android.healthconnect.phone.jd7cdc53389aa3a9ebd124ea7a13f1035
2026.09.19 08:57:00,08:57:00,119,com.fitbit.FitbitMobile
2026.09.19 08:57:54,08:57:54,150,com.android.healthconnect.phone.jd7cdc53389aa3a9ebd124ea7a13f1035
2026.09.19 08:58:00,08:58:00,113,com.fitbit.FitbitMobile
2026.09.19 08:59:00,08:59:00,34,com.fitbit.FitbitMobile
2026.09.19 08:59:17,08:59:17,7,com.android.healthconnect.phone.jd7cdc53389aa3a9ebd124ea7a13f1035
2026.09.19 08:59:33,08:59:33,22,com.android.healthconnect.phone.jd7cdc53389aa3a9ebd124ea7a13f1035
2026.09.19 09:00:00,09:00:00,643,com.huami.watch.hmwatchmanager
2026.09.19 09:00:00,09:00:00,5,com.fitbit.FitbitMobile
2026.09.19 09:01:00,09:01:00,25,com.fitbit.FitbitMobile
2026.09.19 09:01:34,09:01:34,55,com.android.healthconnect.phone.jd7cdc53389aa3a9ebd124ea7a13f1035
2026.09.19 09:02:00,09:02:00,88,com.fitbit.FitbitMobile
2026.09.19 09:02:34,09:02:34,94,com.android.healthconnect.phone.jd7cdc53389aa3a9ebd124ea7a13f1035
2026.09.19 09:03:00,09:03:00,96,com.fitbit.FitbitMobile
2026.09.19 09:03:34,09:03:34,103,com.android.healthconnect.phone.jd7cdc53389aa3a9ebd124ea7a13f1035
2026.09.19 09:04:00,09:04:00,101,com.fitbit.FitbitMobile
2026.09.19 09:04:34,09:04:34,350,com.android.healthconnect.phone.jd7cdc53389aa3a9ebd124ea7a13f1035
2026.09.19 09:05:00,09:05:00,107,com.fitbit.FitbitMobile
2026.09.19 09:06:00,09:06:00,118,com.fitbit.FitbitMobile
2026.09.19 09:07:00,09:07:00,113,com.fitbit.FitbitMobile
2026.09.19 09:07:44,09:07:44,108,com.android.healthconnect.phone.jd7cdc53389aa3a9ebd124ea7a13f1035
2026.09.19 09:08:00,09:08:00,106,com.fitbit.FitbitMobile
2026.09.19 09:08:44,09:08:44,87,com.android.healthconnect.phone.jd7cdc53389aa3a9ebd124ea7a13f1035
2026.09.19 09:09:00,09:09:00,89,com.fitbit.FitbitMobile
2026.09.19 09:09:43,09:09:43,113,com.android.healthconnect.phone.jd7cdc53389aa3a9ebd124ea7a13f1035
2026.09.19 09:10:00,09:10:00,1040,com.huami.watch.hmwatchmanager
2026.09.19 09:10:00,09:10:00,114,com.fitbit.FitbitMobile
2026.09.19 09:10:44,09:10:44,114,com.android.healthconnect.phone.jd7cdc53389aa3a9ebd124ea7a13f1035
2026.09.19 09:11:00,09:11:00,115,com.fitbit.FitbitMobile
2026.09.19 09:11:44,09:11:44,114,com.android.healthconnect.phone.jd7cdc53389aa3a9ebd124ea7a13f1035
2026.09.19 09:12:00,09:12:00,113,com.fitbit.FitbitMobile
2026.09.19 09:12:43,09:12:43,110,com.android.healthconnect.phone.jd7cdc53389aa3a9ebd124ea7a13f1035
2026.09.19 09:13:00,09:13:00,106,com.fitbit.FitbitMobile
2026.09.19 09:13:44,09:13:44,87,com.android.healthconnect.phone.jd7cdc53389aa3a9ebd124ea7a13f1035
2026.09.19 09:14:00,09:14:00,77,com.fitbit.FitbitMobile
2026.09.19 09:14:36,09:14:36,88,com.android.healthconnect.phone.jd7cdc53389aa3a9ebd124ea7a13f1035
2026.09.19 09:15:00,09:15:00,101,com.fitbit.FitbitMobile
2026.09.19 09:15:43,09:15:43,371,com.android.healthconnect.phone.jd7cdc53389aa3a9ebd124ea7a13f1035
2026.09.19 09:16:00,09:16:00,112,com.fitbit.FitbitMobile
2026.09.19 09:17:00,09:17:00,112,com.fitbit.FitbitMobile
2026.09.19 09:18:00,09:18:00,112,com.fitbit.FitbitMobile
2026.09.19 09:19:00,09:19:00,101,com.fitbit.FitbitMobile
2026.09.19 09:19:03,09:19:03,121,com.android.healthconnect.phone.jd7cdc53389aa3a9ebd124ea7a13f1035
2026.09.19 09:20:00,09:20:00,976,com.huami.watch.hmwatchmanager
2026.09.19 09:20:00,09:20:00,106,com.fitbit.FitbitMobile
2026.09.19 09:20:14,09:20:14,106,com.android.healthconnect.phone.jd7cdc53389aa3a9ebd124ea7a13f1035
2026.09.19 09:21:00,09:21:00,107,com.fitbit.FitbitMobile
2026.09.19 09:21:14,09:21:14,110,com.android.healthconnect.phone.jd7cdc53389aa3a9ebd124ea7a13f1035
2026.09.19 09:22:00,09:22:00,114,com.fitbit.FitbitMobile
2026.09.19 09:22:15,09:22:15,114,com.android.healthconnect.phone.jd7cdc53389aa3a9ebd124ea7a13f1035
2026.09.19 09:23:00,09:23:00,111,com.fitbit.FitbitMobile
2026.09.19 09:23:15,09:23:15,110,com.android.healthconnect.phone.jd7cdc53389aa3a9ebd124ea7a13f1035
2026.09.19 09:24:00,09:24:00,110,com.fitbit.FitbitMobile
2026.09.19 09:24:15,09:24:15,110,com.android.healthconnect.phone.jd7cdc53389aa3a9ebd124ea7a13f1035
2026.09.19 09:25:00,09:25:00,111,com.fitbit.FitbitMobile
2026.09.19 09:25:15,09:25:15,110,com.android.healthconnect.phone.jd7cdc53389aa3a9ebd124ea7a13f1035
2026.09.19 09:26:00,09:26:00,111,com.fitbit.FitbitMobile
2026.09.19 09:26:14,09:26:14,112,com.android.healthconnect.phone.jd7cdc53389aa3a9ebd124ea7a13f1035
2026.09.19 09:27:00,09:27:00,111,com.fitbit.FitbitMobile
2026.09.19 09:27:14,09:27:14,110,com.android.healthconnect.phone.jd7cdc53389aa3a9ebd124ea7a13f1035
2026.09.19 09:28:00,09:28:00,68,com.fitbit.FitbitMobile
2026.09.19 09:28:15,09:28:15,41,com.android.healthconnect.phone.jd7cdc53389aa3a9ebd124ea7a13f1035
2026.09.19 09:28:59,09:28:59,37,com.android.healthconnect.phone.jd7cdc53389aa3a9ebd124ea7a13f1035
2026.09.19 09:29:00,09:29:00,38,com.fitbit.FitbitMobile
2026.09.19 09:29:56,09:29:56,18,com.android.healthconnect.phone.jd7cdc53389aa3a9ebd124ea7a13f1035
2026.09.19 09:30:00,09:30:00,462,com.huami.watch.hmwatchmanager
2026.09.19 09:30:00,09:30:00,19,com.fitbit.FitbitMobile
2026.09.19 09:30:46,09:30:46,67,com.android.healthconnect.phone.jd7cdc53389aa3a9ebd124ea7a13f1035
2026.09.19 09:31:00,09:31:00,46,com.fitbit.FitbitMobile
2026.09.19 09:32:00,09:32:00,24,com.fitbit.FitbitMobile
2026.09.19 09:32:15,09:32:15,5,com.android.healthconnect.phone.jd7cdc53389aa3a9ebd124ea7a13f1035
2026.09.19 09:33:00,09:33:00,2,com.fitbit.FitbitMobile
2026.09.19 09:34:00,09:34:00,20,com.fitbit.FitbitMobile
2026.09.19 09:34:27,09:34:27,7,com.android.healthconnect.phone.jd7cdc53389aa3a9ebd124ea7a13f1035
2026.09.19 09:34:41,09:34:41,57,com.android.healthconnect.phone.jd7cdc53389aa3a9ebd124ea7a13f1035
2026.09.19 09:35:00,09:35:00,74,com.fitbit.FitbitMobile
2026.09.19 09:35:41,09:35:41,106,com.android.healthconnect.phone.jd7cdc53389aa3a9ebd124ea7a13f1035
2026.09.19 09:36:00,09:36:00,107,com.fitbit.FitbitMobile
2026.09.19 09:36:41,09:36:41,102,com.android.healthconnect.phone.jd7cdc53389aa3a9ebd124ea7a13f1035
2026.09.19 09:37:00,09:37:00,102,com.fitbit.FitbitMobile
2026.09.19 09:37:41,09:37:41,156,com.android.healthconnect.phone.jd7cdc53389aa3a9ebd124ea7a13f1035
2026.09.19 09:38:00,09:38:00,105,com.fitbit.FitbitMobile
2026.09.19 09:39:00,09:39:00,49,com.fitbit.FitbitMobile
2026.09.19 09:39:11,09:39:11,52,com.android.healthconnect.phone.jd7cdc53389aa3a9ebd124ea7a13f1035
2026.09.19 09:40:00,09:40:00,1038,com.huami.watch.hmwatchmanager
2026.09.19 09:40:00,09:40:00,96,com.fitbit.FitbitMobile
2026.09.19 09:40:17,09:40:17,276,com.android.healthconnect.phone.jd7cdc53389aa3a9ebd124ea7a13f1035
2026.09.19 09:41:00,09:41:00,112,com.fitbit.FitbitMobile
2026.09.19 09:42:00,09:42:00,106,com.fitbit.FitbitMobile
2026.09.19 09:42:50,09:42:50,330,com.android.healthconnect.phone.jd7cdc53389aa3a9ebd124ea7a13f1035
2026.09.19 09:43:00,09:43:00,108,com.fitbit.FitbitMobile
2026.09.19 09:44:00,09:44:00,103,com.fitbit.FitbitMobile
2026.09.19 09:45:00,09:45:00,112,com.fitbit.FitbitMobile
2026.09.19 09:45:53,09:45:53,320,com.android.healthconnect.phone.jd7cdc53389aa3a9ebd124ea7a13f1035
2026.09.19 09:46:00,09:46:00,103,com.fitbit.FitbitMobile
2026.09.19 09:47:00,09:47:00,110,com.fitbit.FitbitMobile
2026.09.19 09:48:00,09:48:00,105,com.fitbit.FitbitMobile
2026.09.19 09:48:55,09:48:55,134,com.android.healthconnect.phone.jd7cdc53389aa3a9ebd124ea7a13f1035
2026.09.19 09:49:00,09:49:00,107,com.fitbit.FitbitMobile
2026.09.19 09:50:00,09:50:00,1038,com.huami.watch.hmwatchmanager
2026.09.19 09:50:00,09:50:00,108,com.fitbit.FitbitMobile
2026.09.19 09:50:10,09:50:10,108,com.android.healthconnect.phone.jd7cdc53389aa3a9ebd124ea7a13f1035
2026.09.19 09:51:00,09:51:00,93,com.fitbit.FitbitMobile
2026.09.19 09:51:10,09:51:10,90,com.android.healthconnect.phone.jd7cdc53389aa3a9ebd124ea7a13f1035
2026.09.19 09:52:00,09:52:00,106,com.fitbit.FitbitMobile
2026.09.19 09:52:10,09:52:10,109,com.android.healthconnect.phone.jd7cdc53389aa3a9ebd124ea7a13f1035
2026.09.19 09:53:00,09:53:00,112,com.fitbit.FitbitMobile
2026.09.19 09:53:10,09:53:10,113,com.android.healthconnect.phone.jd7cdc53389aa3a9ebd124ea7a13f1035
2026.09.19 09:54:00,09:54:00,107,com.fitbit.FitbitMobile
2026.09.19 09:54:10,09:54:10,135,com.android.healthconnect.phone.jd7cdc53389aa3a9ebd124ea7a13f1035
2026.09.19 09:55:00,09:55:00,105,com.fitbit.FitbitMobile
2026.09.19 09:55:27,09:55:27,138,com.android.healthconnect.phone.jd7cdc53389aa3a9ebd124ea7a13f1035
2026.09.19 09:56:00,09:56:00,108,com.fitbit.FitbitMobile
2026.09.19 09:56:45,09:56:45,112,com.android.healthconnect.phone.jd7cdc53389aa3a9ebd124ea7a13f1035
2026.09.19 09:57:00,09:57:00,109,com.fitbit.FitbitMobile
2026.09.19 09:57:46,09:57:46,107,com.android.healthconnect.phone.jd7cdc53389aa3a9ebd124ea7a13f1035
2026.09.19 09:58:00,09:58:00,108,com.fitbit.FitbitMobile
2026.09.19 09:58:45,09:58:45,230,com.android.healthconnect.phone.jd7cdc53389aa3a9ebd124ea7a13f1035
2026.09.19 09:59:00,09:59:00,107,com.fitbit.FitbitMobile
2026.09.19 10:00:00,10:00:00,105,com.huami.watch.hmwatchmanager
2026.09.19 10:00:00,10:00:00,107,com.fitbit.FitbitMobile
2026.09.19 10:00:54,10:00:54,274,com.android.healthconnect.phone.jd7cdc53389aa3a9ebd124ea7a13f1035
2026.09.19 10:01:00,10:01:00,109,com.fitbit.FitbitMobile
2026.09.19 10:02:00,10:02:00,114,com.fitbit.FitbitMobile
2026.09.19 10:03:00,10:03:00,108,com.fitbit.FitbitMobile
2026.09.19 10:03:23,10:03:23,111,com.android.healthconnect.phone.jd7cdc53389aa3a9ebd124ea7a13f1035
2026.09.19 10:04:00,10:04:00,115,com.fitbit.FitbitMobile
2026.09.19 10:04:23,10:04:23,117,com.android.healthconnect.phone.jd7cdc53389aa3a9ebd124ea7a13f1035
2026.09.19 10:05:00,10:05:00,116,com.fitbit.FitbitMobile
2026.09.19 10:05:24,10:05:24,123,com.android.healthconnect.phone.jd7cdc53389aa3a9ebd124ea7a13f1035
2026.09.19 10:06:00,10:06:00,95,com.fitbit.FitbitMobile
2026.09.19 10:06:28,10:06:28,65,com.android.healthconnect.phone.jd7cdc53389aa3a9ebd124ea7a13f1035
2026.09.19 10:07:00,10:07:00,47,com.fitbit.FitbitMobile
2026.09.19 10:07:26,10:07:26,183,com.android.healthconnect.phone.jd7cdc53389aa3a9ebd124ea7a13f1035
2026.09.19 10:08:00,10:08:00,95,com.fitbit.FitbitMobile
2026.09.19 10:09:00,10:09:00,113,com.fitbit.FitbitMobile
2026.09.19 10:09:34,10:09:34,113,com.android.healthconnect.phone.jd7cdc53389aa3a9ebd124ea7a13f1035
2026.09.19 10:10:00,10:10:00,1118,com.huami.watch.hmwatchmanager
2026.09.19 10:10:00,10:10:00,112,com.fitbit.FitbitMobile
2026.09.19 10:10:34,10:10:34,111,com.android.healthconnect.phone.jd7cdc53389aa3a9ebd124ea7a13f1035
2026.09.19 10:11:00,10:11:00,112,com.fitbit.FitbitMobile
2026.09.19 10:11:34,10:11:34,112,com.android.healthconnect.phone.jd7cdc53389aa3a9ebd124ea7a13f1035
2026.09.19 10:12:00,10:12:00,113,com.fitbit.FitbitMobile
2026.09.19 10:12:34,10:12:34,189,com.android.healthconnect.phone.jd7cdc53389aa3a9ebd124ea7a13f1035
2026.09.19 10:13:00,10:13:00,115,com.fitbit.FitbitMobile
2026.09.19 10:14:00,10:14:00,117,com.fitbit.FitbitMobile
2026.09.19 10:14:13,10:14:13,119,com.android.healthconnect.phone.jd7cdc53389aa3a9ebd124ea7a13f1035
2026.09.19 10:15:00,10:15:00,119,com.fitbit.FitbitMobile
2026.09.19 10:15:13,10:15:13,118,com.android.healthconnect.phone.jd7cdc53389aa3a9ebd124ea7a13f1035
2026.09.19 10:16:00,10:16:00,115,com.fitbit.FitbitMobile
2026.09.19 10:16:13,10:16:13,114,com.android.healthconnect.phone.jd7cdc53389aa3a9ebd124ea7a13f1035
2026.09.19 10:17:00,10:17:00,115,com.fitbit.FitbitMobile
2026.09.19 10:17:13,10:17:13,116,com.android.healthconnect.phone.jd7cdc53389aa3a9ebd124ea7a13f1035
2026.09.19 10:18:00,10:18:00,116,com.fitbit.FitbitMobile
2026.09.19 10:18:13,10:18:13,115,com.android.healthconnect.phone.jd7cdc53389aa3a9ebd124ea7a13f1035
2026.09.19 10:19:00,10:19:00,114,com.fitbit.FitbitMobile
2026.09.19 10:19:13,10:19:13,115,com.android.healthconnect.phone.jd7cdc53389aa3a9ebd124ea7a13f1035
2026.09.19 10:20:00,10:20:00,1091,com.huami.watch.hmwatchmanager
2026.09.19 10:20:00,10:20:00,108,com.fitbit.FitbitMobile
2026.09.19 10:20:13,10:20:13,119,com.android.healthconnect.phone.jd7cdc53389aa3a9ebd124ea7a13f1035
2026.09.19 10:21:00,10:21:00,106,com.fitbit.FitbitMobile
2026.09.19 10:21:19,10:21:19,101,com.android.healthconnect.phone.jd7cdc53389aa3a9ebd124ea7a13f1035
2026.09.19 10:22:00,10:22:00,106,com.fitbit.FitbitMobile
2026.09.19 10:22:19,10:22:19,110,com.android.healthconnect.phone.jd7cdc53389aa3a9ebd124ea7a13f1035
2026.09.19 10:23:00,10:23:00,112,com.fitbit.FitbitMobile
2026.09.19 10:23:19,10:23:19,113,com.android.healthconnect.phone.jd7cdc53389aa3a9ebd124ea7a13f1035
2026.09.19 10:24:00,10:24:00,110,com.fitbit.FitbitMobile
2026.09.19 10:24:19,10:24:19,108,com.android.healthconnect.phone.jd7cdc53389aa3a9ebd124ea7a13f1035
2026.09.19 10:25:00,10:25:00,108,com.fitbit.FitbitMobile
2026.09.19 10:25:19,10:25:19,108,com.android.healthconnect.phone.jd7cdc53389aa3a9ebd124ea7a13f1035
2026.09.19 10:26:00,10:26:00,110,com.fitbit.FitbitMobile
2026.09.19 10:26:19,10:26:19,111,com.android.healthconnect.phone.jd7cdc53389aa3a9ebd124ea7a13f1035
2026.09.19 10:27:00,10:27:00,105,com.fitbit.FitbitMobile
2026.09.19 10:27:20,10:27:20,101,com.android.healthconnect.phone.jd7cdc53389aa3a9ebd124ea7a13f1035
2026.09.19 10:28:00,10:28:00,111,com.fitbit.FitbitMobile
2026.09.19 10:28:19,10:28:19,119,com.android.healthconnect.phone.jd7cdc53389aa3a9ebd124ea7a13f1035
2026.09.19 10:29:00,10:29:00,119,com.fitbit.FitbitMobile
2026.09.19 10:29:19,10:29:19,117,com.android.healthconnect.phone.jd7cdc53389aa3a9ebd124ea7a13f1035
2026.09.19 10:30:00,10:30:00,1002,com.huami.watch.hmwatchmanager
2026.09.19 10:30:00,10:30:00,116,com.fitbit.FitbitMobile
2026.09.19 10:30:20,10:30:20,118,com.android.healthconnect.phone.jd7cdc53389aa3a9ebd124ea7a13f1035
2026.09.19 10:31:00,10:31:00,118,com.fitbit.FitbitMobile
2026.09.19 10:31:19,10:31:19,114,com.android.healthconnect.phone.jd7cdc53389aa3a9ebd124ea7a13f1035
2026.09.19 10:32:00,10:32:00,110,com.fitbit.FitbitMobile
2026.09.19 10:32:19,10:32:19,111,com.android.healthconnect.phone.jd7cdc53389aa3a9ebd124ea7a13f1035
2026.09.19 10:33:00,10:33:00,101,com.fitbit.FitbitMobile
2026.09.19 10:33:19,10:33:19,96,com.android.healthconnect.phone.jd7cdc53389aa3a9ebd124ea7a13f1035
2026.09.19 10:34:00,10:34:00,100,com.fitbit.FitbitMobile
2026.09.19 10:34:19,10:34:19,103,com.android.healthconnect.phone.jd7cdc53389aa3a9ebd124ea7a13f1035
2026.09.19 10:35:00,10:35:00,106,com.fitbit.FitbitMobile
2026.09.19 10:35:19,10:35:19,90,com.android.healthconnect.phone.jd7cdc53389aa3a9ebd124ea7a13f1035
2026.09.19 10:36:00,10:36:00,91,com.fitbit.FitbitMobile
2026.09.19 10:36:17,10:36:17,108,com.android.healthconnect.phone.jd7cdc53389aa3a9ebd124ea7a13f1035
2026.09.19 10:37:00,10:37:00,109,com.fitbit.FitbitMobile
2026.09.19 10:37:19,10:37:19,134,com.android.healthconnect.phone.jd7cdc53389aa3a9ebd124ea7a13f1035
2026.09.19 10:38:00,10:38:00,97,com.fitbit.FitbitMobile
2026.09.19 10:38:33,10:38:33,90,com.android.healthconnect.phone.jd7cdc53389aa3a9ebd124ea7a13f1035
2026.09.19 10:39:00,10:39:00,50,com.fitbit.FitbitMobile
2026.09.19 10:40:00,10:40:00,653,com.huami.watch.hmwatchmanager
2026.09.19 10:40:00,10:40:00,102,com.fitbit.FitbitMobile
2026.09.19 10:40:02,10:40:02,106,com.android.healthconnect.phone.jd7cdc53389aa3a9ebd124ea7a13f1035
2026.09.19 10:41:00,10:41:00,89,com.fitbit.FitbitMobile
2026.09.19 10:41:04,10:41:04,79,com.android.healthconnect.phone.jd7cdc53389aa3a9ebd124ea7a13f1035
2026.09.19 10:41:57,10:41:57,50,com.android.healthconnect.phone.jd7cdc53389aa3a9ebd124ea7a13f1035
2026.09.19 10:42:00,10:42:00,48,com.fitbit.FitbitMobile
2026.09.19 10:43:00,10:43:00,5,com.fitbit.FitbitMobile
2026.09.19 10:44:00,10:44:00,52,com.fitbit.FitbitMobile
2026.09.19 10:44:09,10:44:09,8,com.android.healthconnect.phone.jd7cdc53389aa3a9ebd124ea7a13f1035
2026.09.19 10:44:25,10:44:25,77,com.android.healthconnect.phone.jd7cdc53389aa3a9ebd124ea7a13f1035
2026.09.19 10:45:00,10:45:00,37,com.fitbit.FitbitMobile
2026.09.19 10:45:50,10:45:50,84,com.android.healthconnect.phone.jd7cdc53389aa3a9ebd124ea7a13f1035
2026.09.19 10:46:00,10:46:00,70,com.fitbit.FitbitMobile
2026.09.19 10:47:00,10:47:00,90,com.fitbit.FitbitMobile
2026.09.19 10:47:06,10:47:06,196,com.android.healthconnect.phone.jd7cdc53389aa3a9ebd124ea7a13f1035
2026.09.19 10:48:00,10:48:00,89,com.fitbit.FitbitMobile
2026.09.19 10:49:00,10:49:00,107,com.fitbit.FitbitMobile
2026.09.19 10:49:13,10:49:13,222,com.android.healthconnect.phone.jd7cdc53389aa3a9ebd124ea7a13f1035
2026.09.19 10:50:00,10:50:00,1074,com.huami.watch.hmwatchmanager
2026.09.19 10:50:00,10:50:00,114,com.fitbit.FitbitMobile
2026.09.19 10:51:00,10:51:00,88,com.fitbit.FitbitMobile
2026.09.19 10:51:11,10:51:11,97,com.android.healthconnect.phone.jd7cdc53389aa3a9ebd124ea7a13f1035
2026.09.19 10:52:00,10:52:00,107,com.fitbit.FitbitMobile
2026.09.19 10:52:17,10:52:17,134,com.android.healthconnect.phone.jd7cdc53389aa3a9ebd124ea7a13f1035
2026.09.19 10:53:00,10:53:00,108,com.fitbit.FitbitMobile
2026.09.19 10:53:33,10:53:33,113,com.android.healthconnect.phone.jd7cdc53389aa3a9ebd124ea7a13f1035
2026.09.19 10:54:00,10:54:00,114,com.fitbit.FitbitMobile
2026.09.19 10:54:33,10:54:33,115,com.android.healthconnect.phone.jd7cdc53389aa3a9ebd124ea7a13f1035
2026.09.19 10:55:00,10:55:00,114,com.fitbit.FitbitMobile
2026.09.19 10:55:34,10:55:34,110,com.android.healthconnect.phone.jd7cdc53389aa3a9ebd124ea7a13f1035
2026.09.19 10:56:00,10:56:00,107,com.fitbit.FitbitMobile
2026.09.19 10:56:33,10:56:33,129,com.android.healthconnect.phone.jd7cdc53389aa3a9ebd124ea7a13f1035
2026.09.19 10:57:00,10:57:00,100,com.fitbit.FitbitMobile
2026.09.19 10:57:52,10:57:52,109,com.android.healthconnect.phone.jd7cdc53389aa3a9ebd124ea7a13f1035
2026.09.19 10:58:00,10:58:00,106,com.fitbit.FitbitMobile
2026.09.19 10:58:52,10:58:52,114,com.android.healthconnect.phone.jd7cdc53389aa3a9ebd124ea7a13f1035
2026.09.19 10:59:00,10:59:00,115,com.fitbit.FitbitMobile
2026.09.19 10:59:52,10:59:52,109,com.android.healthconnect.phone.jd7cdc53389aa3a9ebd124ea7a13f1035
2026.09.19 11:00:00,11:00:00,112,com.huami.watch.hmwatchmanager
2026.09.19 11:00:00,11:00:00,106,com.fitbit.FitbitMobile
2026.09.19 11:00:52,11:00:52,110,com.android.healthconnect.phone.jd7cdc53389aa3a9ebd124ea7a13f1035
2026.09.19 11:01:00,11:01:00,112,com.fitbit.FitbitMobile
2026.09.19 11:01:52,11:01:52,113,com.android.healthconnect.phone.jd7cdc53389aa3a9ebd124ea7a13f1035
2026.09.19 11:02:00,11:02:00,114,com.fitbit.FitbitMobile
2026.09.19 11:02:52,11:02:52,126,com.android.healthconnect.phone.jd7cdc53389aa3a9ebd124ea7a13f1035
2026.09.19 11:03:00,11:03:00,107,com.fitbit.FitbitMobile
2026.09.19 11:04:00,11:04:00,104,com.fitbit.FitbitMobile
2026.09.19 11:04:02,11:04:02,132,com.android.healthconnect.phone.jd7cdc53389aa3a9ebd124ea7a13f1035
2026.09.19 11:05:00,11:05:00,108,com.fitbit.FitbitMobile
2026.09.19 11:05:17,11:05:17,105,com.android.healthconnect.phone.jd7cdc53389aa3a9ebd124ea7a13f1035
2026.09.19 11:06:00,11:06:00,84,com.fitbit.FitbitMobile
2026.09.19 11:06:17,11:06:17,54,com.android.healthconnect.phone.jd7cdc53389aa3a9ebd124ea7a13f1035
2026.09.19 11:06:54,11:06:54,47,com.android.healthconnect.phone.jd7cdc53389aa3a9ebd124ea7a13f1035
2026.09.19 11:07:00,11:07:00,33,com.fitbit.FitbitMobile
2026.09.19 11:08:00,11:08:00,82,com.fitbit.FitbitMobile
2026.09.19 11:08:17,11:08:17,101,com.android.healthconnect.phone.jd7cdc53389aa3a9ebd124ea7a13f1035
2026.09.19 11:09:00,11:09:00,104,com.fitbit.FitbitMobile
2026.09.19 11:09:18,11:09:18,229,com.android.healthconnect.phone.jd7cdc53389aa3a9ebd124ea7a13f1035
2026.09.19 11:10:00,11:10:00,913,com.huami.watch.hmwatchmanager
2026.09.19 11:10:00,11:10:00,101,com.fitbit.FitbitMobile
2026.09.19 11:11:00,11:11:00,100,com.fitbit.FitbitMobile
2026.09.19 11:11:33,11:11:33,192,com.android.healthconnect.phone.jd7cdc53389aa3a9ebd124ea7a13f1035
2026.09.19 11:12:00,11:12:00,106,com.fitbit.FitbitMobile
2026.09.19 11:13:00,11:13:00,100,com.fitbit.FitbitMobile
2026.09.19 11:13:24,11:13:24,91,com.android.healthconnect.phone.jd7cdc53389aa3a9ebd124ea7a13f1035
2026.09.19 11:14:00,11:14:00,37,com.fitbit.FitbitMobile
2026.09.19 11:14:23,11:14:23,12,com.android.healthconnect.phone.jd7cdc53389aa3a9ebd124ea7a13f1035
2026.09.19 11:15:00,11:15:00,51,com.fitbit.FitbitMobile
2026.09.19 11:15:29,11:15:29,96,com.android.healthconnect.phone.jd7cdc53389aa3a9ebd124ea7a13f1035
2026.09.19 11:16:00,11:16:00,108,com.fitbit.FitbitMobile
2026.09.19 11:16:29,11:16:29,108,com.android.healthconnect.phone.jd7cdc53389aa3a9ebd124ea7a13f1035
2026.09.19 11:17:00,11:17:00,108,com.fitbit.FitbitMobile
2026.09.19 11:17:29,11:17:29,108,com.android.healthconnect.phone.jd7cdc53389aa3a9ebd124ea7a13f1035
2026.09.19 11:18:00,11:18:00,107,com.fitbit.FitbitMobile
2026.09.19 11:18:29,11:18:29,108,com.android.healthconnect.phone.jd7cdc53389aa3a9ebd124ea7a13f1035
2026.09.19 11:19:00,11:19:00,109,com.fitbit.FitbitMobile
2026.09.19 11:19:29,11:19:29,142,com.android.healthconnect.phone.jd7cdc53389aa3a9ebd124ea7a13f1035
2026.09.19 11:20:00,11:20:00,1097,com.huami.watch.hmwatchmanager
2026.09.19 11:20:00,11:20:00,106,com.fitbit.FitbitMobile
2026.09.19 11:20:49,11:20:49,106,com.android.healthconnect.phone.jd7cdc53389aa3a9ebd124ea7a13f1035
2026.09.19 11:21:00,11:21:00,108,com.fitbit.FitbitMobile
2026.09.19 11:21:49,11:21:49,113,com.android.healthconnect.phone.jd7cdc53389aa3a9ebd124ea7a13f1035
2026.09.19 11:22:00,11:22:00,111,com.fitbit.FitbitMobile
2026.09.19 11:22:49,11:22:49,111,com.android.healthconnect.phone.jd7cdc53389aa3a9ebd124ea7a13f1035
2026.09.19 11:23:00,11:23:00,113,com.fitbit.FitbitMobile
2026.09.19 11:23:49,11:23:49,110,com.android.healthconnect.phone.jd7cdc53389aa3a9ebd124ea7a13f1035
2026.09.19 11:24:00,11:24:00,109,com.fitbit.FitbitMobile
2026.09.19 11:24:49,11:24:49,107,com.android.healthconnect.phone.jd7cdc53389aa3a9ebd124ea7a13f1035
2026.09.19 11:25:00,11:25:00,106,com.fitbit.FitbitMobile
2026.09.19 11:25:49,11:25:49,109,com.android.healthconnect.phone.jd7cdc53389aa3a9ebd124ea7a13f1035
2026.09.19 11:26:00,11:26:00,111,com.fitbit.FitbitMobile
2026.09.19 11:26:49,11:26:49,117,com.android.healthconnect.phone.jd7cdc53389aa3a9ebd124ea7a13f1035
2026.09.19 11:27:00,11:27:00,113,com.fitbit.FitbitMobile
2026.09.19 11:27:49,11:27:49,109,com.android.healthconnect.phone.jd7cdc53389aa3a9ebd124ea7a13f1035
2026.09.19 11:28:00,11:28:00,113,com.fitbit.FitbitMobile
2026.09.19 11:28:49,11:28:49,113,com.android.healthconnect.phone.jd7cdc53389aa3a9ebd124ea7a13f1035
2026.09.19 11:29:00,11:29:00,112,com.fitbit.FitbitMobile
2026.09.19 11:29:49,11:29:49,163,com.android.healthconnect.phone.jd7cdc53389aa3a9ebd124ea7a13f1035
2026.09.19 11:30:00,11:30:00,301,com.huami.watch.hmwatchmanager
2026.09.19 11:30:00,11:30:00,113,com.fitbit.FitbitMobile
2026.09.19 11:31:00,11:31:00,74,com.fitbit.FitbitMobile
2026.09.19 11:31:15,11:31:15,82,com.android.healthconnect.phone.jd7cdc53389aa3a9ebd124ea7a13f1035
2026.09.19 11:32:00,11:32:00,70,com.fitbit.FitbitMobile
2026.09.19 11:32:40,11:32:40,55,com.android.healthconnect.phone.jd7cdc53389aa3a9ebd124ea7a13f1035
2026.09.19 11:33:00,11:33:00,23,com.fitbit.FitbitMobile
2026.09.19 11:40:00,11:40:00,708,com.huami.watch.hmwatchmanager
2026.09.19 11:42:00,11:42:00,6,com.fitbit.FitbitMobile
2026.09.19 11:43:00,11:43:00,73,com.fitbit.FitbitMobile
2026.09.19 11:43:01,11:43:01,7,com.android.healthconnect.phone.jd7cdc53389aa3a9ebd124ea7a13f1035
2026.09.19 11:43:15,11:43:15,96,com.android.healthconnect.phone.jd7cdc53389aa3a9ebd124ea7a13f1035
2026.09.19 11:44:00,11:44:00,100,com.fitbit.FitbitMobile
2026.09.19 11:44:15,11:44:15,102,com.android.healthconnect.phone.jd7cdc53389aa3a9ebd124ea7a13f1035
2026.09.19 11:45:00,11:45:00,104,com.fitbit.FitbitMobile
2026.09.19 11:45:14,11:45:14,111,com.android.healthconnect.phone.jd7cdc53389aa3a9ebd124ea7a13f1035
2026.09.19 11:46:00,11:46:00,103,com.fitbit.FitbitMobile
2026.09.19 11:46:19,11:46:19,172,com.android.healthconnect.phone.jd7cdc53389aa3a9ebd124ea7a13f1035
2026.09.19 11:47:00,11:47:00,105,com.fitbit.FitbitMobile
2026.09.19 11:47:58,11:47:58,145,com.android.healthconnect.phone.jd7cdc53389aa3a9ebd124ea7a13f1035
2026.09.19 11:48:00,11:48:00,105,com.fitbit.FitbitMobile
2026.09.19 11:49:00,11:49:00,111,com.fitbit.FitbitMobile
2026.09.19 11:49:19,11:49:19,112,com.android.healthconnect.phone.jd7cdc53389aa3a9ebd124ea7a13f1035
2026.09.19 11:50:00,11:50:00,981,com.huami.watch.hmwatchmanager
2026.09.19 11:50:00,11:50:00,113,com.fitbit.FitbitMobile
2026.09.19 11:50:20,11:50:20,112,com.android.healthconnect.phone.jd7cdc53389aa3a9ebd124ea7a13f1035
2026.09.19 11:51:00,11:51:00,112,com.fitbit.FitbitMobile
2026.09.19 11:51:19,11:51:19,205,com.android.healthconnect.phone.jd7cdc53389aa3a9ebd124ea7a13f1035
2026.09.19 11:52:00,11:52:00,113,com.fitbit.FitbitMobile
2026.09.19 11:53:00,11:53:00,107,com.fitbit.FitbitMobile
2026.09.19 11:53:08,11:53:08,103,com.android.healthconnect.phone.jd7cdc53389aa3a9ebd124ea7a13f1035
2026.09.19 11:54:00,11:54:00,99,com.fitbit.FitbitMobile
2026.09.19 11:54:08,11:54:08,100,com.android.healthconnect.phone.jd7cdc53389aa3a9ebd124ea7a13f1035
2026.09.19 11:55:00,11:55:00,84,com.fitbit.FitbitMobile
2026.09.19 11:55:08,11:55:08,64,com.android.healthconnect.phone.jd7cdc53389aa3a9ebd124ea7a13f1035
2026.09.19 11:55:48,11:55:48,100,com.android.healthconnect.phone.jd7cdc53389aa3a9ebd124ea7a13f1035
2026.09.19 11:56:00,11:56:00,79,com.fitbit.FitbitMobile
2026.09.19 11:57:00,11:57:00,106,com.fitbit.FitbitMobile
2026.09.19 11:57:08,11:57:08,105,com.android.healthconnect.phone.jd7cdc53389aa3a9ebd124ea7a13f1035
2026.09.19 11:58:00,11:58:00,98,com.fitbit.FitbitMobile
2026.09.19 11:58:08,11:58:08,97,com.android.healthconnect.phone.jd7cdc53389aa3a9ebd124ea7a13f1035
2026.09.19 11:59:00,11:59:00,81,com.fitbit.FitbitMobile
2026.09.19 11:59:08,11:59:08,76,com.android.healthconnect.phone.jd7cdc53389aa3a9ebd124ea7a13f1035
2026.09.19 12:00:00,12:00:00,935,com.huami.watch.hmwatchmanager
2026.09.19 12:00:00,12:00:00,85,com.fitbit.FitbitMobile
2026.09.19 12:00:08,12:00:08,91,com.android.healthconnect.phone.jd7cdc53389aa3a9ebd124ea7a13f1035
2026.09.19 12:01:00,12:01:00,97,com.fitbit.FitbitMobile
2026.09.19 12:01:08,12:01:08,97,com.android.healthconnect.phone.jd7cdc53389aa3a9ebd124ea7a13f1035
2026.09.19 12:02:00,12:02:00,105,com.fitbit.FitbitMobile
2026.09.19 12:02:08,12:02:08,107,com.android.healthconnect.phone.jd7cdc53389aa3a9ebd124ea7a13f1035
2026.09.19 12:03:00,12:03:00,110,com.fitbit.FitbitMobile
2026.09.19 12:03:08,12:03:08,99,com.android.healthconnect.phone.jd7cdc53389aa3a9ebd124ea7a13f1035
2026.09.19 12:04:00,12:04:00,68,com.fitbit.FitbitMobile
2026.09.19 12:04:03,12:04:03,68,com.android.healthconnect.phone.jd7cdc53389aa3a9ebd124ea7a13f1035
2026.09.19 12:05:00,12:05:00,96,com.fitbit.FitbitMobile
2026.09.19 12:05:08,12:05:08,105,com.android.healthconnect.phone.jd7cdc53389aa3a9ebd124ea7a13f1035
2026.09.19 12:06:00,12:06:00,74,com.fitbit.FitbitMobile
2026.09.19 12:06:08,12:06:08,100,com.android.healthconnect.phone.jd7cdc53389aa3a9ebd124ea7a13f1035
2026.09.19 12:07:00,12:07:00,107,com.fitbit.FitbitMobile
2026.09.19 12:07:22,12:07:22,237,com.android.healthconnect.phone.jd7cdc53389aa3a9ebd124ea7a13f1035
2026.09.19 12:08:00,12:08:00,112,com.fitbit.FitbitMobile
2026.09.19 12:09:00,12:09:00,88,com.fitbit.FitbitMobile
2026.09.19 12:09:30,12:09:30,40,com.android.healthconnect.phone.jd7cdc53389aa3a9ebd124ea7a13f1035
2026.09.19 12:10:00,12:10:00,12,com.huami.watch.hmwatchmanager
2026.09.19 12:10:00,12:10:00,10,com.fitbit.FitbitMobile
2026.09.19 12:13:00,12:13:00,6,com.fitbit.FitbitMobile
2026.09.19 12:13:50,12:13:50,7,com.android.healthconnect.phone.jd7cdc53389aa3a9ebd124ea7a13f1035
2026.09.19 12:14:00,12:14:00,1,com.fitbit.FitbitMobile
2026.09.19 12:15:00,12:15:00,7,com.fitbit.FitbitMobile
2026.09.19 12:15:53,12:15:53,8,com.android.healthconnect.phone.jd7cdc53389aa3a9ebd124ea7a13f1035
2026.09.19 12:16:00,12:16:00,13,com.fitbit.FitbitMobile
2026.09.19 12:16:09,12:16:09,11,com.android.healthconnect.phone.jd7cdc53389aa3a9ebd124ea7a13f1035
2026.09.19 12:16:18,12:16:18,7,com.android.healthconnect.phone.jd7cdc53389aa3a9ebd124ea7a13f1035
2026.09.19 12:17:00,12:17:00,6,com.fitbit.FitbitMobile
2026.09.19 12:17:47,12:17:47,9,com.android.healthconnect.phone.jd7cdc53389aa3a9ebd124ea7a13f1035
2026.09.19 12:19:00,12:19:00,6,com.fitbit.FitbitMobile
2026.09.19 12:20:00,12:20:00,270,com.huami.watch.hmwatchmanager
2026.09.19 12:20:00,12:20:00,3,com.fitbit.FitbitMobile
2026.09.19 12:20:19,12:20:19,64,com.android.healthconnect.phone.jd7cdc53389aa3a9ebd124ea7a13f1035
2026.09.19 12:22:00,12:22:00,3,com.fitbit.FitbitMobile
2026.09.19 12:23:00,12:23:00,29,com.fitbit.FitbitMobile
2026.09.19 12:24:00,12:24:00,32,com.fitbit.FitbitMobile
2026.09.19 12:26:00,12:26:00,5,com.fitbit.FitbitMobile
2026.09.19 12:27:00,12:27:00,29,com.fitbit.FitbitMobile
2026.09.19 12:27:09,12:27:09,8,com.android.healthconnect.phone.jd7cdc53389aa3a9ebd124ea7a13f1035
2026.09.19 12:27:25,12:27:25,53,com.android.healthconnect.phone.jd7cdc53389aa3a9ebd124ea7a13f1035
2026.09.19 12:28:00,12:28:00,69,com.fitbit.FitbitMobile
2026.09.19 12:28:32,12:28:32,90,com.android.healthconnect.phone.jd7cdc53389aa3a9ebd124ea7a13f1035
2026.09.19 12:29:00,12:29:00,72,com.fitbit.FitbitMobile
2026.09.19 12:29:32,12:29:32,76,com.android.healthconnect.phone.jd7cdc53389aa3a9ebd124ea7a13f1035
2026.09.19 12:30:00,12:30:00,300,com.huami.watch.hmwatchmanager
2026.09.19 12:30:00,12:30:00,52,com.fitbit.FitbitMobile
2026.09.19 12:30:46,12:30:46,32,com.android.healthconnect.phone.jd7cdc53389aa3a9ebd124ea7a13f1035
2026.09.19 12:31:00,12:31:00,6,com.fitbit.FitbitMobile
2026.09.19 12:32:00,12:32:00,30,com.fitbit.FitbitMobile
2026.09.19 12:32:32,12:32:32,7,com.android.healthconnect.phone.jd7cdc53389aa3a9ebd124ea7a13f1035
2026.09.19 12:33:00,12:33:00,3,com.fitbit.FitbitMobile
2026.09.19 12:34:00,12:34:00,5,com.fitbit.FitbitMobile
2026.09.19 12:35:00,12:35:00,45,com.fitbit.FitbitMobile
2026.09.19 12:35:10,12:35:10,7,com.android.healthconnect.phone.jd7cdc53389aa3a9ebd124ea7a13f1035
2026.09.19 12:35:24,12:35:24,105,com.android.healthconnect.phone.jd7cdc53389aa3a9ebd124ea7a13f1035
2026.09.19 12:36:00,12:36:00,74,com.fitbit.FitbitMobile
2026.09.19 12:36:48,12:36:48,108,com.android.healthconnect.phone.jd7cdc53389aa3a9ebd124ea7a13f1035
2026.09.19 12:37:00,12:37:00,79,com.fitbit.FitbitMobile
2026.09.19 12:38:00,12:38:00,35,com.fitbit.FitbitMobile
2026.09.19 12:38:28,12:38:28,42,com.android.healthconnect.phone.jd7cdc53389aa3a9ebd124ea7a13f1035
2026.09.19 12:39:00,12:39:00,32,com.fitbit.FitbitMobile
2026.09.19 12:39:16,12:39:16,7,com.android.healthconnect.phone.jd7cdc53389aa3a9ebd124ea7a13f1035
2026.09.19 12:39:53,12:39:53,7,com.android.healthconnect.phone.jd7cdc53389aa3a9ebd124ea7a13f1035
2026.09.19 12:40:00,12:40:00,87,com.huami.watch.hmwatchmanager
2026.09.19 12:40:00,12:40:00,6,com.fitbit.FitbitMobile
2026.09.19 12:40:53,12:40:53,44,com.android.healthconnect.phone.jd7cdc53389aa3a9ebd124ea7a13f1035
2026.09.19 12:41:00,12:41:00,8,com.fitbit.FitbitMobile
2026.09.19 12:42:00,12:42:00,41,com.fitbit.FitbitMobile
2026.09.19 12:42:26,12:42:26,12,com.android.healthconnect.phone.jd7cdc53389aa3a9ebd124ea7a13f1035
2026.09.19 12:43:00,12:43:00,7,com.fitbit.FitbitMobile
2026.09.19 12:44:00,12:44:00,3,com.fitbit.FitbitMobile
2026.09.19 12:45:00,12:45:00,24,com.fitbit.FitbitMobile
2026.09.19 12:45:18,12:45:18,6,com.android.healthconnect.phone.jd7cdc53389aa3a9ebd124ea7a13f1035
2026.09.19 12:45:30,12:45:30,22,com.android.healthconnect.phone.jd7cdc53389aa3a9ebd124ea7a13f1035
2026.09.19 12:46:00,12:46:00,1,com.fitbit.FitbitMobile
2026.09.19 12:50:00,12:50:00,444,com.huami.watch.hmwatchmanager
2026.09.19 12:53:00,12:53:00,6,com.fitbit.FitbitMobile
2026.09.19 12:53:55,12:53:55,6,com.android.healthconnect.phone.jd7cdc53389aa3a9ebd124ea7a13f1035
2026.09.19 12:54:00,12:54:00,53,com.fitbit.FitbitMobile
2026.09.19 12:54:07,12:54:07,51,com.android.healthconnect.phone.jd7cdc53389aa3a9ebd124ea7a13f1035
2026.09.19 12:54:57,12:54:57,89,com.android.healthconnect.phone.jd7cdc53389aa3a9ebd124ea7a13f1035
2026.09.19 12:55:00,12:55:00,78,com.fitbit.FitbitMobile
2026.09.19 12:56:00,12:56:00,77,com.fitbit.FitbitMobile
2026.09.19 12:56:06,12:56:06,78,com.android.healthconnect.phone.jd7cdc53389aa3a9ebd124ea7a13f1035
2026.09.19 12:57:00,12:57:00,69,com.fitbit.FitbitMobile
2026.09.19 12:57:05,12:57:05,72,com.android.healthconnect.phone.jd7cdc53389aa3a9ebd124ea7a13f1035
2026.09.19 12:58:00,12:58:00,52,com.fitbit.FitbitMobile
2026.09.19 12:58:07,12:58:07,49,com.android.healthconnect.phone.jd7cdc53389aa3a9ebd124ea7a13f1035
2026.09.19 12:59:00,12:59:00,59,com.fitbit.FitbitMobile
2026.09.19 12:59:07,12:59:07,57,com.android.healthconnect.phone.jd7cdc53389aa3a9ebd124ea7a13f1035
2026.09.19 13:00:00,13:00:00,681,com.huami.watch.hmwatchmanager
2026.09.19 13:00:00,13:00:00,33,com.fitbit.FitbitMobile
2026.09.19 13:00:06,13:00:06,22,com.android.healthconnect.phone.jd7cdc53389aa3a9ebd124ea7a13f1035
2026.09.19 13:00:25,13:00:25,45,com.android.healthconnect.phone.jd7cdc53389aa3a9ebd124ea7a13f1035
2026.09.19 13:01:00,13:01:00,35,com.fitbit.FitbitMobile
2026.09.19 13:02:00,13:02:00,14,com.fitbit.FitbitMobile
2026.09.19 13:02:55,13:02:55,7,com.android.healthconnect.phone.jd7cdc53389aa3a9ebd124ea7a13f1035
2026.09.19 13:03:00,13:03:00,57,com.fitbit.FitbitMobile
2026.09.19 13:03:09,13:03:09,71,com.android.healthconnect.phone.jd7cdc53389aa3a9ebd124ea7a13f1035
2026.09.19 13:04:00,13:04:00,97,com.fitbit.FitbitMobile
2026.09.19 13:04:08,13:04:08,98,com.android.healthconnect.phone.jd7cdc53389aa3a9ebd124ea7a13f1035
2026.09.19 13:05:00,13:05:00,82,com.fitbit.FitbitMobile
2026.09.19 13:05:09,13:05:09,79,com.android.healthconnect.phone.jd7cdc53389aa3a9ebd124ea7a13f1035
2026.09.19 13:06:00,13:06:00,73,com.fitbit.FitbitMobile
2026.09.19 13:06:08,13:06:08,86,com.android.healthconnect.phone.jd7cdc53389aa3a9ebd124ea7a13f1035
2026.09.19 13:07:00,13:07:00,83,com.fitbit.FitbitMobile
2026.09.19 13:07:20,13:07:20,87,com.android.healthconnect.phone.jd7cdc53389aa3a9ebd124ea7a13f1035
2026.09.19 13:08:00,13:08:00,90,com.fitbit.FitbitMobile
2026.09.19 13:08:20,13:08:20,92,com.android.healthconnect.phone.jd7cdc53389aa3a9ebd124ea7a13f1035
2026.09.19 13:09:00,13:09:00,92,com.fitbit.FitbitMobile
2026.09.19 13:09:20,13:09:20,94,com.android.healthconnect.phone.jd7cdc53389aa3a9ebd124ea7a13f1035
2026.09.19 13:10:00,13:10:00,765,com.huami.watch.hmwatchmanager
2026.09.19 13:10:00,13:10:00,51,com.fitbit.FitbitMobile
2026.09.19 13:10:20,13:10:20,26,com.android.healthconnect.phone.jd7cdc53389aa3a9ebd124ea7a13f1035
2026.09.19 13:11:00,13:11:00,49,com.fitbit.FitbitMobile
2026.09.19 13:11:13,13:11:13,59,com.android.healthconnect.phone.jd7cdc53389aa3a9ebd124ea7a13f1035
2026.09.19 13:12:00,13:12:00,64,com.fitbit.FitbitMobile
2026.09.19 13:12:14,13:12:14,64,com.android.healthconnect.phone.jd7cdc53389aa3a9ebd124ea7a13f1035
2026.09.19 13:13:00,13:13:00,79,com.fitbit.FitbitMobile
2026.09.19 13:13:20,13:13:20,86,com.android.healthconnect.phone.jd7cdc53389aa3a9ebd124ea7a13f1035
2026.09.19 13:14:00,13:14:00,79,com.fitbit.FitbitMobile
2026.09.19 13:14:15,13:14:15,66,com.android.healthconnect.phone.jd7cdc53389aa3a9ebd124ea7a13f1035
2026.09.19 13:15:00,13:15:00,76,com.fitbit.FitbitMobile
2026.09.19 13:15:15,13:15:15,92,com.android.healthconnect.phone.jd7cdc53389aa3a9ebd124ea7a13f1035
2026.09.19 13:16:00,13:16:00,76,com.fitbit.FitbitMobile
2026.09.19 13:16:20,13:16:20,73,com.android.healthconnect.phone.jd7cdc53389aa3a9ebd124ea7a13f1035
2026.09.19 13:17:00,13:17:00,75,com.fitbit.FitbitMobile
2026.09.19 13:17:20,13:17:20,80,com.android.healthconnect.phone.jd7cdc53389aa3a9ebd124ea7a13f1035
2026.09.19 13:18:00,13:18:00,85,com.fitbit.FitbitMobile
2026.09.19 13:18:20,13:18:20,84,com.android.healthconnect.phone.jd7cdc53389aa3a9ebd124ea7a13f1035
2026.09.19 13:19:00,13:19:00,64,com.fitbit.FitbitMobile
2026.09.19 13:19:21,13:19:21,35,com.android.healthconnect.phone.jd7cdc53389aa3a9ebd124ea7a13f1035
2026.09.19 13:19:42,13:19:42,32,com.android.healthconnect.phone.jd7cdc53389aa3a9ebd124ea7a13f1035
2026.09.19 13:20:00,13:20:00,574,com.huami.watch.hmwatchmanager
2026.09.19 13:20:00,13:20:00,8,com.fitbit.FitbitMobile
2026.09.19 13:21:00,13:21:00,81,com.fitbit.FitbitMobile
2026.09.19 13:21:17,13:21:17,56,com.android.healthconnect.phone.jd7cdc53389aa3a9ebd124ea7a13f1035
2026.09.19 13:21:54,13:21:54,86,com.android.healthconnect.phone.jd7cdc53389aa3a9ebd124ea7a13f1035
2026.09.19 13:22:00,13:22:00,51,com.fitbit.FitbitMobile
2026.09.19 13:23:00,13:23:00,98,com.fitbit.FitbitMobile
2026.09.19 13:23:20,13:23:20,92,com.android.healthconnect.phone.jd7cdc53389aa3a9ebd124ea7a13f1035
2026.09.19 13:24:00,13:24:00,81,com.fitbit.FitbitMobile
2026.09.19 13:24:20,13:24:20,54,com.android.healthconnect.phone.jd7cdc53389aa3a9ebd124ea7a13f1035
2026.09.19 13:25:00,13:25:00,8,com.fitbit.FitbitMobile
2026.09.19 13:25:00,13:25:00,36,com.android.healthconnect.phone.jd7cdc53389aa3a9ebd124ea7a13f1035
2026.09.19 13:26:00,13:26:00,95,com.fitbit.FitbitMobile
2026.09.19 13:26:21,13:26:21,99,com.android.healthconnect.phone.jd7cdc53389aa3a9ebd124ea7a13f1035
2026.09.19 13:27:00,13:27:00,78,com.fitbit.FitbitMobile
2026.09.19 13:27:20,13:27:20,51,com.android.healthconnect.phone.jd7cdc53389aa3a9ebd124ea7a13f1035
2026.09.19 13:28:00,13:28:00,11,com.fitbit.FitbitMobile
2026.09.19 13:28:10,13:28:10,10,com.android.healthconnect.phone.jd7cdc53389aa3a9ebd124ea7a13f1035
2026.09.19 13:29:00,13:29:00,8,com.fitbit.FitbitMobile
2026.09.19 13:29:21,13:29:21,3,com.android.healthconnect.phone.jd7cdc53389aa3a9ebd124ea7a13f1035
2026.09.19 13:30:00,13:30:00,25,com.huami.watch.hmwatchmanager
2026.09.19 13:31:00,13:31:00,9,com.fitbit.FitbitMobile
2026.09.19 13:31:42,13:31:42,7,com.android.healthconnect.phone.jd7cdc53389aa3a9ebd124ea7a13f1035
2026.09.19 13:31:56,13:31:56,20,com.android.healthconnect.phone.jd7cdc53389aa3a9ebd124ea7a13f1035
2026.09.19 13:32:00,13:32:00,20,com.fitbit.FitbitMobile
2026.09.19 13:32:49,13:32:49,30,com.android.healthconnect.phone.jd7cdc53389aa3a9ebd124ea7a13f1035
2026.09.19 13:33:00,13:33:00,25,com.fitbit.FitbitMobile
2026.09.19 13:34:00,13:34:00,3,com.fitbit.FitbitMobile
2026.09.19 14:00:00,14:00:00,5,com.huami.watch.hmwatchmanager
2026.09.19 14:01:00,14:01:00,7,com.fitbit.FitbitMobile
2026.09.19 14:01:53,14:01:53,7,com.android.healthconnect.phone.jd7cdc53389aa3a9ebd124ea7a13f1035
2026.09.19 14:02:00,14:02:00,1,com.fitbit.FitbitMobile
2026.09.19 14:02:07,14:02:07,1,com.android.healthconnect.phone.jd7cdc53389aa3a9ebd124ea7a13f1035
2026.09.19 14:02:07,14:02:07,12,com.android.healthconnect.phone.jd7cdc53389aa3a9ebd124ea7a13f1035
2026.09.19 14:05:00,14:05:00,5,com.fitbit.FitbitMobile
2026.09.19 14:06:00,14:06:00,7,com.fitbit.FitbitMobile
2026.09.19 14:10:00,14:10:00,154,com.huami.watch.hmwatchmanager
2026.09.19 14:13:00,14:13:00,8,com.fitbit.FitbitMobile
2026.09.19 14:13:47,14:13:47,7,com.android.healthconnect.phone.jd7cdc53389aa3a9ebd124ea7a13f1035
2026.09.19 14:14:00,14:14:00,34,com.fitbit.FitbitMobile
2026.09.19 14:14:01,14:14:01,110,com.android.healthconnect.phone.jd7cdc53389aa3a9ebd124ea7a13f1035
2026.09.19 14:15:00,14:15:00,24,com.fitbit.FitbitMobile
2026.09.19 14:16:00,14:16:00,33,com.fitbit.FitbitMobile
2026.09.19 14:17:00,14:17:00,36,com.fitbit.FitbitMobile
2026.09.19 14:17:11,14:17:11,57,com.android.healthconnect.phone.jd7cdc53389aa3a9ebd124ea7a13f1035
2026.09.19 14:18:00,14:18:00,42,com.fitbit.FitbitMobile
2026.09.19 14:18:45,14:18:45,23,com.android.healthconnect.phone.jd7cdc53389aa3a9ebd124ea7a13f1035
2026.09.19 14:19:00,14:19:00,25,com.fitbit.FitbitMobile
2026.09.19 14:19:27,14:19:27,90,com.android.healthconnect.phone.jd7cdc53389aa3a9ebd124ea7a13f1035
2026.09.19 14:20:00,14:20:00,190,com.huami.watch.hmwatchmanager
2026.09.19 14:20:00,14:20:00,80,com.fitbit.FitbitMobile
2026.09.19 14:21:00,14:21:00,29,com.fitbit.FitbitMobile
2026.09.19 14:21:02,14:21:02,24,com.android.healthconnect.phone.jd7cdc53389aa3a9ebd124ea7a13f1035
2026.09.19 14:26:00,14:26:00,11,com.fitbit.FitbitMobile
2026.09.19 14:26:44,14:26:44,6,com.android.healthconnect.phone.jd7cdc53389aa3a9ebd124ea7a13f1035
2026.09.19 14:26:56,14:26:56,37,com.android.healthconnect.phone.jd7cdc53389aa3a9ebd124ea7a13f1035
2026.09.19 14:27:00,14:27:00,32,com.fitbit.FitbitMobile
2026.09.19 14:28:00,14:28:00,11,com.fitbit.FitbitMobile
2026.09.19 14:28:46,14:28:46,15,com.android.healthconnect.phone.jd7cdc53389aa3a9ebd124ea7a13f1035
2026.09.19 14:29:00,14:29:00,19,com.fitbit.FitbitMobile
2026.09.19 14:29:16,14:29:16,21,com.android.healthconnect.phone.jd7cdc53389aa3a9ebd124ea7a13f1035
2026.09.19 14:30:00,14:30:00,22,com.huami.watch.hmwatchmanager
2026.09.19 14:30:00,14:30:00,6,com.fitbit.FitbitMobile
2026.09.19 14:34:00,14:34:00,3,com.fitbit.FitbitMobile
2026.09.19 14:35:00,14:35:00,24,com.fitbit.FitbitMobile
2026.09.19 14:35:25,14:35:25,7,com.android.healthconnect.phone.jd7cdc53389aa3a9ebd124ea7a13f1035
2026.09.19 14:35:39,14:35:39,20,com.android.healthconnect.phone.jd7cdc53389aa3a9ebd124ea7a13f1035
2026.09.19 14:50:00,14:50:00,1,com.fitbit.FitbitMobile
2026.09.19 14:51:00,14:51:00,5,com.fitbit.FitbitMobile
2026.09.19 14:51:41,14:51:41,6,com.android.healthconnect.phone.jd7cdc53389aa3a9ebd124ea7a13f1035
2026.09.19 15:00:00,15:00:00,357,com.huami.watch.hmwatchmanager
2026.09.19 15:01:00,15:01:00,7,com.fitbit.FitbitMobile
2026.09.19 15:01:50,15:01:50,7,com.android.healthconnect.phone.jd7cdc53389aa3a9ebd124ea7a13f1035
2026.09.19 15:02:00,15:02:00,82,com.fitbit.FitbitMobile
2026.09.19 15:02:04,15:02:04,175,com.android.healthconnect.phone.jd7cdc53389aa3a9ebd124ea7a13f1035
2026.09.19 15:03:00,15:03:00,90,com.fitbit.FitbitMobile
2026.09.19 15:04:00,15:04:00,93,com.fitbit.FitbitMobile
2026.09.19 15:04:04,15:04:04,168,com.android.healthconnect.phone.jd7cdc53389aa3a9ebd124ea7a13f1035
2026.09.19 15:05:00,15:05:00,52,com.fitbit.FitbitMobile
2026.09.19 15:06:00,15:06:00,26,com.fitbit.FitbitMobile
2026.09.19 15:10:00,15:10:00,19,com.huami.watch.hmwatchmanager
2026.09.19 15:10:00,15:10:00,1,com.fitbit.FitbitMobile
2026.09.19 15:11:00,15:11:00,10,com.fitbit.FitbitMobile
2026.09.19 15:11:34,15:11:34,8,com.android.healthconnect.phone.jd7cdc53389aa3a9ebd124ea7a13f1035
2026.09.19 15:11:50,15:11:50,3,com.android.healthconnect.phone.jd7cdc53389aa3a9ebd124ea7a13f1035
2026.09.19 15:30:00,15:30:00,41,com.huami.watch.hmwatchmanager
2026.09.19 15:40:00,15:40:00,47,com.huami.watch.hmwatchmanager
2026.09.19 15:44:00,15:44:00,6,com.fitbit.FitbitMobile
2026.09.19 15:44:46,15:44:46,6,com.android.healthconnect.phone.jd7cdc53389aa3a9ebd124ea7a13f1035
2026.09.19 15:50:00,15:50:00,5,com.huami.watch.hmwatchmanager
2026.09.19 16:12:00,16:12:00,5,com.fitbit.FitbitMobile
2026.09.19 16:13:00,16:13:00,1,com.fitbit.FitbitMobile
2026.09.19 16:13:02,16:13:02,6,com.android.healthconnect.phone.jd7cdc53389aa3a9ebd124ea7a13f1035
2026.09.19 18:40:00,18:40:00,59,com.huami.watch.hmwatchmanager
2026.09.19 18:50:00,18:50:00,213,com.huami.watch.hmwatchmanager
2026.09.19 18:57:00,18:57:00,13,com.fitbit.FitbitMobile
2026.09.19 18:57:40,18:57:40,15,com.android.healthconnect.phone.jd7cdc53389aa3a9ebd124ea7a13f1035
2026.09.19 18:58:00,18:58:00,30,com.fitbit.FitbitMobile
2026.09.19 18:58:10,18:58:10,120,com.android.healthconnect.phone.jd7cdc53389aa3a9ebd124ea7a13f1035
2026.09.19 18:59:00,18:59:00,72,com.fitbit.FitbitMobile
2026.09.19 19:00:00,19:00:00,789,com.huami.watch.hmwatchmanager
2026.09.19 19:00:00,19:00:00,88,com.fitbit.FitbitMobile
2026.09.19 19:00:14,19:00:14,135,com.android.healthconnect.phone.jd7cdc53389aa3a9ebd124ea7a13f1035
2026.09.19 19:01:00,19:01:00,92,com.fitbit.FitbitMobile
2026.09.19 19:01:44,19:01:44,249,com.android.healthconnect.phone.jd7cdc53389aa3a9ebd124ea7a13f1035
2026.09.19 19:02:00,19:02:00,92,com.fitbit.FitbitMobile
2026.09.19 19:03:00,19:03:00,81,com.fitbit.FitbitMobile
2026.09.19 19:04:00,19:04:00,89,com.fitbit.FitbitMobile
2026.09.19 19:04:34,19:04:34,152,com.android.healthconnect.phone.jd7cdc53389aa3a9ebd124ea7a13f1035
2026.09.19 19:05:00,19:05:00,88,com.fitbit.FitbitMobile
2026.09.19 19:06:00,19:06:00,91,com.fitbit.FitbitMobile
2026.09.19 19:06:17,19:06:17,120,com.android.healthconnect.phone.jd7cdc53389aa3a9ebd124ea7a13f1035
2026.09.19 19:07:00,19:07:00,55,com.fitbit.FitbitMobile
2026.09.19 19:07:59,19:07:59,83,com.android.healthconnect.phone.jd7cdc53389aa3a9ebd124ea7a13f1035
2026.09.19 19:08:00,19:08:00,28,com.fitbit.FitbitMobile
2026.09.19 19:09:00,19:09:00,48,com.fitbit.FitbitMobile
2026.09.19 19:10:00,19:10:00,374,com.huami.watch.hmwatchmanager
2026.09.19 19:10:00,19:10:00,89,com.fitbit.FitbitMobile
2026.09.19 19:10:04,19:10:04,137,com.android.healthconnect.phone.jd7cdc53389aa3a9ebd124ea7a13f1035
2026.09.19 19:11:00,19:11:00,57,com.fitbit.FitbitMobile
2026.09.19 19:11:50,19:11:50,81,com.android.healthconnect.phone.jd7cdc53389aa3a9ebd124ea7a13f1035
2026.09.19 19:12:00,19:12:00,45,com.fitbit.FitbitMobile
2026.09.19 19:13:00,19:13:00,46,com.fitbit.FitbitMobile
2026.09.19 19:13:22,19:13:22,81,com.android.healthconnect.phone.jd7cdc53389aa3a9ebd124ea7a13f1035
2026.09.19 19:14:00,19:14:00,78,com.fitbit.FitbitMobile
2026.09.19 19:14:54,19:14:54,46,com.android.healthconnect.phone.jd7cdc53389aa3a9ebd124ea7a13f1035
2026.09.19 19:15:00,19:15:00,37,com.fitbit.FitbitMobile
2026.09.19 19:19:00,19:19:00,2,com.fitbit.FitbitMobile
2026.09.19 19:20:00,19:20:00,261,com.huami.watch.hmwatchmanager
2026.09.19 19:20:00,19:20:00,22,com.fitbit.FitbitMobile
2026.09.19 19:20:28,19:20:28,12,com.android.healthconnect.phone.jd7cdc53389aa3a9ebd124ea7a13f1035
2026.09.19 19:20:52,19:20:52,110,com.android.healthconnect.phone.jd7cdc53389aa3a9ebd124ea7a13f1035
2026.09.19 19:21:00,19:21:00,57,com.fitbit.FitbitMobile
2026.09.19 19:22:00,19:22:00,24,com.fitbit.FitbitMobile
2026.09.19 19:23:00,19:23:00,67,com.fitbit.FitbitMobile
2026.09.19 19:23:12,19:23:12,67,com.android.healthconnect.phone.jd7cdc53389aa3a9ebd124ea7a13f1035
2026.09.19 19:24:00,19:24:00,55,com.fitbit.FitbitMobile
2026.09.19 19:24:12,19:24:12,55,com.android.healthconnect.phone.jd7cdc53389aa3a9ebd124ea7a13f1035
2026.09.19 19:25:00,19:25:00,17,com.fitbit.FitbitMobile
2026.09.19 19:25:18,19:25:18,46,com.android.healthconnect.phone.jd7cdc53389aa3a9ebd124ea7a13f1035
2026.09.19 19:26:00,19:26:00,10,com.fitbit.FitbitMobile
2026.09.19 19:27:00,19:27:00,43,com.fitbit.FitbitMobile
2026.09.19 19:27:50,19:27:50,7,com.android.healthconnect.phone.jd7cdc53389aa3a9ebd124ea7a13f1035
2026.09.19 19:27:56,19:27:56,11,com.android.healthconnect.phone.jd7cdc53389aa3a9ebd124ea7a13f1035
2026.09.19 19:28:00,19:28:00,7,com.fitbit.FitbitMobile
2026.09.19 19:29:00,19:29:00,4,com.fitbit.FitbitMobile
2026.09.19 19:30:00,19:30:00,366,com.huami.watch.hmwatchmanager
2026.09.19 19:32:00,19:32:00,6,com.fitbit.FitbitMobile
2026.09.19 19:32:56,19:32:56,8,com.android.healthconnect.phone.jd7cdc53389aa3a9ebd124ea7a13f1035
2026.09.19 19:33:00,19:33:00,2,com.fitbit.FitbitMobile
2026.09.19 19:33:12,19:33:12,15,com.android.healthconnect.phone.jd7cdc53389aa3a9ebd124ea7a13f1035
2026.09.19 19:35:00,19:35:00,6,com.fitbit.FitbitMobile
2026.09.19 19:36:00,19:36:00,79,com.fitbit.FitbitMobile
2026.09.19 19:36:16,19:36:16,91,com.android.healthconnect.phone.jd7cdc53389aa3a9ebd124ea7a13f1035
2026.09.19 19:37:00,19:37:00,78,com.fitbit.FitbitMobile
2026.09.19 19:37:12,19:37:12,99,com.android.healthconnect.phone.jd7cdc53389aa3a9ebd124ea7a13f1035
2026.09.19 19:38:00,19:38:00,94,com.fitbit.FitbitMobile
2026.09.19 19:38:26,19:38:26,95,com.android.healthconnect.phone.jd7cdc53389aa3a9ebd124ea7a13f1035
2026.09.19 19:39:00,19:39:00,101,com.fitbit.FitbitMobile
2026.09.19 19:39:26,19:39:26,87,com.android.healthconnect.phone.jd7cdc53389aa3a9ebd124ea7a13f1035
2026.09.19 19:40:00,19:40:00,266,com.huami.watch.hmwatchmanager
2026.09.19 19:40:00,19:40:00,29,com.fitbit.FitbitMobile
2026.09.19 19:40:20,19:40:20,8,com.android.healthconnect.phone.jd7cdc53389aa3a9ebd124ea7a13f1035
2026.09.19 19:41:00,19:41:00,4,com.fitbit.FitbitMobile
2026.09.19 19:42:00,19:42:00,6,com.fitbit.FitbitMobile
2026.09.19 19:42:30,19:42:30,7,com.android.healthconnect.phone.jd7cdc53389aa3a9ebd124ea7a13f1035
2026.09.19 19:43:00,19:43:00,5,com.fitbit.FitbitMobile
2026.09.19 19:43:41,19:43:41,31,com.android.healthconnect.phone.jd7cdc53389aa3a9ebd124ea7a13f1035
2026.09.19 19:44:00,19:44:00,12,com.fitbit.FitbitMobile
2026.09.19 19:45:00,19:45:00,79,com.fitbit.FitbitMobile
2026.09.19 19:45:13,19:45:13,78,com.android.healthconnect.phone.jd7cdc53389aa3a9ebd124ea7a13f1035
2026.09.19 19:46:00,19:46:00,79,com.fitbit.FitbitMobile
2026.09.19 19:46:13,19:46:13,57,com.android.healthconnect.phone.jd7cdc53389aa3a9ebd124ea7a13f1035
2026.09.19 19:46:52,19:46:52,37,com.android.healthconnect.phone.jd7cdc53389aa3a9ebd124ea7a13f1035
2026.09.19 19:47:00,19:47:00,33,com.fitbit.FitbitMobile
2026.09.19 19:49:00,19:49:00,1,com.fitbit.FitbitMobile
2026.09.19 19:50:00,19:50:00,87,com.huami.watch.hmwatchmanager
2026.09.19 19:50:00,19:50:00,19,com.fitbit.FitbitMobile
2026.09.19 19:50:28,19:50:28,12,com.android.healthconnect.phone.jd7cdc53389aa3a9ebd124ea7a13f1035
2026.09.19 19:50:52,19:50:52,25,com.android.healthconnect.phone.jd7cdc53389aa3a9ebd124ea7a13f1035
2026.09.19 19:51:00,19:51:00,17,com.fitbit.FitbitMobile
2026.09.19 19:55:00,19:55:00,10,com.fitbit.FitbitMobile
2026.09.19 19:55:50,19:55:50,12,com.android.healthconnect.phone.jd7cdc53389aa3a9ebd124ea7a13f1035
2026.09.19 19:56:00,19:56:00,43,com.fitbit.FitbitMobile
2026.09.19 19:56:14,19:56:14,40,com.android.healthconnect.phone.jd7cdc53389aa3a9ebd124ea7a13f1035
2026.09.19 19:56:54,19:56:54,15,com.android.healthconnect.phone.jd7cdc53389aa3a9ebd124ea7a13f1035
2026.09.19 19:57:00,19:57:00,14,com.fitbit.FitbitMobile
2026.09.19 20:00:00,20:00:00,158,com.huami.watch.hmwatchmanager
2026.09.19 20:05:00,20:05:00,10,com.fitbit.FitbitMobile
2026.09.19 20:05:52,20:05:52,16,com.android.healthconnect.phone.jd7cdc53389aa3a9ebd124ea7a13f1035
2026.09.19 20:06:00,20:06:00,44,com.fitbit.FitbitMobile
2026.09.19 20:06:24,20:06:24,44,com.android.healthconnect.phone.jd7cdc53389aa3a9ebd124ea7a13f1035
2026.09.19 20:07:00,20:07:00,6,com.fitbit.FitbitMobile
2026.09.19 20:08:00,20:08:00,7,com.fitbit.FitbitMobile
2026.09.19 20:08:50,20:08:50,7,com.android.healthconnect.phone.jd7cdc53389aa3a9ebd124ea7a13f1035
2026.09.19 20:09:00,20:09:00,13,com.fitbit.FitbitMobile
2026.09.19 20:09:04,20:09:04,13,com.android.healthconnect.phone.jd7cdc53389aa3a9ebd124ea7a13f1035
2026.09.19 20:10:00,20:10:00,100,com.huami.watch.hmwatchmanager
2026.09.19 20:16:00,20:16:00,2,com.fitbit.FitbitMobile
2026.09.19 20:17:00,20:17:00,21,com.fitbit.FitbitMobile
2026.09.19 20:17:29,20:17:29,8,com.android.healthconnect.phone.jd7cdc53389aa3a9ebd124ea7a13f1035
2026.09.19 20:17:45,20:17:45,64,com.android.healthconnect.phone.jd7cdc53389aa3a9ebd124ea7a13f1035
2026.09.19 20:18:00,20:18:00,51,com.fitbit.FitbitMobile
2026.09.19 20:18:40,20:18:40,6,com.android.healthconnect.phone.jd7cdc53389aa3a9ebd124ea7a13f1035
2026.09.19 20:19:00,20:19:00,24,com.fitbit.FitbitMobile
2026.09.19 20:19:37,20:19:37,69,com.android.healthconnect.phone.jd7cdc53389aa3a9ebd124ea7a13f1035
2026.09.19 20:20:00,20:20:00,486,com.huami.watch.hmwatchmanager
2026.09.19 20:20:00,20:20:00,51,com.fitbit.FitbitMobile
2026.09.19 20:20:40,20:20:40,6,com.android.healthconnect.phone.jd7cdc53389aa3a9ebd124ea7a13f1035
2026.09.19 20:21:00,20:21:00,12,com.fitbit.FitbitMobile
2026.09.19 20:21:33,20:21:33,22,com.android.healthconnect.phone.jd7cdc53389aa3a9ebd124ea7a13f1035
2026.09.19 20:22:00,20:22:00,27,com.fitbit.FitbitMobile
2026.09.19 20:22:44,20:22:44,70,com.android.healthconnect.phone.jd7cdc53389aa3a9ebd124ea7a13f1035
2026.09.19 20:23:00,20:23:00,79,com.fitbit.FitbitMobile
2026.09.19 20:23:45,20:23:45,85,com.android.healthconnect.phone.jd7cdc53389aa3a9ebd124ea7a13f1035
2026.09.19 20:24:00,20:24:00,86,com.fitbit.FitbitMobile
2026.09.19 20:24:45,20:24:45,76,com.android.healthconnect.phone.jd7cdc53389aa3a9ebd124ea7a13f1035
2026.09.19 20:25:00,20:25:00,74,com.fitbit.FitbitMobile
2026.09.19 20:25:45,20:25:45,67,com.android.healthconnect.phone.jd7cdc53389aa3a9ebd124ea7a13f1035
2026.09.19 20:26:00,20:26:00,70,com.fitbit.FitbitMobile
2026.09.19 20:26:36,20:26:36,40,com.android.healthconnect.phone.jd7cdc53389aa3a9ebd124ea7a13f1035
2026.09.19 20:27:00,20:27:00,21,com.fitbit.FitbitMobile
2026.09.19 20:27:28,20:27:28,30,com.android.healthconnect.phone.jd7cdc53389aa3a9ebd124ea7a13f1035
2026.09.19 20:28:00,20:28:00,25,com.fitbit.FitbitMobile
2026.09.19 20:28:59,20:28:59,55,com.android.healthconnect.phone.jd7cdc53389aa3a9ebd124ea7a13f1035
2026.09.19 20:29:00,20:29:00,25,com.fitbit.FitbitMobile
2026.09.19 20:30:00,20:30:00,577,com.huami.watch.hmwatchmanager
2026.09.19 20:30:00,20:30:00,43,com.fitbit.FitbitMobile
2026.09.19 20:30:29,20:30:29,24,com.android.healthconnect.phone.jd7cdc53389aa3a9ebd124ea7a13f1035
2026.09.19 20:31:00,20:31:00,18,com.fitbit.FitbitMobile
2026.09.19 20:31:16,20:31:16,56,com.android.healthconnect.phone.jd7cdc53389aa3a9ebd124ea7a13f1035
2026.09.19 20:32:00,20:32:00,42,com.fitbit.FitbitMobile
2026.09.19 20:33:00,20:33:00,36,com.fitbit.FitbitMobile
2026.09.19 20:33:06,20:33:06,38,com.android.healthconnect.phone.jd7cdc53389aa3a9ebd124ea7a13f1035
2026.09.19 20:34:00,20:34:00,58,com.fitbit.FitbitMobile
2026.09.19 20:34:07,20:34:07,65,com.android.healthconnect.phone.jd7cdc53389aa3a9ebd124ea7a13f1035
2026.09.19 20:35:00,20:35:00,84,com.fitbit.FitbitMobile
2026.09.19 20:35:11,20:35:11,92,com.android.healthconnect.phone.jd7cdc53389aa3a9ebd124ea7a13f1035
2026.09.19 20:36:00,20:36:00,90,com.fitbit.FitbitMobile
2026.09.19 20:36:15,20:36:15,91,com.android.healthconnect.phone.jd7cdc53389aa3a9ebd124ea7a13f1035
2026.09.19 20:37:00,20:37:00,40,com.fitbit.FitbitMobile
2026.09.19 20:37:36,20:37:36,37,com.android.healthconnect.phone.jd7cdc53389aa3a9ebd124ea7a13f1035
2026.09.19 20:38:00,20:38:00,50,com.fitbit.FitbitMobile
2026.09.19 20:38:23,20:38:23,64,com.android.healthconnect.phone.jd7cdc53389aa3a9ebd124ea7a13f1035
2026.09.19 20:39:00,20:39:00,62,com.fitbit.FitbitMobile
2026.09.19 20:39:31,20:39:31,50,com.android.healthconnect.phone.jd7cdc53389aa3a9ebd124ea7a13f1035
2026.09.19 20:40:00,20:40:00,429,com.huami.watch.hmwatchmanager
2026.09.19 20:40:00,20:40:00,24,com.fitbit.FitbitMobile
2026.09.19 20:41:00,20:41:00,4,com.fitbit.FitbitMobile
2026.09.19 20:42:00,20:42:00,26,com.fitbit.FitbitMobile
2026.09.19 20:42:09,20:42:09,6,com.android.healthconnect.phone.jd7cdc53389aa3a9ebd124ea7a13f1035
2026.09.19 20:42:21,20:42:21,50,com.android.healthconnect.phone.jd7cdc53389aa3a9ebd124ea7a13f1035
2026.09.19 20:43:00,20:43:00,51,com.fitbit.FitbitMobile
2026.09.19 20:43:20,20:43:20,36,com.android.healthconnect.phone.jd7cdc53389aa3a9ebd124ea7a13f1035
2026.09.19 20:44:00,20:44:00,32,com.fitbit.FitbitMobile
2026.09.19 20:44:21,20:44:21,47,com.android.healthconnect.phone.jd7cdc53389aa3a9ebd124ea7a13f1035
2026.09.19 20:45:00,20:45:00,71,com.fitbit.FitbitMobile
2026.09.19 20:45:21,20:45:21,72,com.android.healthconnect.phone.jd7cdc53389aa3a9ebd124ea7a13f1035
2026.09.19 20:46:00,20:46:00,89,com.fitbit.FitbitMobile
2026.09.19 20:46:20,20:46:20,92,com.android.healthconnect.phone.jd7cdc53389aa3a9ebd124ea7a13f1035
2026.09.19 20:47:00,20:47:00,57,com.fitbit.FitbitMobile
2026.09.19 20:47:20,20:47:20,30,com.android.healthconnect.phone.jd7cdc53389aa3a9ebd124ea7a13f1035
2026.09.19 20:48:00,20:48:00,9,com.fitbit.FitbitMobile
2026.09.19 20:48:02,20:48:02,14,com.android.healthconnect.phone.jd7cdc53389aa3a9ebd124ea7a13f1035
2026.09.19 20:49:00,20:49:00,38,com.fitbit.FitbitMobile
2026.09.19 20:49:15,20:49:15,61,com.android.healthconnect.phone.jd7cdc53389aa3a9ebd124ea7a13f1035
2026.09.19 20:50:00,20:50:00,204,com.huami.watch.hmwatchmanager
2026.09.19 20:50:00,20:50:00,46,com.fitbit.FitbitMobile
2026.09.19 20:50:20,20:50:20,35,com.android.healthconnect.phone.jd7cdc53389aa3a9ebd124ea7a13f1035
2026.09.19 20:51:00,20:51:00,81,com.fitbit.FitbitMobile
2026.09.19 20:51:20,20:51:20,89,com.android.healthconnect.phone.jd7cdc53389aa3a9ebd124ea7a13f1035
2026.09.19 20:52:00,20:52:00,68,com.fitbit.FitbitMobile
2026.09.19 20:52:20,20:52:20,40,com.android.healthconnect.phone.jd7cdc53389aa3a9ebd124ea7a13f1035
2026.09.19 21:00:00,21:00:00,616,com.huami.watch.hmwatchmanager
2026.09.19 21:00:00,21:00:00,2,com.fitbit.FitbitMobile
2026.09.19 21:01:00,21:01:00,28,com.fitbit.FitbitMobile
2026.09.19 21:01:26,21:01:26,6,com.android.healthconnect.phone.jd7cdc53389aa3a9ebd124ea7a13f1035
2026.09.19 21:01:38,21:01:38,76,com.android.healthconnect.phone.jd7cdc53389aa3a9ebd124ea7a13f1035
2026.09.19 21:02:00,21:02:00,81,com.fitbit.FitbitMobile
2026.09.19 21:02:37,21:02:37,77,com.android.healthconnect.phone.jd7cdc53389aa3a9ebd124ea7a13f1035
2026.09.19 21:03:00,21:03:00,81,com.fitbit.FitbitMobile
2026.09.19 21:03:35,21:03:35,66,com.android.healthconnect.phone.jd7cdc53389aa3a9ebd124ea7a13f1035
2026.09.19 21:04:00,21:04:00,40,com.fitbit.FitbitMobile
2026.09.19 21:04:30,21:04:30,50,com.android.healthconnect.phone.jd7cdc53389aa3a9ebd124ea7a13f1035
2026.09.19 21:05:00,21:05:00,79,com.fitbit.FitbitMobile
2026.09.19 21:05:36,21:05:36,89,com.android.healthconnect.phone.jd7cdc53389aa3a9ebd124ea7a13f1035
2026.09.19 21:06:00,21:06:00,62,com.fitbit.FitbitMobile
2026.09.19 21:06:38,21:06:38,9,com.android.healthconnect.phone.jd7cdc53389aa3a9ebd124ea7a13f1035
2026.09.19 21:06:48,21:06:48,60,com.android.healthconnect.phone.jd7cdc53389aa3a9ebd124ea7a13f1035
2026.09.19 21:07:00,21:07:00,7,com.fitbit.FitbitMobile
2026.09.19 21:08:00,21:08:00,90,com.fitbit.FitbitMobile
2026.09.19 21:08:37,21:08:37,101,com.android.healthconnect.phone.jd7cdc53389aa3a9ebd124ea7a13f1035
2026.09.19 21:09:00,21:09:00,101,com.fitbit.FitbitMobile
2026.09.19 21:09:38,21:09:38,97,com.android.healthconnect.phone.jd7cdc53389aa3a9ebd124ea7a13f1035
2026.09.19 21:10:00,21:10:00,146,com.huami.watch.hmwatchmanager
2026.09.19 21:10:00,21:10:00,97,com.fitbit.FitbitMobile
2026.09.19 21:10:37,21:10:37,69,com.android.healthconnect.phone.jd7cdc53389aa3a9ebd124ea7a13f1035
2026.09.19 21:11:00,21:11:00,59,com.fitbit.FitbitMobile
2026.09.19 21:11:21,21:11:21,29,com.android.healthconnect.phone.jd7cdc53389aa3a9ebd124ea7a13f1035
2026.09.19 21:12:00,21:12:00,2,com.fitbit.FitbitMobile
2026.09.19 21:50:00,21:50:00,7,com.huami.watch.hmwatchmanager
2026.09.19 21:59:00,21:59:00,11,com.fitbit.FitbitMobile
2026.09.19 21:59:48,21:59:48,16,com.android.healthconnect.phone.jd7cdc53389aa3a9ebd124ea7a13f1035
2026.09.19 22:00:00,22:00:00,36,com.huami.watch.hmwatchmanager
2026.09.19 22:00:00,22:00:00,40,com.fitbit.FitbitMobile
2026.09.19 22:00:20,22:00:20,53,com.android.healthconnect.phone.jd7cdc53389aa3a9ebd124ea7a13f1035
2026.09.19 22:01:00,22:01:00,25,com.fitbit.FitbitMobile
2026.09.19 22:01:27,22:01:27,89,com.android.healthconnect.phone.jd7cdc53389aa3a9ebd124ea7a13f1035
2026.09.19 22:02:00,22:02:00,72,com.fitbit.FitbitMobile
2026.09.19 22:03:00,22:03:00,98,com.fitbit.FitbitMobile
2026.09.19 22:03:07,22:03:07,220,com.android.healthconnect.phone.jd7cdc53389aa3a9ebd124ea7a13f1035
2026.09.19 22:04:00,22:04:00,101,com.fitbit.FitbitMobile
2026.09.19 22:05:00,22:05:00,101,com.fitbit.FitbitMobile
2026.09.19 22:05:17,22:05:17,168,com.android.healthconnect.phone.jd7cdc53389aa3a9ebd124ea7a13f1035
2026.09.19 22:06:00,22:06:00,98,com.fitbit.FitbitMobile
2026.09.19 22:06:59,22:06:59,101,com.android.healthconnect.phone.jd7cdc53389aa3a9ebd124ea7a13f1035
2026.09.19 22:07:00,22:07:00,101,com.fitbit.FitbitMobile
2026.09.19 22:07:59,22:07:59,71,com.android.healthconnect.phone.jd7cdc53389aa3a9ebd124ea7a13f1035
2026.09.19 22:08:00,22:08:00,71,com.fitbit.FitbitMobile
2026.09.19 22:09:00,22:09:00,103,com.fitbit.FitbitMobile
2026.09.19 22:09:00,22:09:00,103,com.android.healthconnect.phone.jd7cdc53389aa3a9ebd124ea7a13f1035
2026.09.19 22:09:59,22:09:59,46,com.android.healthconnect.phone.jd7cdc53389aa3a9ebd124ea7a13f1035
2026.09.19 22:10:00,22:10:00,181,com.huami.watch.hmwatchmanager
2026.09.19 22:10:00,22:10:00,46,com.fitbit.FitbitMobile
2026.09.19 22:10:26,22:10:26,73,com.android.healthconnect.phone.jd7cdc53389aa3a9ebd124ea7a13f1035
2026.09.19 22:11:00,22:11:00,10,com.fitbit.FitbitMobile
2026.09.19 22:12:00,22:12:00,94,com.fitbit.FitbitMobile
2026.09.19 22:12:37,22:12:37,61,com.android.healthconnect.phone.jd7cdc53389aa3a9ebd124ea7a13f1035
2026.09.19 22:13:00,22:13:00,16,com.fitbit.FitbitMobile
2026.09.19 22:14:00,22:14:00,14,com.fitbit.FitbitMobile
2026.09.19 22:20:00,22:20:00,40,com.huami.watch.hmwatchmanager
2026.09.19 22:24:00,22:24:00,2,com.fitbit.FitbitMobile
2026.09.19 22:25:00,22:25:00,5,com.fitbit.FitbitMobile
2026.09.19 22:25:28,22:25:28,7,com.android.healthconnect.phone.jd7cdc53389aa3a9ebd124ea7a13f1035
2026.09.19 23:01:00,23:01:00,3,com.fitbit.FitbitMobile
2026.09.19 23:02:00,23:02:00,12,com.fitbit.FitbitMobile
2026.09.19 23:02:24,23:02:24,9,com.android.healthconnect.phone.jd7cdc53389aa3a9ebd124ea7a13f1035
2026.09.19 23:02:42,23:02:42,6,com.android.healthconnect.phone.jd7cdc53389aa3a9ebd124ea7a13f1035
2026.09.19 23:21:00,23:21:00,1,com.fitbit.FitbitMobile
2026.09.19 23:22:00,23:22:00,11,com.fitbit.FitbitMobile
2026.09.19 23:22:42,23:22:42,6,com.android.healthconnect.phone.jd7cdc53389aa3a9ebd124ea7a13f1035
2026.09.19 23:22:54,23:22:54,6,com.android.healthconnect.phone.jd7cdc53389aa3a9ebd124ea7a13f1035
2026.09.20 00:19:00,00:19:00,2,com.fitbit.FitbitMobile
2026.09.20 00:20:00,00:20:00,5,com.fitbit.FitbitMobile
2026.09.20 00:20:33,00:20:33,7,com.android.healthconnect.phone.jd7cdc53389aa3a9ebd124ea7a13f1035
2026.09.20 04:10:00,04:10:00,13,com.huami.watch.hmwatchmanager
2026.09.20 06:40:00,06:40:00,10,com.huami.watch.hmwatchmanager
2026.09.20 07:50:00,07:50:00,29,com.huami.watch.hmwatchmanager
2026.09.20 08:00:00,08:00:00,697,com.huami.watch.hmwatchmanager
2026.09.20 08:00:00,08:00:00,3,com.fitbit.FitbitMobile
2026.09.20 08:01:00,08:01:00,9,com.fitbit.FitbitMobile
2026.09.20 08:01:23,08:01:23,7,com.android.healthconnect.phone.jd7cdc53389aa3a9ebd124ea7a13f1035
2026.09.20 08:01:37,08:01:37,108,com.android.healthconnect.phone.jd7cdc53389aa3a9ebd124ea7a13f1035
2026.09.20 08:02:00,08:02:00,27,com.fitbit.FitbitMobile
2026.09.20 08:03:00,08:03:00,81,com.fitbit.FitbitMobile
2026.09.20 08:03:57,08:03:57,96,com.android.healthconnect.phone.jd7cdc53389aa3a9ebd124ea7a13f1035
2026.09.20 08:04:00,08:04:00,96,com.fitbit.FitbitMobile
2026.09.20 08:04:57,08:04:57,275,com.android.healthconnect.phone.jd7cdc53389aa3a9ebd124ea7a13f1035
2026.09.20 08:05:00,08:05:00,102,com.fitbit.FitbitMobile
2026.09.20 08:06:00,08:06:00,101,com.fitbit.FitbitMobile
2026.09.20 08:07:00,08:07:00,87,com.fitbit.FitbitMobile
2026.09.20 08:07:43,08:07:43,206,com.android.healthconnect.phone.jd7cdc53389aa3a9ebd124ea7a13f1035
2026.09.20 08:08:00,08:08:00,91,com.fitbit.FitbitMobile
2026.09.20 08:09:00,08:09:00,100,com.fitbit.FitbitMobile
2026.09.20 08:09:57,08:09:57,102,com.android.healthconnect.phone.jd7cdc53389aa3a9ebd124ea7a13f1035
2026.09.20 08:10:00,08:10:00,731,com.huami.watch.hmwatchmanager
2026.09.20 08:10:00,08:10:00,101,com.fitbit.FitbitMobile
2026.09.20 08:10:57,08:10:57,202,com.android.healthconnect.phone.jd7cdc53389aa3a9ebd124ea7a13f1035
2026.09.20 08:11:00,08:11:00,107,com.fitbit.FitbitMobile
2026.09.20 08:12:00,08:12:00,110,com.fitbit.FitbitMobile
2026.09.20 08:12:48,08:12:48,113,com.android.healthconnect.phone.jd7cdc53389aa3a9ebd124ea7a13f1035
2026.09.20 08:13:00,08:13:00,89,com.fitbit.FitbitMobile
2026.09.20 08:14:00,08:14:00,94,com.fitbit.FitbitMobile
2026.09.20 08:14:03,08:14:03,167,com.android.healthconnect.phone.jd7cdc53389aa3a9ebd124ea7a13f1035
2026.09.20 08:15:00,08:15:00,95,com.fitbit.FitbitMobile
2026.09.20 08:15:49,08:15:49,71,com.android.healthconnect.phone.jd7cdc53389aa3a9ebd124ea7a13f1035
2026.09.20 08:16:00,08:16:00,45,com.fitbit.FitbitMobile
2026.09.20 08:17:00,08:17:00,9,com.fitbit.FitbitMobile
2026.09.20 08:17:09,08:17:09,32,com.android.healthconnect.phone.jd7cdc53389aa3a9ebd124ea7a13f1035
2026.09.20 08:18:00,08:18:00,4,com.fitbit.FitbitMobile
2026.09.20 08:19:00,08:19:00,27,com.fitbit.FitbitMobile
2026.09.20 08:19:59,08:19:59,32,com.android.healthconnect.phone.jd7cdc53389aa3a9ebd124ea7a13f1035
2026.09.20 08:20:00,08:20:00,329,com.huami.watch.hmwatchmanager
2026.09.20 08:20:00,08:20:00,33,com.fitbit.FitbitMobile
2026.09.20 08:22:00,08:22:00,3,com.fitbit.FitbitMobile
2026.09.20 08:23:00,08:23:00,8,com.fitbit.FitbitMobile
2026.09.20 08:23:26,08:23:26,7,com.android.healthconnect.phone.jd7cdc53389aa3a9ebd124ea7a13f1035
2026.09.20 08:23:40,08:23:40,27,com.android.healthconnect.phone.jd7cdc53389aa3a9ebd124ea7a13f1035
2026.09.20 08:24:00,08:24:00,19,com.fitbit.FitbitMobile
2026.09.20 08:25:00,08:25:00,13,com.fitbit.FitbitMobile
2026.09.20 08:25:03,08:25:03,7,com.android.healthconnect.phone.jd7cdc53389aa3a9ebd124ea7a13f1035
2026.09.20 08:25:52,08:25:52,104,com.android.healthconnect.phone.jd7cdc53389aa3a9ebd124ea7a13f1035
2026.09.20 08:26:00,08:26:00,50,com.fitbit.FitbitMobile
2026.09.20 08:27:00,08:27:00,70,com.fitbit.FitbitMobile
2026.09.20 08:27:45,08:27:45,76,com.android.healthconnect.phone.jd7cdc53389aa3a9ebd124ea7a13f1035
2026.09.20 08:28:00,08:28:00,44,com.fitbit.FitbitMobile
2026.09.20 08:29:00,08:29:00,70,com.fitbit.FitbitMobile
2026.09.20 08:29:15,08:29:15,76,com.android.healthconnect.phone.jd7cdc53389aa3a9ebd124ea7a13f1035
2026.09.20 08:30:00,08:30:00,428,com.huami.watch.hmwatchmanager
2026.09.20 08:30:00,08:30:00,72,com.fitbit.FitbitMobile
2026.09.20 08:30:15,08:30:15,49,com.android.healthconnect.phone.jd7cdc53389aa3a9ebd124ea7a13f1035
2026.09.20 08:30:55,08:30:55,54,com.android.healthconnect.phone.jd7cdc53389aa3a9ebd124ea7a13f1035
2026.09.20 08:31:00,08:31:00,40,com.fitbit.FitbitMobile
2026.09.20 08:32:00,08:32:00,67,com.fitbit.FitbitMobile
2026.09.20 08:32:15,08:32:15,66,com.android.healthconnect.phone.jd7cdc53389aa3a9ebd124ea7a13f1035
2026.09.20 08:33:00,08:33:00,72,com.fitbit.FitbitMobile
2026.09.20 08:33:06,08:33:06,85,com.android.healthconnect.phone.jd7cdc53389aa3a9ebd124ea7a13f1035
2026.09.20 08:34:00,08:34:00,34,com.fitbit.FitbitMobile
2026.09.20 08:34:15,08:34:15,9,com.android.healthconnect.phone.jd7cdc53389aa3a9ebd124ea7a13f1035
2026.09.20 08:34:24,08:34:24,41,com.android.healthconnect.phone.jd7cdc53389aa3a9ebd124ea7a13f1035
2026.09.20 08:35:00,08:35:00,26,com.fitbit.FitbitMobile
2026.09.20 08:36:00,08:36:00,86,com.fitbit.FitbitMobile
2026.09.20 08:36:15,08:36:15,86,com.android.healthconnect.phone.jd7cdc53389aa3a9ebd124ea7a13f1035
2026.09.20 08:37:00,08:37:00,13,com.fitbit.FitbitMobile
2026.09.20 08:40:00,08:40:00,529,com.huami.watch.hmwatchmanager
2026.09.20 08:41:00,08:41:00,4,com.fitbit.FitbitMobile
2026.09.20 08:42:00,08:42:00,37,com.fitbit.FitbitMobile
2026.09.20 08:42:20,08:42:20,7,com.android.healthconnect.phone.jd7cdc53389aa3a9ebd124ea7a13f1035
2026.09.20 08:42:34,08:42:34,67,com.android.healthconnect.phone.jd7cdc53389aa3a9ebd124ea7a13f1035
2026.09.20 08:43:00,08:43:00,41,com.fitbit.FitbitMobile
2026.09.20 08:43:19,08:43:19,76,com.android.healthconnect.phone.jd7cdc53389aa3a9ebd124ea7a13f1035
2026.09.20 08:44:00,08:44:00,81,com.fitbit.FitbitMobile
2026.09.20 08:44:51,08:44:51,91,com.android.healthconnect.phone.jd7cdc53389aa3a9ebd124ea7a13f1035
2026.09.20 08:45:00,08:45:00,88,com.fitbit.FitbitMobile
2026.09.20 08:45:52,08:45:52,47,com.android.healthconnect.phone.jd7cdc53389aa3a9ebd124ea7a13f1035
2026.09.20 08:46:00,08:46:00,46,com.fitbit.FitbitMobile
2026.09.20 08:46:37,08:46:37,63,com.android.healthconnect.phone.jd7cdc53389aa3a9ebd124ea7a13f1035
2026.09.20 08:47:00,08:47:00,63,com.fitbit.FitbitMobile
2026.09.20 08:47:51,08:47:51,84,com.android.healthconnect.phone.jd7cdc53389aa3a9ebd124ea7a13f1035
2026.09.20 08:48:00,08:48:00,90,com.fitbit.FitbitMobile
2026.09.20 08:48:52,08:48:52,104,com.android.healthconnect.phone.jd7cdc53389aa3a9ebd124ea7a13f1035
2026.09.20 08:49:00,08:49:00,103,com.fitbit.FitbitMobile
2026.09.20 08:49:51,08:49:51,104,com.android.healthconnect.phone.jd7cdc53389aa3a9ebd124ea7a13f1035
2026.09.20 08:50:00,08:50:00,360,com.huami.watch.hmwatchmanager
2026.09.20 08:50:00,08:50:00,104,com.fitbit.FitbitMobile
2026.09.20 08:50:52,08:50:52,87,com.android.healthconnect.phone.jd7cdc53389aa3a9ebd124ea7a13f1035
2026.09.20 08:51:00,08:51:00,91,com.fitbit.FitbitMobile
2026.09.20 08:51:41,08:51:41,94,com.android.healthconnect.phone.jd7cdc53389aa3a9ebd124ea7a13f1035
2026.09.20 08:52:00,08:52:00,90,com.fitbit.FitbitMobile
2026.09.20 08:52:44,08:52:44,75,com.android.healthconnect.phone.jd7cdc53389aa3a9ebd124ea7a13f1035
2026.09.20 08:53:00,08:53:00,62,com.fitbit.FitbitMobile
2026.09.20 08:53:46,08:53:46,7,com.android.healthconnect.phone.jd7cdc53389aa3a9ebd124ea7a13f1035
2026.09.20 08:54:00,08:54:00,6,com.fitbit.FitbitMobile
2026.09.20 09:00:00,09:00:00,102,com.huami.watch.hmwatchmanager
2026.09.20 09:08:00,09:08:00,8,com.fitbit.FitbitMobile
2026.09.20 09:08:46,09:08:46,7,com.android.healthconnect.phone.jd7cdc53389aa3a9ebd124ea7a13f1035
2026.09.20 09:09:00,09:09:00,97,com.fitbit.FitbitMobile
2026.09.20 09:09:00,09:09:00,232,com.android.healthconnect.phone.jd7cdc53389aa3a9ebd124ea7a13f1035
2026.09.20 09:10:00,09:10:00,413,com.huami.watch.hmwatchmanager
2026.09.20 09:10:00,09:10:00,102,com.fitbit.FitbitMobile
2026.09.20 09:11:00,09:11:00,104,com.fitbit.FitbitMobile
2026.09.20 09:11:18,09:11:18,218,com.android.healthconnect.phone.jd7cdc53389aa3a9ebd124ea7a13f1035
2026.09.20 09:12:00,09:12:00,80,com.fitbit.FitbitMobile
2026.09.20 09:13:00,09:13:00,27,com.fitbit.FitbitMobile
2026.09.20 09:14:00,09:14:00,74,com.fitbit.FitbitMobile
2026.09.20 09:14:21,09:14:21,45,com.android.healthconnect.phone.jd7cdc53389aa3a9ebd124ea7a13f1035
2026.09.20 09:15:00,09:15:00,25,com.fitbit.FitbitMobile
2026.09.20 09:15:22,09:15:22,15,com.android.healthconnect.phone.jd7cdc53389aa3a9ebd124ea7a13f1035
2026.09.20 09:20:00,09:20:00,19,com.huami.watch.hmwatchmanager
2026.09.20 09:30:00,09:30:00,11,com.huami.watch.hmwatchmanager
2026.09.20 09:40:00,09:40:00,51,com.huami.watch.hmwatchmanager
2026.09.20 09:50:00,09:50:00,32,com.huami.watch.hmwatchmanager
2026.09.20 10:10:00,10:10:00,34,com.huami.watch.hmwatchmanager
2026.09.20 10:19:00,10:19:00,15,com.fitbit.FitbitMobile
2026.09.20 10:19:35,10:19:35,15,com.android.healthconnect.phone.jd7cdc53389aa3a9ebd124ea7a13f1035
2026.09.20 10:20:00,10:20:00,1054,com.huami.watch.hmwatchmanager
2026.09.20 10:20:00,10:20:00,96,com.fitbit.FitbitMobile
2026.09.20 10:20:05,10:20:05,122,com.android.healthconnect.phone.jd7cdc53389aa3a9ebd124ea7a13f1035
2026.09.20 10:21:00,10:21:00,113,com.fitbit.FitbitMobile
2026.09.20 10:21:14,10:21:14,112,com.android.healthconnect.phone.jd7cdc53389aa3a9ebd124ea7a13f1035
2026.09.20 10:22:00,10:22:00,108,com.fitbit.FitbitMobile
2026.09.20 10:22:13,10:22:13,109,com.android.healthconnect.phone.jd7cdc53389aa3a9ebd124ea7a13f1035
2026.09.20 10:23:00,10:23:00,112,com.fitbit.FitbitMobile
2026.09.20 10:23:13,10:23:13,123,com.android.healthconnect.phone.jd7cdc53389aa3a9ebd124ea7a13f1035
2026.09.20 10:24:00,10:24:00,109,com.fitbit.FitbitMobile
2026.09.20 10:24:20,10:24:20,109,com.android.healthconnect.phone.jd7cdc53389aa3a9ebd124ea7a13f1035
2026.09.20 10:25:00,10:25:00,108,com.fitbit.FitbitMobile
2026.09.20 10:25:20,10:25:20,107,com.android.healthconnect.phone.jd7cdc53389aa3a9ebd124ea7a13f1035
2026.09.20 10:26:00,10:26:00,109,com.fitbit.FitbitMobile
2026.09.20 10:26:20,10:26:20,92,com.android.healthconnect.phone.jd7cdc53389aa3a9ebd124ea7a13f1035
2026.09.20 10:27:00,10:27:00,77,com.fitbit.FitbitMobile
2026.09.20 10:27:10,10:27:10,96,com.android.healthconnect.phone.jd7cdc53389aa3a9ebd124ea7a13f1035
2026.09.20 10:28:00,10:28:00,109,com.fitbit.FitbitMobile
2026.09.20 10:28:20,10:28:20,107,com.android.healthconnect.phone.jd7cdc53389aa3a9ebd124ea7a13f1035
2026.09.20 10:29:00,10:29:00,102,com.fitbit.FitbitMobile
2026.09.20 10:29:20,10:29:20,88,com.android.healthconnect.phone.jd7cdc53389aa3a9ebd124ea7a13f1035
2026.09.20 10:30:00,10:30:00,182,com.huami.watch.hmwatchmanager
2026.09.20 10:30:00,10:30:00,51,com.fitbit.FitbitMobile
2026.09.20 10:30:13,10:30:13,47,com.android.healthconnect.phone.jd7cdc53389aa3a9ebd124ea7a13f1035
2026.09.20 10:31:00,10:31:00,53,com.fitbit.FitbitMobile
2026.09.20 10:31:12,10:31:12,67,com.android.healthconnect.phone.jd7cdc53389aa3a9ebd124ea7a13f1035
2026.09.20 10:32:00,10:32:00,58,com.fitbit.FitbitMobile
2026.09.20 10:32:20,10:32:20,35,com.android.healthconnect.phone.jd7cdc53389aa3a9ebd124ea7a13f1035
2026.09.20 10:33:00,10:33:00,21,com.fitbit.FitbitMobile
2026.09.20 10:33:13,10:33:13,22,com.android.healthconnect.phone.jd7cdc53389aa3a9ebd124ea7a13f1035
2026.09.20 10:34:00,10:34:00,19,com.fitbit.FitbitMobile
2026.09.20 10:34:20,10:34:20,9,com.android.healthconnect.phone.jd7cdc53389aa3a9ebd124ea7a13f1035
2026.09.20 12:10:00,12:10:00,45,com.huami.watch.hmwatchmanager
2026.09.20 12:17:00,12:17:00,4,com.fitbit.FitbitMobile
2026.09.20 12:18:00,12:18:00,29,com.fitbit.FitbitMobile
2026.09.20 12:18:14,12:18:14,15,com.android.healthconnect.phone.jd7cdc53389aa3a9ebd124ea7a13f1035
2026.09.20 12:18:44,12:18:44,48,com.android.healthconnect.phone.jd7cdc53389aa3a9ebd124ea7a13f1035
2026.09.20 12:19:00,12:19:00,57,com.fitbit.FitbitMobile
2026.09.20 12:19:43,12:19:43,48,com.android.healthconnect.phone.jd7cdc53389aa3a9ebd124ea7a13f1035
2026.09.20 12:20:00,12:20:00,24,com.huami.watch.hmwatchmanager
2026.09.20 12:20:00,12:20:00,22,com.fitbit.FitbitMobile
2026.09.20 12:20:13,12:20:13,22,com.android.healthconnect.phone.jd7cdc53389aa3a9ebd124ea7a13f1035
2026.09.20 12:21:00,12:21:00,11,com.fitbit.FitbitMobile
2026.09.20 12:22:00,12:22:00,23,com.fitbit.FitbitMobile
2026.09.20 12:22:21,12:22:21,13,com.android.healthconnect.phone.jd7cdc53389aa3a9ebd124ea7a13f1035
2026.09.20 12:40:00,12:40:00,6,com.huami.watch.hmwatchmanager
2026.09.20 13:00:00,13:00:00,8,com.huami.watch.hmwatchmanager
2026.09.20 14:00:00,14:00:00,10,com.huami.watch.hmwatchmanager
2026.09.20 14:50:00,14:50:00,6,com.huami.watch.hmwatchmanager
2026.09.20 15:00:00,15:00:00,31,com.huami.watch.hmwatchmanager
2026.09.20 15:10:00,15:10:00,7,com.huami.watch.hmwatchmanager
2026.09.20 15:40:00,15:40:00,7,com.huami.watch.hmwatchmanager
2026.09.20 17:00:00,17:00:00,8,com.huami.watch.hmwatchmanager
2026.09.20 17:10:00,17:10:00,12,com.huami.watch.hmwatchmanager
2026.09.20 17:13:00,17:13:00,5,com.fitbit.FitbitMobile
2026.09.20 17:14:00,17:14:00,14,com.fitbit.FitbitMobile
2026.09.20 17:14:11,17:14:11,12,com.android.healthconnect.phone.jd7cdc53389aa3a9ebd124ea7a13f1035
2026.09.20 17:14:35,17:14:35,7,com.android.healthconnect.phone.jd7cdc53389aa3a9ebd124ea7a13f1035
2026.09.20 17:50:00,17:50:00,17,com.huami.watch.hmwatchmanager
2026.09.20 18:40:00,18:40:00,7,com.huami.watch.hmwatchmanager
2026.09.20 18:50:00,18:50:00,7,com.huami.watch.hmwatchmanager
2026.09.20 20:10:00,20:10:00,34,com.huami.watch.hmwatchmanager
2026.09.20 21:26:00,21:26:00,7,com.fitbit.FitbitMobile
2026.09.20 21:27:00,21:27:00,6,com.fitbit.FitbitMobile
2026.09.20 21:27:02,21:27:02,12,com.android.healthconnect.phone.jd7cdc53389aa3a9ebd124ea7a13f1035
2026.09.20 21:27:26,21:27:26,1,com.android.healthconnect.phone.jd7cdc53389aa3a9ebd124ea7a13f1035
2026.09.20 21:30:00,21:30:00,33,com.huami.watch.hmwatchmanager
2026.09.20 21:40:00,21:40:00,7,com.huami.watch.hmwatchmanager
2026.09.20 21:49:00,21:49:00,5,com.fitbit.FitbitMobile
2026.09.20 21:50:00,21:50:00,211,com.huami.watch.hmwatchmanager
2026.09.20 21:50:00,21:50:00,18,com.fitbit.FitbitMobile
2026.09.20 21:50:09,21:50:09,15,com.android.healthconnect.phone.jd7cdc53389aa3a9ebd124ea7a13f1035
2026.09.20 21:50:39,21:50:39,8,com.android.healthconnect.phone.jd7cdc53389aa3a9ebd124ea7a13f1035
2026.09.20 21:54:00,21:54:00,7,com.fitbit.FitbitMobile
2026.09.20 21:54:49,21:54:49,7,com.android.healthconnect.phone.jd7cdc53389aa3a9ebd124ea7a13f1035
2026.09.20 21:55:00,21:55:00,24,com.fitbit.FitbitMobile
2026.09.20 21:55:03,21:55:03,65,com.android.healthconnect.phone.jd7cdc53389aa3a9ebd124ea7a13f1035
2026.09.20 21:56:00,21:56:00,30,com.fitbit.FitbitMobile
2026.09.20 21:57:00,21:57:00,46,com.fitbit.FitbitMobile
2026.09.20 21:57:08,21:57:08,49,com.android.healthconnect.phone.jd7cdc53389aa3a9ebd124ea7a13f1035
2026.09.20 21:58:00,21:58:00,16,com.fitbit.FitbitMobile
2026.09.20 21:58:08,21:58:08,56,com.android.healthconnect.phone.jd7cdc53389aa3a9ebd124ea7a13f1035
2026.09.20 21:59:00,21:59:00,24,com.fitbit.FitbitMobile
2026.09.20 22:00:00,22:00:00,107,com.huami.watch.hmwatchmanager
2026.09.20 22:01:00,22:01:00,1,com.fitbit.FitbitMobile
2026.09.20 22:02:00,22:02:00,15,com.fitbit.FitbitMobile
2026.09.20 22:03:00,22:03:00,14,com.fitbit.FitbitMobile
2026.09.20 22:04:00,22:04:00,2,com.fitbit.FitbitMobile
2026.09.20 22:05:00,22:05:00,12,com.fitbit.FitbitMobile
2026.09.20 22:05:30,22:05:30,7,com.android.healthconnect.phone.jd7cdc53389aa3a9ebd124ea7a13f1035
2026.09.20 22:05:44,22:05:44,7,com.android.healthconnect.phone.jd7cdc53389aa3a9ebd124ea7a13f1035
2026.09.20 22:07:00,22:07:00,10,com.fitbit.FitbitMobile
2026.09.20 22:07:50,22:07:50,15,com.android.healthconnect.phone.jd7cdc53389aa3a9ebd124ea7a13f1035
2026.09.20 22:08:00,22:08:00,23,com.fitbit.FitbitMobile
2026.09.20 22:08:20,22:08:20,18,com.android.healthconnect.phone.jd7cdc53389aa3a9ebd124ea7a13f1035
2026.09.20 22:09:00,22:09:00,6,com.fitbit.FitbitMobile
2026.09.20 22:10:00,22:10:00,73,com.huami.watch.hmwatchmanager
2026.09.20 22:10:00,22:10:00,17,com.fitbit.FitbitMobile
2026.09.20 22:10:08,22:10:08,7,com.android.healthconnect.phone.jd7cdc53389aa3a9ebd124ea7a13f1035
2026.09.20 22:10:22,22:10:22,23,com.android.healthconnect.phone.jd7cdc53389aa3a9ebd124ea7a13f1035
2026.09.20 22:11:00,22:11:00,32,com.fitbit.FitbitMobile
2026.09.20 22:11:21,22:11:21,25,com.android.healthconnect.phone.jd7cdc53389aa3a9ebd124ea7a13f1035
2026.09.20 22:20:00,22:20:00,71,com.huami.watch.hmwatchmanager
2026.09.20 22:20:00,22:20:00,16,com.fitbit.FitbitMobile
2026.09.20 22:20:31,22:20:31,15,com.android.healthconnect.phone.jd7cdc53389aa3a9ebd124ea7a13f1035
2026.09.20 22:21:00,22:21:00,8,com.fitbit.FitbitMobile
2026.09.20 22:21:01,22:21:01,2,com.android.healthconnect.phone.jd7cdc53389aa3a9ebd124ea7a13f1035
2026.09.20 22:21:02,22:21:02,9,com.android.healthconnect.phone.jd7cdc53389aa3a9ebd124ea7a13f1035
2026.09.20 22:22:00,22:22:00,2,com.fitbit.FitbitMobile
2026.09.20 22:40:00,22:40:00,21,com.huami.watch.hmwatchmanager
2026.09.21 00:10:00,00:10:00,39,com.huami.watch.hmwatchmanager
2026.09.21 00:16:00,00:16:00,8,com.fitbit.FitbitMobile
2026.09.21 00:16:46,00:16:46,8,com.android.healthconnect.phone.jd7cdc53389aa3a9ebd124ea7a13f1035
2026.09.21 00:17:00,00:17:00,28,com.fitbit.FitbitMobile
2026.09.21 00:17:02,00:17:02,52,com.android.healthconnect.phone.jd7cdc53389aa3a9ebd124ea7a13f1035
2026.09.21 00:18:00,00:18:00,24,com.fitbit.FitbitMobile
2026.09.21 00:18:47,00:18:47,7,com.android.healthconnect.phone.jd7cdc53389aa3a9ebd124ea7a13f1035
2026.09.21 00:19:00,00:19:00,5,com.fitbit.FitbitMobile
2026.09.21 00:20:00,00:20:00,2,com.fitbit.FitbitMobile
2026.09.21 01:00:00,01:00:00,7,com.huami.watch.hmwatchmanager
2026.09.21 09:00:00,09:00:00,9,com.huami.watch.hmwatchmanager
2026.09.21 09:08:00,09:08:00,2,com.fitbit.FitbitMobile
2026.09.21 09:09:00,09:09:00,10,com.fitbit.FitbitMobile
2026.09.21 09:09:34,09:09:34,6,com.android.healthconnect.phone.jd7cdc53389aa3a9ebd124ea7a13f1035
2026.09.21 09:09:46,09:09:46,6,com.android.healthconnect.phone.jd7cdc53389aa3a9ebd124ea7a13f1035
2026.09.21 09:40:00,09:40:00,6,com.huami.watch.hmwatchmanager
2026.09.21 10:20:00,10:20:00,38,com.huami.watch.hmwatchmanager
2026.09.21 10:50:00,10:50:00,52,com.huami.watch.hmwatchmanager
2026.09.21 10:55:00,10:55:00,17,com.fitbit.FitbitMobile
2026.09.21 10:55:26,10:55:26,17,com.android.healthconnect.phone.jd7cdc53389aa3a9ebd124ea7a13f1035
2026.09.21 10:56:00,10:56:00,9,com.fitbit.FitbitMobile
2026.09.21 10:56:00,10:56:00,9,com.android.healthconnect.phone.jd7cdc53389aa3a9ebd124ea7a13f1035
2026.09.21 10:56:07,10:56:07,17,com.android.healthconnect.phone.jd7cdc53389aa3a9ebd124ea7a13f1035
2026.09.21 10:59:00,10:59:00,3,com.fitbit.FitbitMobile
2026.09.21 11:00:00,11:00:00,17,com.huami.watch.hmwatchmanager
2026.09.21 11:00:00,11:00:00,14,com.fitbit.FitbitMobile
2026.09.21 11:20:00,11:20:00,8,com.huami.watch.hmwatchmanager
2026.09.21 11:30:00,11:30:00,7,com.huami.watch.hmwatchmanager
2026.09.21 12:00:00,12:00:00,30,com.huami.watch.hmwatchmanager
2026.09.21 12:50:00,12:50:00,25,com.huami.watch.hmwatchmanager
2026.09.21 12:50:00,12:50:00,3,com.fitbit.FitbitMobile
2026.09.21 12:51:00,12:51:00,5,com.fitbit.FitbitMobile
2026.09.21 12:51:24,12:51:24,7,com.android.healthconnect.phone.jd7cdc53389aa3a9ebd124ea7a13f1035
2026.09.21 12:51:38,12:51:38,1,com.android.healthconnect.phone.jd7cdc53389aa3a9ebd124ea7a13f1035
2026.09.21 13:00:00,13:00:00,28,com.huami.watch.hmwatchmanager
2026.09.21 13:10:00,13:10:00,6,com.huami.watch.hmwatchmanager
2026.09.21 13:50:00,13:50:00,46,com.huami.watch.hmwatchmanager
2026.09.21 13:55:00,13:55:00,1,com.fitbit.FitbitMobile
2026.09.21 13:56:00,13:56:00,7,com.fitbit.FitbitMobile
2026.09.21 13:56:37,13:56:37,6,com.android.healthconnect.phone.jd7cdc53389aa3a9ebd124ea7a13f1035
2026.09.21 13:56:49,13:56:49,2,com.android.healthconnect.phone.jd7cdc53389aa3a9ebd124ea7a13f1035
2026.09.21 13:56:50,13:56:50,39,com.android.healthconnect.phone.jd7cdc53389aa3a9ebd124ea7a13f1035
2026.09.21 13:57:00,13:57:00,6,com.fitbit.FitbitMobile
2026.09.21 13:58:00,13:58:00,33,com.fitbit.FitbitMobile
2026.09.21 14:09:00,14:09:00,3,com.fitbit.FitbitMobile
2026.09.21 14:10:00,14:10:00,4,com.fitbit.FitbitMobile
2026.09.21 14:10:21,14:10:21,6,com.android.healthconnect.phone.jd7cdc53389aa3a9ebd124ea7a13f1035
2026.09.21 14:10:33,14:10:33,1,com.android.healthconnect.phone.jd7cdc53389aa3a9ebd124ea7a13f1035
2026.09.21 14:13:00,14:13:00,2,com.fitbit.FitbitMobile
2026.09.21 14:14:00,14:14:00,8,com.fitbit.FitbitMobile
2026.09.21 14:14:33,14:14:33,6,com.android.healthconnect.phone.jd7cdc53389aa3a9ebd124ea7a13f1035
2026.09.21 14:14:45,14:14:45,4,com.android.healthconnect.phone.jd7cdc53389aa3a9ebd124ea7a13f1035
2026.09.21 15:07:00,15:07:00,2,com.fitbit.FitbitMobile
2026.09.21 15:08:00,15:08:00,12,com.fitbit.FitbitMobile
2026.09.21 15:08:27,15:08:27,7,com.android.healthconnect.phone.jd7cdc53389aa3a9ebd124ea7a13f1035
2026.09.21 15:08:41,15:08:41,7,com.android.healthconnect.phone.jd7cdc53389aa3a9ebd124ea7a13f1035
2026.09.21 15:16:00,15:16:00,6,com.fitbit.FitbitMobile
2026.09.21 15:17:00,15:17:00,17,com.fitbit.FitbitMobile
2026.09.21 15:17:07,15:17:07,9,com.android.healthconnect.phone.jd7cdc53389aa3a9ebd124ea7a13f1035
2026.09.21 15:17:25,15:17:25,14,com.android.healthconnect.phone.jd7cdc53389aa3a9ebd124ea7a13f1035
2026.09.21 15:49:00,15:49:00,2,com.fitbit.FitbitMobile
2026.09.21 15:50:00,15:50:00,13,com.fitbit.FitbitMobile
2026.09.21 15:50:30,15:50:30,6,com.android.healthconnect.phone.jd7cdc53389aa3a9ebd124ea7a13f1035
2026.09.21 15:50:42,15:50:42,9,com.android.healthconnect.phone.jd7cdc53389aa3a9ebd124ea7a13f1035
2026.09.21 18:42:00,18:42:00,10,com.fitbit.FitbitMobile
2026.09.21 18:42:42,18:42:42,8,com.android.healthconnect.phone.jd7cdc53389aa3a9ebd124ea7a13f1035
2026.09.21 18:42:58,18:42:58,15,com.android.healthconnect.phone.jd7cdc53389aa3a9ebd124ea7a13f1035
2026.09.21 18:43:00,18:43:00,1,com.fitbit.FitbitMobile
2026.09.21 18:49:00,18:49:00,5,com.fitbit.FitbitMobile
2026.09.21 18:50:00,18:50:00,7,com.fitbit.FitbitMobile
2026.09.21 19:07:00,19:07:00,3,com.fitbit.FitbitMobile
2026.09.21 19:08:00,19:08:00,9,com.fitbit.FitbitMobile
2026.09.21 19:08:25,19:08:25,7,com.android.healthconnect.phone.jd7cdc53389aa3a9ebd124ea7a13f1035
2026.09.21 19:08:39,19:08:39,5,com.android.healthconnect.phone.jd7cdc53389aa3a9ebd124ea7a13f1035
2026.09.21 19:10:00,19:10:00,107,com.huami.watch.hmwatchmanager
2026.09.21 19:14:00,19:14:00,5,com.fitbit.FitbitMobile
2026.09.21 19:15:00,19:15:00,8,com.fitbit.FitbitMobile
2026.09.21 19:15:13,19:15:13,9,com.android.healthconnect.phone.jd7cdc53389aa3a9ebd124ea7a13f1035
2026.09.21 19:15:31,19:15:31,11,com.android.healthconnect.phone.jd7cdc53389aa3a9ebd124ea7a13f1035
2026.09.21 19:18:00,19:18:00,5,com.fitbit.FitbitMobile
2026.09.21 19:19:00,19:19:00,43,com.fitbit.FitbitMobile
2026.09.21 19:19:15,19:19:15,94,com.android.healthconnect.phone.jd7cdc53389aa3a9ebd124ea7a13f1035
2026.09.21 19:20:00,19:20:00,1146,com.huami.watch.hmwatchmanager
2026.09.21 19:20:00,19:20:00,111,com.fitbit.FitbitMobile
2026.09.21 19:20:29,19:20:29,107,com.android.healthconnect.phone.jd7cdc53389aa3a9ebd124ea7a13f1035
2026.09.21 19:21:00,19:21:00,106,com.fitbit.FitbitMobile
2026.09.21 19:21:29,19:21:29,110,com.android.healthconnect.phone.jd7cdc53389aa3a9ebd124ea7a13f1035
2026.09.21 19:22:00,19:22:00,110,com.fitbit.FitbitMobile
2026.09.21 19:22:29,19:22:29,109,com.android.healthconnect.phone.jd7cdc53389aa3a9ebd124ea7a13f1035
2026.09.21 19:23:00,19:23:00,109,com.fitbit.FitbitMobile
2026.09.21 19:23:29,19:23:29,111,com.android.healthconnect.phone.jd7cdc53389aa3a9ebd124ea7a13f1035
2026.09.21 19:24:00,19:24:00,111,com.fitbit.FitbitMobile
2026.09.21 19:24:29,19:24:29,110,com.android.healthconnect.phone.jd7cdc53389aa3a9ebd124ea7a13f1035
2026.09.21 19:25:00,19:25:00,114,com.fitbit.FitbitMobile
2026.09.21 19:25:29,19:25:29,118,com.android.healthconnect.phone.jd7cdc53389aa3a9ebd124ea7a13f1035
2026.09.21 19:26:00,19:26:00,117,com.fitbit.FitbitMobile
2026.09.21 19:26:29,19:26:29,118,com.android.healthconnect.phone.jd7cdc53389aa3a9ebd124ea7a13f1035
2026.09.21 19:27:00,19:27:00,119,com.fitbit.FitbitMobile
2026.09.21 19:27:29,19:27:29,119,com.android.healthconnect.phone.jd7cdc53389aa3a9ebd124ea7a13f1035
2026.09.21 19:28:00,19:28:00,118,com.fitbit.FitbitMobile
2026.09.21 19:28:29,19:28:29,117,com.android.healthconnect.phone.jd7cdc53389aa3a9ebd124ea7a13f1035
2026.09.21 19:29:00,19:29:00,115,com.fitbit.FitbitMobile
2026.09.21 19:29:29,19:29:29,112,com.android.healthconnect.phone.jd7cdc53389aa3a9ebd124ea7a13f1035
2026.09.21 19:30:00,19:30:00,111,com.huami.watch.hmwatchmanager
2026.09.21 19:30:00,19:30:00,111,com.fitbit.FitbitMobile
2026.09.21 19:30:29,19:30:29,110,com.android.healthconnect.phone.jd7cdc53389aa3a9ebd124ea7a13f1035
2026.09.21 19:31:00,19:31:00,101,com.fitbit.FitbitMobile
2026.09.21 19:31:29,19:31:29,51,com.android.healthconnect.phone.jd7cdc53389aa3a9ebd124ea7a13f1035
2026.09.21 19:32:00,19:32:00,4,com.fitbit.FitbitMobile
2026.09.21 19:33:00,19:33:00,21,com.fitbit.FitbitMobile
2026.09.21 19:33:35,19:33:35,7,com.android.healthconnect.phone.jd7cdc53389aa3a9ebd124ea7a13f1035
2026.09.21 19:33:49,19:33:49,15,com.android.healthconnect.phone.jd7cdc53389aa3a9ebd124ea7a13f1035
2026.09.21 19:35:00,19:35:00,3,com.fitbit.FitbitMobile
2026.09.21 19:36:00,19:36:00,21,com.fitbit.FitbitMobile
2026.09.21 19:36:18,19:36:18,8,com.android.healthconnect.phone.jd7cdc53389aa3a9ebd124ea7a13f1035
2026.09.21 19:36:34,19:36:34,16,com.android.healthconnect.phone.jd7cdc53389aa3a9ebd124ea7a13f1035
2026.09.21 19:47:00,19:47:00,1,com.fitbit.FitbitMobile
2026.09.21 19:48:00,19:48:00,5,com.fitbit.FitbitMobile
2026.09.21 19:48:40,19:48:40,6,com.android.healthconnect.phone.jd7cdc53389aa3a9ebd124ea7a13f1035
2026.09.21 19:50:00,19:50:00,39,com.huami.watch.hmwatchmanager
2026.09.21 19:51:00,19:51:00,1,com.fitbit.FitbitMobile
2026.09.21 19:52:00,19:52:00,15,com.fitbit.FitbitMobile
2026.09.21 19:52:38,19:52:38,8,com.android.healthconnect.phone.jd7cdc53389aa3a9ebd124ea7a13f1035
2026.09.21 19:52:54,19:52:54,22,com.android.healthconnect.phone.jd7cdc53389aa3a9ebd124ea7a13f1035
2026.09.21 19:53:00,19:53:00,14,com.fitbit.FitbitMobile
2026.09.21 20:00:00,20:00:00,18,com.huami.watch.hmwatchmanager
2026.09.21 20:07:00,20:07:00,9,com.fitbit.FitbitMobile
2026.09.21 20:07:52,20:07:52,12,com.android.healthconnect.phone.jd7cdc53389aa3a9ebd124ea7a13f1035
2026.09.21 20:08:00,20:08:00,8,com.fitbit.FitbitMobile
2026.09.21 20:08:16,20:08:16,5,com.android.healthconnect.phone.jd7cdc53389aa3a9ebd124ea7a13f1035
2026.09.21 20:08:19,20:08:19,12,com.android.healthconnect.phone.jd7cdc53389aa3a9ebd124ea7a13f1035
2026.09.21 20:10:00,20:10:00,27,com.huami.watch.hmwatchmanager
2026.09.21 20:10:00,20:10:00,8,com.fitbit.FitbitMobile
2026.09.21 20:11:00,20:11:00,4,com.fitbit.FitbitMobile
2026.09.21 20:12:00,20:12:00,8,com.fitbit.FitbitMobile
2026.09.21 20:12:47,20:12:47,7,com.android.healthconnect.phone.jd7cdc53389aa3a9ebd124ea7a13f1035
2026.09.21 20:13:00,20:13:00,2,com.fitbit.FitbitMobile
2026.09.21 20:13:01,20:13:01,3,com.android.healthconnect.phone.jd7cdc53389aa3a9ebd124ea7a13f1035
2026.09.21 20:20:00,20:20:00,9,com.huami.watch.hmwatchmanager
2026.09.21 20:23:00,20:23:00,3,com.fitbit.FitbitMobile
2026.09.21 20:24:00,20:24:00,8,com.fitbit.FitbitMobile
2026.09.21 20:24:24,20:24:24,7,com.android.healthconnect.phone.jd7cdc53389aa3a9ebd124ea7a13f1035
2026.09.21 20:24:38,20:24:38,2,com.android.healthconnect.phone.jd7cdc53389aa3a9ebd124ea7a13f1035
2026.09.21 20:24:40,20:24:40,7,com.android.healthconnect.phone.jd7cdc53389aa3a9ebd124ea7a13f1035
2026.09.21 20:25:00,20:25:00,5,com.fitbit.FitbitMobile
2026.09.21 20:25:43,20:25:43,13,com.android.healthconnect.phone.jd7cdc53389aa3a9ebd124ea7a13f1035
2026.09.21 20:26:00,20:26:00,4,com.fitbit.FitbitMobile
2026.09.21 20:27:00,20:27:00,16,com.fitbit.FitbitMobile
2026.09.21 20:27:30,20:27:30,7,com.android.healthconnect.phone.jd7cdc53389aa3a9ebd124ea7a13f1035
2026.09.21 20:28:00,20:28:00,7,com.fitbit.FitbitMobile
2026.09.21 20:28:01,20:28:01,9,com.android.healthconnect.phone.jd7cdc53389aa3a9ebd124ea7a13f1035
2026.09.21 20:29:00,20:29:00,6,com.fitbit.FitbitMobile
2026.09.21 20:29:13,20:29:13,11,com.android.healthconnect.phone.jd7cdc53389aa3a9ebd124ea7a13f1035
2026.09.21 20:30:00,20:30:00,28,com.huami.watch.hmwatchmanager
2026.09.21 20:30:00,20:30:00,7,com.fitbit.FitbitMobile
2026.09.21 20:37:00,20:37:00,8,com.fitbit.FitbitMobile
2026.09.21 20:37:45,20:37:45,6,com.android.healthconnect.phone.jd7cdc53389aa3a9ebd124ea7a13f1035
2026.09.21 20:37:57,20:37:57,11,com.android.healthconnect.phone.jd7cdc53389aa3a9ebd124ea7a13f1035
2026.09.21 20:38:00,20:38:00,9,com.fitbit.FitbitMobile
2026.09.21 20:40:00,20:40:00,75,com.huami.watch.hmwatchmanager
2026.09.21 20:48:00,20:48:00,7,com.fitbit.FitbitMobile
2026.09.21 20:48:44,20:48:44,6,com.android.healthconnect.phone.jd7cdc53389aa3a9ebd124ea7a13f1035
2026.09.21 20:48:56,20:48:56,1,com.android.healthconnect.phone.jd7cdc53389aa3a9ebd124ea7a13f1035
2026.09.21 20:50:00,20:50:00,145,com.huami.watch.hmwatchmanager
2026.09.21 20:52:00,20:52:00,7,com.fitbit.FitbitMobile
2026.09.21 20:52:47,20:52:47,6,com.android.healthconnect.phone.jd7cdc53389aa3a9ebd124ea7a13f1035
2026.09.21 20:52:59,20:52:59,51,com.android.healthconnect.phone.jd7cdc53389aa3a9ebd124ea7a13f1035
2026.09.21 20:53:00,20:53:00,53,com.fitbit.FitbitMobile
2026.09.21 20:53:58,20:53:58,23,com.android.healthconnect.phone.jd7cdc53389aa3a9ebd124ea7a13f1035
2026.09.21 20:54:00,20:54:00,20,com.fitbit.FitbitMobile
2026.09.21 20:56:00,20:56:00,3,com.fitbit.FitbitMobile
2026.09.21 20:57:00,20:57:00,13,com.fitbit.FitbitMobile
2026.09.21 20:57:22,20:57:22,7,com.android.healthconnect.phone.jd7cdc53389aa3a9ebd124ea7a13f1035
2026.09.21 20:57:36,20:57:36,9,com.android.healthconnect.phone.jd7cdc53389aa3a9ebd124ea7a13f1035
2026.09.21 21:00:00,21:00:00,960,com.huami.watch.hmwatchmanager
2026.09.21 21:00:00,21:00:00,7,com.fitbit.FitbitMobile
2026.09.21 21:00:56,21:00:56,7,com.android.healthconnect.phone.jd7cdc53389aa3a9ebd124ea7a13f1035
2026.09.21 21:01:00,21:01:00,32,com.fitbit.FitbitMobile
2026.09.21 21:01:10,21:01:10,49,com.android.healthconnect.phone.jd7cdc53389aa3a9ebd124ea7a13f1035
2026.09.21 21:02:00,21:02:00,109,com.fitbit.FitbitMobile
2026.09.21 21:02:10,21:02:10,110,com.android.healthconnect.phone.jd7cdc53389aa3a9ebd124ea7a13f1035
2026.09.21 21:03:00,21:03:00,108,com.fitbit.FitbitMobile
2026.09.21 21:03:10,21:03:10,108,com.android.healthconnect.phone.jd7cdc53389aa3a9ebd124ea7a13f1035
2026.09.21 21:04:00,21:04:00,108,com.fitbit.FitbitMobile
2026.09.21 21:04:10,21:04:10,107,com.android.healthconnect.phone.jd7cdc53389aa3a9ebd124ea7a13f1035
2026.09.21 21:05:00,21:05:00,105,com.fitbit.FitbitMobile
2026.09.21 21:05:10,21:05:10,105,com.android.healthconnect.phone.jd7cdc53389aa3a9ebd124ea7a13f1035
2026.09.21 21:06:00,21:06:00,107,com.fitbit.FitbitMobile
2026.09.21 21:06:10,21:06:10,108,com.android.healthconnect.phone.jd7cdc53389aa3a9ebd124ea7a13f1035
2026.09.21 21:07:00,21:07:00,115,com.fitbit.FitbitMobile
2026.09.21 21:07:09,21:07:09,115,com.android.healthconnect.phone.jd7cdc53389aa3a9ebd124ea7a13f1035
2026.09.21 21:08:00,21:08:00,113,com.fitbit.FitbitMobile
2026.09.21 21:08:10,21:08:10,114,com.android.healthconnect.phone.jd7cdc53389aa3a9ebd124ea7a13f1035
2026.09.21 21:09:00,21:09:00,115,com.fitbit.FitbitMobile
2026.09.21 21:09:09,21:09:09,114,com.android.healthconnect.phone.jd7cdc53389aa3a9ebd124ea7a13f1035
2026.09.21 21:10:00,21:10:00,637,com.huami.watch.hmwatchmanager
2026.09.21 21:10:00,21:10:00,110,com.fitbit.FitbitMobile
2026.09.21 21:10:09,21:10:09,111,com.android.healthconnect.phone.jd7cdc53389aa3a9ebd124ea7a13f1035
2026.09.21 21:11:00,21:11:00,112,com.fitbit.FitbitMobile
2026.09.21 21:11:10,21:11:10,110,com.android.healthconnect.phone.jd7cdc53389aa3a9ebd124ea7a13f1035
2026.09.21 21:12:00,21:12:00,102,com.fitbit.FitbitMobile
2026.09.21 21:12:09,21:12:09,102,com.android.healthconnect.phone.jd7cdc53389aa3a9ebd124ea7a13f1035
2026.09.21 21:13:00,21:13:00,111,com.fitbit.FitbitMobile
2026.09.21 21:13:10,21:13:10,112,com.android.healthconnect.phone.jd7cdc53389aa3a9ebd124ea7a13f1035
2026.09.21 21:14:00,21:14:00,102,com.fitbit.FitbitMobile
2026.09.21 21:14:10,21:14:10,95,com.android.healthconnect.phone.jd7cdc53389aa3a9ebd124ea7a13f1035
2026.09.21 21:15:00,21:15:00,53,com.fitbit.FitbitMobile
2026.09.21 21:15:10,21:15:10,58,com.android.healthconnect.phone.jd7cdc53389aa3a9ebd124ea7a13f1035
2026.09.21 21:16:00,21:16:00,16,com.fitbit.FitbitMobile
2026.09.21 21:20:00,21:20:00,91,com.huami.watch.hmwatchmanager
2026.09.21 21:30:00,21:30:00,66,com.huami.watch.hmwatchmanager
2026.09.21 21:32:00,21:32:00,7,com.fitbit.FitbitMobile
2026.09.21 21:32:59,21:32:59,12,com.android.healthconnect.phone.jd7cdc53389aa3a9ebd124ea7a13f1035
2026.09.21 21:33:00,21:33:00,15,com.fitbit.FitbitMobile
2026.09.21 21:33:23,21:33:23,10,com.android.healthconnect.phone.jd7cdc53389aa3a9ebd124ea7a13f1035
2026.09.21 21:33:31,21:33:31,25,com.android.healthconnect.phone.jd7cdc53389aa3a9ebd124ea7a13f1035
2026.09.21 21:34:00,21:34:00,10,com.fitbit.FitbitMobile
2026.09.21 21:35:00,21:35:00,15,com.fitbit.FitbitMobile
2026.09.21 21:40:00,21:40:00,20,com.huami.watch.hmwatchmanager
2026.09.21 21:49:00,21:49:00,7,com.fitbit.FitbitMobile
2026.09.21 21:50:00,21:50:00,35,com.huami.watch.hmwatchmanager
2026.09.21 21:50:00,21:50:00,15,com.fitbit.FitbitMobile
2026.09.21 21:50:06,21:50:06,7,com.android.healthconnect.phone.jd7cdc53389aa3a9ebd124ea7a13f1035
2026.09.21 21:50:20,21:50:20,15,com.android.healthconnect.phone.jd7cdc53389aa3a9ebd124ea7a13f1035
2026.09.21 23:56:00,23:56:00,5,com.fitbit.FitbitMobile
2026.09.21 23:57:00,23:57:00,4,com.fitbit.FitbitMobile
2026.09.21 23:57:02,23:57:02,6,com.android.healthconnect.phone.jd7cdc53389aa3a9ebd124ea7a13f1035
2026.09.21 23:57:14,23:57:14,3,com.android.healthconnect.phone.jd7cdc53389aa3a9ebd124ea7a13f1035
2026.09.22 00:10:00,00:10:00,8,com.huami.watch.hmwatchmanager
2026.09.22 00:28:00,00:28:00,7,com.fitbit.FitbitMobile
2026.09.22 00:28:51,00:28:51,6,com.android.healthconnect.phone.jd7cdc53389aa3a9ebd124ea7a13f1035
2026.09.22 00:29:00,00:29:00,1,com.fitbit.FitbitMobile
2026.09.22 00:29:03,00:29:03,2,com.android.healthconnect.phone.jd7cdc53389aa3a9ebd124ea7a13f1035
2026.09.22 00:30:00,00:30:00,9,com.huami.watch.hmwatchmanager
2026.09.22 02:10:00,02:10:00,20,com.huami.watch.hmwatchmanager
2026.09.22 02:40:00,02:40:00,5,com.huami.watch.hmwatchmanager
2026.09.22 04:10:00,04:10:00,17,com.huami.watch.hmwatchmanager
2026.09.22 08:52:00,08:52:00,5,com.fitbit.FitbitMobile
2026.09.22 08:53:00,08:53:00,10,com.fitbit.FitbitMobile
2026.09.22 08:53:05,08:53:05,7,com.android.healthconnect.phone.jd7cdc53389aa3a9ebd124ea7a13f1035
2026.09.22 08:53:19,08:53:19,8,com.android.healthconnect.phone.jd7cdc53389aa3a9ebd124ea7a13f1035
2026.09.22 09:10:00,09:10:00,3,com.huami.watch.hmwatchmanager
2026.09.22 09:10:00,09:10:00,2,com.fitbit.FitbitMobile
2026.09.22 09:11:00,09:11:00,10,com.fitbit.FitbitMobile
2026.09.22 09:11:32,09:11:32,6,com.android.healthconnect.phone.jd7cdc53389aa3a9ebd124ea7a13f1035
2026.09.22 09:11:44,09:11:44,6,com.android.healthconnect.phone.jd7cdc53389aa3a9ebd124ea7a13f1035
2026.09.22 09:30:00,09:30:00,6,com.huami.watch.hmwatchmanager
2026.09.22 09:40:00,09:40:00,30,com.huami.watch.hmwatchmanager
2026.09.22 09:40:00,09:40:00,6,com.fitbit.FitbitMobile
2026.09.22 09:40:54,09:40:54,7,com.android.healthconnect.phone.jd7cdc53389aa3a9ebd124ea7a13f1035
2026.09.22 09:41:00,09:41:00,1,com.fitbit.FitbitMobile
2026.09.22 09:46:00,09:46:00,1,com.fitbit.FitbitMobile
2026.09.22 09:47:00,09:47:00,13,com.fitbit.FitbitMobile
2026.09.22 09:47:38,09:47:38,7,com.android.healthconnect.phone.jd7cdc53389aa3a9ebd124ea7a13f1035
2026.09.22 09:47:52,09:47:52,28,com.android.healthconnect.phone.jd7cdc53389aa3a9ebd124ea7a13f1035
2026.09.22 09:48:00,09:48:00,13,com.fitbit.FitbitMobile
2026.09.22 09:49:00,09:49:00,1,com.fitbit.FitbitMobile
2026.09.22 09:50:00,09:50:00,15,com.huami.watch.hmwatchmanager
2026.09.22 09:50:00,09:50:00,7,com.fitbit.FitbitMobile
2026.09.22 09:58:00,09:58:00,1,com.fitbit.FitbitMobile
2026.09.22 09:59:00,09:59:00,10,com.fitbit.FitbitMobile
2026.09.22 09:59:33,09:59:33,6,com.android.healthconnect.phone.jd7cdc53389aa3a9ebd124ea7a13f1035
2026.09.22 09:59:45,09:59:45,83,com.android.healthconnect.phone.jd7cdc53389aa3a9ebd124ea7a13f1035
2026.09.22 10:00:00,10:00:00,94,com.huami.watch.hmwatchmanager
2026.09.22 10:00:00,10:00:00,16,com.fitbit.FitbitMobile
2026.09.22 10:01:00,10:01:00,15,com.fitbit.FitbitMobile
2026.09.22 10:02:00,10:02:00,16,com.fitbit.FitbitMobile
2026.09.22 10:03:00,10:03:00,32,com.fitbit.FitbitMobile
2026.09.22 10:03:32,10:03:32,1,com.android.healthconnect.phone.jd7cdc53389aa3a9ebd124ea7a13f1035
2026.09.22 10:06:00,10:06:00,4,com.fitbit.FitbitMobile
2026.09.22 10:07:00,10:07:00,15,com.fitbit.FitbitMobile
2026.09.22 10:07:13,10:07:13,7,com.android.healthconnect.phone.jd7cdc53389aa3a9ebd124ea7a13f1035
2026.09.22 10:07:27,10:07:27,12,com.android.healthconnect.phone.jd7cdc53389aa3a9ebd124ea7a13f1035
2026.09.22 10:19:00,10:19:00,6,com.fitbit.FitbitMobile
2026.09.22 10:19:59,10:19:59,7,com.android.healthconnect.phone.jd7cdc53389aa3a9ebd124ea7a13f1035
2026.09.22 10:20:00,10:20:00,7,com.huami.watch.hmwatchmanager
2026.09.22 10:20:00,10:20:00,20,com.fitbit.FitbitMobile
2026.09.22 10:20:13,10:20:13,19,com.android.healthconnect.phone.jd7cdc53389aa3a9ebd124ea7a13f1035
2026.09.22 10:30:00,10:30:00,84,com.huami.watch.hmwatchmanager
2026.09.22 10:31:00,10:31:00,8,com.fitbit.FitbitMobile
2026.09.22 10:31:52,10:31:52,7,com.android.healthconnect.phone.jd7cdc53389aa3a9ebd124ea7a13f1035
2026.09.22 10:32:00,10:32:00,10,com.fitbit.FitbitMobile
2026.09.22 10:32:06,10:32:06,11,com.android.healthconnect.phone.jd7cdc53389aa3a9ebd124ea7a13f1035
2026.09.22 10:40:00,10:40:00,7,com.huami.watch.hmwatchmanager
2026.09.22 10:50:00,10:50:00,6,com.huami.watch.hmwatchmanager
2026.09.22 11:00:00,11:00:00,31,com.huami.watch.hmwatchmanager
2026.09.22 11:10:00,11:10:00,36,com.huami.watch.hmwatchmanager
2026.09.22 11:19:00,11:19:00,3,com.fitbit.FitbitMobile
2026.09.22 11:20:00,11:20:00,124,com.huami.watch.hmwatchmanager
2026.09.22 11:20:00,11:20:00,9,com.fitbit.FitbitMobile
2026.09.22 11:20:22,11:20:22,7,com.android.healthconnect.phone.jd7cdc53389aa3a9ebd124ea7a13f1035
2026.09.22 11:20:36,11:20:36,23,com.android.healthconnect.phone.jd7cdc53389aa3a9ebd124ea7a13f1035
2026.09.22 11:21:00,11:21:00,4,com.fitbit.FitbitMobile
2026.09.22 11:22:00,11:22:00,11,com.fitbit.FitbitMobile
2026.09.22 11:23:00,11:23:00,3,com.fitbit.FitbitMobile
2026.09.22 11:26:00,11:26:00,8,com.fitbit.FitbitMobile
2026.09.22 11:26:51,11:26:51,8,com.android.healthconnect.phone.jd7cdc53389aa3a9ebd124ea7a13f1035
2026.09.22 11:27:00,11:27:00,7,com.fitbit.FitbitMobile
2026.09.22 11:27:07,11:27:07,34,com.android.healthconnect.phone.jd7cdc53389aa3a9ebd124ea7a13f1035
2026.09.22 11:28:00,11:28:00,13,com.fitbit.FitbitMobile
2026.09.22 11:29:00,11:29:00,60,com.fitbit.FitbitMobile
2026.09.22 11:29:31,11:29:31,83,com.android.healthconnect.phone.jd7cdc53389aa3a9ebd124ea7a13f1035
2026.09.22 11:30:00,11:30:00,102,com.huami.watch.hmwatchmanager
2026.09.22 11:30:00,11:30:00,86,com.fitbit.FitbitMobile
2026.09.22 11:30:27,11:30:27,101,com.android.healthconnect.phone.jd7cdc53389aa3a9ebd124ea7a13f1035
2026.09.22 11:31:00,11:31:00,99,com.fitbit.FitbitMobile
2026.09.22 11:31:30,11:31:30,100,com.android.healthconnect.phone.jd7cdc53389aa3a9ebd124ea7a13f1035
2026.09.22 11:32:00,11:32:00,105,com.fitbit.FitbitMobile
2026.09.22 11:32:31,11:32:31,108,com.android.healthconnect.phone.jd7cdc53389aa3a9ebd124ea7a13f1035
2026.09.22 11:33:00,11:33:00,110,com.fitbit.FitbitMobile
2026.09.22 11:33:31,11:33:31,110,com.android.healthconnect.phone.jd7cdc53389aa3a9ebd124ea7a13f1035
2026.09.22 11:34:00,11:34:00,109,com.fitbit.FitbitMobile
2026.09.22 11:34:30,11:34:30,109,com.android.healthconnect.phone.jd7cdc53389aa3a9ebd124ea7a13f1035
2026.09.22 11:35:00,11:35:00,107,com.fitbit.FitbitMobile
2026.09.22 11:35:31,11:35:31,106,com.android.healthconnect.phone.jd7cdc53389aa3a9ebd124ea7a13f1035
2026.09.22 11:36:00,11:36:00,108,com.fitbit.FitbitMobile
2026.09.22 11:36:31,11:36:31,109,com.android.healthconnect.phone.jd7cdc53389aa3a9ebd124ea7a13f1035
2026.09.22 11:37:00,11:37:00,108,com.fitbit.FitbitMobile
2026.09.22 11:37:30,11:37:30,106,com.android.healthconnect.phone.jd7cdc53389aa3a9ebd124ea7a13f1035
2026.09.22 11:38:00,11:38:00,106,com.fitbit.FitbitMobile
2026.09.22 11:38:30,11:38:30,108,com.android.healthconnect.phone.jd7cdc53389aa3a9ebd124ea7a13f1035
2026.09.22 11:39:00,11:39:00,110,com.fitbit.FitbitMobile
2026.09.22 11:39:30,11:39:30,113,com.android.healthconnect.phone.jd7cdc53389aa3a9ebd124ea7a13f1035
2026.09.22 11:40:00,11:40:00,562,com.huami.watch.hmwatchmanager
2026.09.22 11:40:00,11:40:00,113,com.fitbit.FitbitMobile
2026.09.22 11:40:31,11:40:31,112,com.android.healthconnect.phone.jd7cdc53389aa3a9ebd124ea7a13f1035
2026.09.22 11:41:00,11:41:00,107,com.fitbit.FitbitMobile
2026.09.22 11:41:30,11:41:30,104,com.android.healthconnect.phone.jd7cdc53389aa3a9ebd124ea7a13f1035
2026.09.22 11:42:00,11:42:00,108,com.fitbit.FitbitMobile
2026.09.22 11:42:30,11:42:30,108,com.android.healthconnect.phone.jd7cdc53389aa3a9ebd124ea7a13f1035
2026.09.22 11:43:00,11:43:00,107,com.fitbit.FitbitMobile
2026.09.22 11:43:31,11:43:31,108,com.android.healthconnect.phone.jd7cdc53389aa3a9ebd124ea7a13f1035
2026.09.22 11:44:00,11:44:00,103,com.fitbit.FitbitMobile
2026.09.22 11:44:31,11:44:31,66,com.android.healthconnect.phone.jd7cdc53389aa3a9ebd124ea7a13f1035
2026.09.22 11:45:00,11:45:00,28,com.fitbit.FitbitMobile
2026.09.22 11:45:12,11:45:12,9,com.android.healthconnect.phone.jd7cdc53389aa3a9ebd124ea7a13f1035
2026.09.22 11:50:00,11:50:00,7,com.fitbit.FitbitMobile
2026.09.22 11:50:49,11:50:49,7,com.android.healthconnect.phone.jd7cdc53389aa3a9ebd124ea7a13f1035
2026.09.22 11:51:00,11:51:00,1,com.fitbit.FitbitMobile
2026.09.22 11:51:03,11:51:03,1,com.android.healthconnect.phone.jd7cdc53389aa3a9ebd124ea7a13f1035
2026.09.22 12:00:00,12:00:00,29,com.huami.watch.hmwatchmanager
2026.09.22 12:01:00,12:01:00,4,com.fitbit.FitbitMobile
2026.09.22 12:02:00,12:02:00,20,com.fitbit.FitbitMobile
2026.09.22 12:02:14,12:02:14,7,com.android.healthconnect.phone.jd7cdc53389aa3a9ebd124ea7a13f1035
2026.09.22 12:02:28,12:02:28,17,com.android.healthconnect.phone.jd7cdc53389aa3a9ebd124ea7a13f1035
2026.09.22 13:00:00,13:00:00,23,com.huami.watch.hmwatchmanager
2026.09.22 13:05:00,13:05:00,1,com.fitbit.FitbitMobile
2026.09.22 13:06:00,13:06:00,19,com.fitbit.FitbitMobile
2026.09.22 13:06:37,13:06:37,7,com.android.healthconnect.phone.jd7cdc53389aa3a9ebd124ea7a13f1035
2026.09.22 13:06:51,13:06:51,19,com.android.healthconnect.phone.jd7cdc53389aa3a9ebd124ea7a13f1035
2026.09.22 13:07:00,13:07:00,6,com.fitbit.FitbitMobile
2026.09.22 13:10:00,13:10:00,851,com.huami.watch.hmwatchmanager
2026.09.22 13:10:00,13:10:00,1,com.fitbit.FitbitMobile
2026.09.22 13:11:00,13:11:00,22,com.fitbit.FitbitMobile
2026.09.22 13:11:36,13:11:36,7,com.android.healthconnect.phone.jd7cdc53389aa3a9ebd124ea7a13f1035
2026.09.22 13:11:50,13:11:50,104,com.android.healthconnect.phone.jd7cdc53389aa3a9ebd124ea7a13f1035
2026.09.22 13:12:00,13:12:00,107,com.fitbit.FitbitMobile
2026.09.22 13:12:49,13:12:49,177,com.android.healthconnect.phone.jd7cdc53389aa3a9ebd124ea7a13f1035
2026.09.22 13:13:00,13:13:00,109,com.fitbit.FitbitMobile
2026.09.22 13:14:00,13:14:00,111,com.fitbit.FitbitMobile
2026.09.22 13:14:26,13:14:26,176,com.android.healthconnect.phone.jd7cdc53389aa3a9ebd124ea7a13f1035
2026.09.22 13:15:00,13:15:00,58,com.fitbit.FitbitMobile
2026.09.22 13:16:00,13:16:00,100,com.fitbit.FitbitMobile
2026.09.22 13:16:37,13:16:37,129,com.android.healthconnect.phone.jd7cdc53389aa3a9ebd124ea7a13f1035
2026.09.22 13:17:00,13:17:00,110,com.fitbit.FitbitMobile
2026.09.22 13:17:45,13:17:45,105,com.android.healthconnect.phone.jd7cdc53389aa3a9ebd124ea7a13f1035
2026.09.22 13:18:00,13:18:00,109,com.fitbit.FitbitMobile
2026.09.22 13:18:45,13:18:45,112,com.android.healthconnect.phone.jd7cdc53389aa3a9ebd124ea7a13f1035
2026.09.22 13:19:00,13:19:00,110,com.fitbit.FitbitMobile
2026.09.22 13:19:45,13:19:45,108,com.android.healthconnect.phone.jd7cdc53389aa3a9ebd124ea7a13f1035
2026.09.22 13:20:00,13:20:00,864,com.huami.watch.hmwatchmanager
2026.09.22 13:20:00,13:20:00,106,com.fitbit.FitbitMobile
2026.09.22 13:20:45,13:20:45,110,com.android.healthconnect.phone.jd7cdc53389aa3a9ebd124ea7a13f1035
2026.09.22 13:21:00,13:21:00,112,com.fitbit.FitbitMobile
2026.09.22 13:21:45,13:21:45,114,com.android.healthconnect.phone.jd7cdc53389aa3a9ebd124ea7a13f1035
2026.09.22 13:22:00,13:22:00,115,com.fitbit.FitbitMobile
2026.09.22 13:22:45,13:22:45,115,com.android.healthconnect.phone.jd7cdc53389aa3a9ebd124ea7a13f1035
2026.09.22 13:23:00,13:23:00,114,com.fitbit.FitbitMobile
2026.09.22 13:23:45,13:23:45,115,com.android.healthconnect.phone.jd7cdc53389aa3a9ebd124ea7a13f1035
2026.09.22 13:24:00,13:24:00,116,com.fitbit.FitbitMobile
2026.09.22 13:24:45,13:24:45,113,com.android.healthconnect.phone.jd7cdc53389aa3a9ebd124ea7a13f1035
2026.09.22 13:25:00,13:25:00,113,com.fitbit.FitbitMobile
2026.09.22 13:25:45,13:25:45,116,com.android.healthconnect.phone.jd7cdc53389aa3a9ebd124ea7a13f1035
2026.09.22 13:26:00,13:26:00,114,com.fitbit.FitbitMobile
2026.09.22 13:26:45,13:26:45,89,com.android.healthconnect.phone.jd7cdc53389aa3a9ebd124ea7a13f1035
2026.09.22 13:27:00,13:27:00,75,com.fitbit.FitbitMobile
2026.09.22 13:27:37,13:27:37,35,com.android.healthconnect.phone.jd7cdc53389aa3a9ebd124ea7a13f1035
2026.09.22 13:28:00,13:28:00,23,com.fitbit.FitbitMobile
2026.09.22 13:29:00,13:29:00,3,com.fitbit.FitbitMobile
2026.09.22 13:30:00,13:30:00,6,com.huami.watch.hmwatchmanager
2026.09.22 13:30:00,13:30:00,11,com.fitbit.FitbitMobile
2026.09.22 13:30:21,13:30:21,7,com.android.healthconnect.phone.jd7cdc53389aa3a9ebd124ea7a13f1035
2026.09.22 13:30:35,13:30:35,7,com.android.healthconnect.phone.jd7cdc53389aa3a9ebd124ea7a13f1035
2026.09.22 14:48:00,14:48:00,11,com.fitbit.FitbitMobile
2026.09.22 14:48:42,14:48:42,12,com.android.healthconnect.phone.jd7cdc53389aa3a9ebd124ea7a13f1035
2026.09.22 14:49:00,14:49:00,20,com.fitbit.FitbitMobile
2026.09.22 14:49:06,14:49:06,31,com.android.healthconnect.phone.jd7cdc53389aa3a9ebd124ea7a13f1035
2026.09.22 14:50:00,14:50:00,12,com.fitbit.FitbitMobile
2026.09.22 15:11:00,15:11:00,3,com.fitbit.FitbitMobile
2026.09.22 15:12:00,15:12:00,4,com.fitbit.FitbitMobile
2026.09.22 15:12:18,15:12:18,7,com.android.healthconnect.phone.jd7cdc53389aa3a9ebd124ea7a13f1035
2026.09.22 15:15:00,15:15:00,4,com.fitbit.FitbitMobile
2026.09.22 15:16:00,15:16:00,4,com.fitbit.FitbitMobile
2026.09.22 15:16:09,15:16:09,6,com.android.healthconnect.phone.jd7cdc53389aa3a9ebd124ea7a13f1035
2026.09.22 15:16:21,15:16:21,2,com.android.healthconnect.phone.jd7cdc53389aa3a9ebd124ea7a13f1035
2026.09.22 15:43:00,15:43:00,7,com.fitbit.FitbitMobile
2026.09.22 15:43:46,15:43:46,7,com.android.healthconnect.phone.jd7cdc53389aa3a9ebd124ea7a13f1035
2026.09.22 17:28:00,17:28:00,4,com.fitbit.FitbitMobile
2026.09.22 17:29:00,17:29:00,3,com.fitbit.FitbitMobile
2026.09.22 17:29:12,17:29:12,7,com.android.healthconnect.phone.jd7cdc53389aa3a9ebd124ea7a13f1035
2026.09.22 18:42:00,18:42:00,1,com.fitbit.FitbitMobile
2026.09.22 18:43:00,18:43:00,15,com.fitbit.FitbitMobile
2026.09.22 18:43:37,18:43:37,9,com.android.healthconnect.phone.jd7cdc53389aa3a9ebd124ea7a13f1035
2026.09.22 18:43:55,18:43:55,16,com.android.healthconnect.phone.jd7cdc53389aa3a9ebd124ea7a13f1035
2026.09.22 18:44:00,18:44:00,9,com.fitbit.FitbitMobile
2026.09.22 18:54:00,18:54:00,3,com.fitbit.FitbitMobile
2026.09.22 18:55:00,18:55:00,17,com.fitbit.FitbitMobile
2026.09.22 18:55:24,18:55:24,8,com.android.healthconnect.phone.jd7cdc53389aa3a9ebd124ea7a13f1035
2026.09.22 18:55:40,18:55:40,12,com.android.healthconnect.phone.jd7cdc53389aa3a9ebd124ea7a13f1035
2026.09.23 09:20:00,09:20:00,27,com.huami.watch.hmwatchmanager
2026.09.23 09:30:00,09:30:00,18,com.huami.watch.hmwatchmanager
2026.09.23 09:35:44,09:35:44,16,com.android.healthconnect.phone.jd7cdc53389aa3a9ebd124ea7a13f1035
2026.09.23 09:36:16,09:36:16,159,com.android.healthconnect.phone.jd7cdc53389aa3a9ebd124ea7a13f1035
2026.09.23 09:37:44,09:37:44,111,com.android.healthconnect.phone.jd7cdc53389aa3a9ebd124ea7a13f1035
2026.09.23 09:38:44,09:38:44,109,com.android.healthconnect.phone.jd7cdc53389aa3a9ebd124ea7a13f1035
2026.09.23 09:39:44,09:39:44,94,com.android.healthconnect.phone.jd7cdc53389aa3a9ebd124ea7a13f1035
2026.09.23 09:40:00,09:40:00,949,com.huami.watch.hmwatchmanager
2026.09.23 09:40:44,09:40:44,94,com.android.healthconnect.phone.jd7cdc53389aa3a9ebd124ea7a13f1035
2026.09.23 09:41:44,09:41:44,93,com.android.healthconnect.phone.jd7cdc53389aa3a9ebd124ea7a13f1035
2026.09.23 09:42:44,09:42:44,102,com.android.healthconnect.phone.jd7cdc53389aa3a9ebd124ea7a13f1035
2026.09.23 09:43:44,09:43:44,111,com.android.healthconnect.phone.jd7cdc53389aa3a9ebd124ea7a13f1035
2026.09.23 09:44:44,09:44:44,115,com.android.healthconnect.phone.jd7cdc53389aa3a9ebd124ea7a13f1035
2026.09.23 09:45:44,09:45:44,114,com.android.healthconnect.phone.jd7cdc53389aa3a9ebd124ea7a13f1035
2026.09.23 09:46:44,09:46:44,113,com.android.healthconnect.phone.jd7cdc53389aa3a9ebd124ea7a13f1035
2026.09.23 09:47:44,09:47:44,104,com.android.healthconnect.phone.jd7cdc53389aa3a9ebd124ea7a13f1035
2026.09.23 09:48:44,09:48:44,103,com.android.healthconnect.phone.jd7cdc53389aa3a9ebd124ea7a13f1035
2026.09.23 09:49:44,09:49:44,106,com.android.healthconnect.phone.jd7cdc53389aa3a9ebd124ea7a13f1035
2026.09.23 09:50:00,09:50:00,193,com.huami.watch.hmwatchmanager
2026.09.23 09:50:44,09:50:44,39,com.android.healthconnect.phone.jd7cdc53389aa3a9ebd124ea7a13f1035
2026.09.23 09:57:11,09:57:11,7,com.android.healthconnect.phone.jd7cdc53389aa3a9ebd124ea7a13f1035
2026.09.23 09:57:25,09:57:25,64,com.android.healthconnect.phone.jd7cdc53389aa3a9ebd124ea7a13f1035
2026.09.23 10:00:00,10:00:00,7,com.huami.watch.hmwatchmanager
2026.09.23 10:02:51,10:02:51,6,com.android.healthconnect.phone.jd7cdc53389aa3a9ebd124ea7a13f1035
2026.09.23 10:10:00,10:10:00,14,com.huami.watch.hmwatchmanager
2026.09.23 10:20:00,10:20:00,84,com.huami.watch.hmwatchmanager
2026.09.23 10:24:31,10:24:31,7,com.android.healthconnect.phone.jd7cdc53389aa3a9ebd124ea7a13f1035
2026.09.23 10:24:45,10:24:45,49,com.android.healthconnect.phone.jd7cdc53389aa3a9ebd124ea7a13f1035
2026.09.23 10:30:00,10:30:00,88,com.huami.watch.hmwatchmanager
2026.09.23 10:38:36,10:38:36,7,com.android.healthconnect.phone.jd7cdc53389aa3a9ebd124ea7a13f1035
2026.09.23 10:38:50,10:38:50,48,com.android.healthconnect.phone.jd7cdc53389aa3a9ebd124ea7a13f1035
2026.09.23 10:39:49,10:39:49,19,com.android.healthconnect.phone.jd7cdc53389aa3a9ebd124ea7a13f1035
2026.09.23 10:40:00,10:40:00,29,com.huami.watch.hmwatchmanager
2026.09.23 10:47:30,10:47:30,7,com.android.healthconnect.phone.jd7cdc53389aa3a9ebd124ea7a13f1035
2026.09.23 10:47:44,10:47:44,1,com.android.healthconnect.phone.jd7cdc53389aa3a9ebd124ea7a13f1035
2026.09.23 10:50:00,10:50:00,57,com.huami.watch.hmwatchmanager
2026.09.23 10:55:27,10:55:27,7,com.android.healthconnect.phone.jd7cdc53389aa3a9ebd124ea7a13f1035
2026.09.23 10:55:41,10:55:41,21,com.android.healthconnect.phone.jd7cdc53389aa3a9ebd124ea7a13f1035
2026.09.23 11:00:00,11:00:00,13,com.huami.watch.hmwatchmanager
2026.09.23 11:10:00,11:10:00,74,com.huami.watch.hmwatchmanager
2026.09.23 11:20:00,11:20:00,248,com.huami.watch.hmwatchmanager
2026.09.23 11:24:42,11:24:42,15,com.android.healthconnect.phone.jd7cdc53389aa3a9ebd124ea7a13f1035
2026.09.23 11:25:12,11:25:12,9,com.android.healthconnect.phone.jd7cdc53389aa3a9ebd124ea7a13f1035
2026.09.23 11:27:55,11:27:55,12,com.android.healthconnect.phone.jd7cdc53389aa3a9ebd124ea7a13f1035
2026.09.23 11:28:19,11:28:19,97,com.android.healthconnect.phone.jd7cdc53389aa3a9ebd124ea7a13f1035
2026.09.23 11:29:18,11:29:18,103,com.android.healthconnect.phone.jd7cdc53389aa3a9ebd124ea7a13f1035
2026.09.23 11:30:00,11:30:00,690,com.huami.watch.hmwatchmanager
2026.09.23 11:30:19,11:30:19,99,com.android.healthconnect.phone.jd7cdc53389aa3a9ebd124ea7a13f1035
2026.09.23 11:31:19,11:31:19,90,com.android.healthconnect.phone.jd7cdc53389aa3a9ebd124ea7a13f1035
2026.09.23 11:32:18,11:32:18,89,com.android.healthconnect.phone.jd7cdc53389aa3a9ebd124ea7a13f1035
2026.09.23 11:33:18,11:33:18,102,com.android.healthconnect.phone.jd7cdc53389aa3a9ebd124ea7a13f1035
2026.09.23 11:34:18,11:34:18,104,com.android.healthconnect.phone.jd7cdc53389aa3a9ebd124ea7a13f1035
2026.09.23 11:35:18,11:35:18,95,com.android.healthconnect.phone.jd7cdc53389aa3a9ebd124ea7a13f1035
2026.09.23 11:36:18,11:36:18,101,com.android.healthconnect.phone.jd7cdc53389aa3a9ebd124ea7a13f1035
2026.09.23 11:37:18,11:37:18,107,com.android.healthconnect.phone.jd7cdc53389aa3a9ebd124ea7a13f1035
2026.09.23 11:38:19,11:38:19,103,com.android.healthconnect.phone.jd7cdc53389aa3a9ebd124ea7a13f1035
2026.09.23 11:39:19,11:39:19,108,com.android.healthconnect.phone.jd7cdc53389aa3a9ebd124ea7a13f1035
2026.09.23 11:40:00,11:40:00,426,com.huami.watch.hmwatchmanager
2026.09.23 11:40:19,11:40:19,106,com.android.healthconnect.phone.jd7cdc53389aa3a9ebd124ea7a13f1035
2026.09.23 11:41:19,11:41:19,106,com.android.healthconnect.phone.jd7cdc53389aa3a9ebd124ea7a13f1035
2026.09.23 11:42:19,11:42:19,95,com.android.healthconnect.phone.jd7cdc53389aa3a9ebd124ea7a13f1035
2026.09.23 11:43:15,11:43:15,57,com.android.healthconnect.phone.jd7cdc53389aa3a9ebd124ea7a13f1035
2026.09.23 11:45:29,11:45:29,8,com.android.healthconnect.phone.jd7cdc53389aa3a9ebd124ea7a13f1035
2026.09.23 11:45:45,11:45:45,1,com.android.healthconnect.phone.jd7cdc53389aa3a9ebd124ea7a13f1035
2026.09.23 11:50:00,11:50:00,10,com.huami.watch.hmwatchmanager
2026.09.23 12:16:01,12:16:01,8,com.android.healthconnect.phone.jd7cdc53389aa3a9ebd124ea7a13f1035
2026.09.23 12:16:17,12:16:17,11,com.android.healthconnect.phone.jd7cdc53389aa3a9ebd124ea7a13f1035
2026.09.23 12:33:31,12:33:31,7,com.android.healthconnect.phone.jd7cdc53389aa3a9ebd124ea7a13f1035
2026.09.23 12:33:45,12:33:45,3,com.android.healthconnect.phone.jd7cdc53389aa3a9ebd124ea7a13f1035
2026.09.23 12:42:58,12:42:58,7,com.android.healthconnect.phone.jd7cdc53389aa3a9ebd124ea7a13f1035
2026.09.23 13:08:25,13:08:25,7,com.android.healthconnect.phone.jd7cdc53389aa3a9ebd124ea7a13f1035
2026.09.23 13:08:39,13:08:39,4,com.android.healthconnect.phone.jd7cdc53389aa3a9ebd124ea7a13f1035
2026.09.23 14:58:33,14:58:33,8,com.android.healthconnect.phone.jd7cdc53389aa3a9ebd124ea7a13f1035
2026.09.23 14:58:49,14:58:49,21,com.android.healthconnect.phone.jd7cdc53389aa3a9ebd124ea7a13f1035
2026.09.23 15:12:10,15:12:10,7,com.android.healthconnect.phone.jd7cdc53389aa3a9ebd124ea7a13f1035
2026.09.23 15:12:24,15:12:24,14,com.android.healthconnect.phone.jd7cdc53389aa3a9ebd124ea7a13f1035
2026.09.23 15:21:52,15:21:52,8,com.android.healthconnect.phone.jd7cdc53389aa3a9ebd124ea7a13f1035
2026.09.23 15:22:08,15:22:08,1,com.android.healthconnect.phone.jd7cdc53389aa3a9ebd124ea7a13f1035
2026.09.23 17:49:34,17:49:34,7,com.android.healthconnect.phone.jd7cdc53389aa3a9ebd124ea7a13f1035
2026.09.23 17:49:48,17:49:48,45,com.android.healthconnect.phone.jd7cdc53389aa3a9ebd124ea7a13f1035
2026.09.23 19:25:42,19:25:42,7,com.android.healthconnect.phone.jd7cdc53389aa3a9ebd124ea7a13f1035
2026.09.23 19:25:56,19:25:56,13,com.android.healthconnect.phone.jd7cdc53389aa3a9ebd124ea7a13f1035
2026.09.23 19:26:07,19:26:07,34,com.android.healthconnect.phone.jd7cdc53389aa3a9ebd124ea7a13f1035
2026.09.23 19:40:00,19:40:00,518,com.huami.watch.hmwatchmanager
2026.09.23 19:45:17,19:45:17,97,com.android.healthconnect.phone.jd7cdc53389aa3a9ebd124ea7a13f1035
2026.09.23 19:46:47,19:46:47,94,com.android.healthconnect.phone.jd7cdc53389aa3a9ebd124ea7a13f1035
2026.09.23 19:47:56,19:47:56,104,com.android.healthconnect.phone.jd7cdc53389aa3a9ebd124ea7a13f1035
2026.09.23 19:48:55,19:48:55,102,com.android.healthconnect.phone.jd7cdc53389aa3a9ebd124ea7a13f1035
2026.09.23 19:49:56,19:49:56,98,com.android.healthconnect.phone.jd7cdc53389aa3a9ebd124ea7a13f1035
2026.09.23 19:50:00,19:50:00,865,com.huami.watch.hmwatchmanager
2026.09.23 19:50:56,19:50:56,109,com.android.healthconnect.phone.jd7cdc53389aa3a9ebd124ea7a13f1035
2026.09.23 19:51:56,19:51:56,112,com.android.healthconnect.phone.jd7cdc53389aa3a9ebd124ea7a13f1035
2026.09.23 19:52:56,19:52:56,112,com.android.healthconnect.phone.jd7cdc53389aa3a9ebd124ea7a13f1035
2026.09.23 19:53:56,19:53:56,113,com.android.healthconnect.phone.jd7cdc53389aa3a9ebd124ea7a13f1035
2026.09.23 19:54:56,19:54:56,112,com.android.healthconnect.phone.jd7cdc53389aa3a9ebd124ea7a13f1035
2026.09.23 19:55:56,19:55:56,113,com.android.healthconnect.phone.jd7cdc53389aa3a9ebd124ea7a13f1035
2026.09.23 19:56:56,19:56:56,102,com.android.healthconnect.phone.jd7cdc53389aa3a9ebd124ea7a13f1035
2026.09.23 20:00:00,20:00:00,4,com.huami.watch.hmwatchmanager
2026.09.23 20:08:57,20:08:57,7,com.android.healthconnect.phone.jd7cdc53389aa3a9ebd124ea7a13f1035
2026.09.23 20:09:11,20:09:11,12,com.android.healthconnect.phone.jd7cdc53389aa3a9ebd124ea7a13f1035
2026.09.23 20:10:00,20:10:00,16,com.huami.watch.hmwatchmanager
2026.09.23 20:16:28,20:16:28,7,com.android.healthconnect.phone.jd7cdc53389aa3a9ebd124ea7a13f1035
2026.09.23 20:16:42,20:16:42,1,com.android.healthconnect.phone.jd7cdc53389aa3a9ebd124ea7a13f1035
2026.09.23 20:16:42,20:16:42,12,com.android.healthconnect.phone.jd7cdc53389aa3a9ebd124ea7a13f1035
2026.09.23 20:18:41,20:18:41,18,com.android.healthconnect.phone.jd7cdc53389aa3a9ebd124ea7a13f1035
2026.09.23 20:20:00,20:20:00,957,com.huami.watch.hmwatchmanager
2026.09.23 20:20:38,20:20:38,114,com.android.healthconnect.phone.jd7cdc53389aa3a9ebd124ea7a13f1035
2026.09.23 20:21:44,20:21:44,107,com.android.healthconnect.phone.jd7cdc53389aa3a9ebd124ea7a13f1035
2026.09.23 20:22:43,20:22:43,112,com.android.healthconnect.phone.jd7cdc53389aa3a9ebd124ea7a13f1035
2026.09.23 20:23:44,20:23:44,118,com.android.healthconnect.phone.jd7cdc53389aa3a9ebd124ea7a13f1035
2026.09.23 20:24:44,20:24:44,118,com.android.healthconnect.phone.jd7cdc53389aa3a9ebd124ea7a13f1035
2026.09.23 20:25:44,20:25:44,113,com.android.healthconnect.phone.jd7cdc53389aa3a9ebd124ea7a13f1035
2026.09.23 20:26:44,20:26:44,108,com.android.healthconnect.phone.jd7cdc53389aa3a9ebd124ea7a13f1035
2026.09.23 20:27:44,20:27:44,112,com.android.healthconnect.phone.jd7cdc53389aa3a9ebd124ea7a13f1035
2026.09.23 20:28:44,20:28:44,108,com.android.healthconnect.phone.jd7cdc53389aa3a9ebd124ea7a13f1035
2026.09.23 20:30:00,20:30:00,48,com.huami.watch.hmwatchmanager
2026.09.23 20:30:17,20:30:17,23,com.android.healthconnect.phone.jd7cdc53389aa3a9ebd124ea7a13f1035
2026.09.23 21:03:48,21:03:48,16,com.android.healthconnect.phone.jd7cdc53389aa3a9ebd124ea7a13f1035
2026.09.23 21:04:20,21:04:20,10,com.android.healthconnect.phone.jd7cdc53389aa3a9ebd124ea7a13f1035
2026.09.23 21:40:00,21:40:00,25,com.huami.watch.hmwatchmanager
2026.09.23 21:42:19,21:42:19,7,com.android.healthconnect.phone.jd7cdc53389aa3a9ebd124ea7a13f1035
2026.09.23 21:42:33,21:42:33,24,com.android.healthconnect.phone.jd7cdc53389aa3a9ebd124ea7a13f1035
2026.09.23 21:45:12,21:45:12,167,com.android.healthconnect.phone.jd7cdc53389aa3a9ebd124ea7a13f1035
2026.09.23 21:50:00,21:50:00,450,com.huami.watch.hmwatchmanager
2026.09.23 21:52:34,21:52:34,181,com.android.healthconnect.phone.jd7cdc53389aa3a9ebd124ea7a13f1035
2026.09.23 21:55:56,21:55:56,66,com.android.healthconnect.phone.jd7cdc53389aa3a9ebd124ea7a13f1035
2026.09.23 22:00:00,22:00:00,18,com.huami.watch.hmwatchmanager
2026.09.23 22:00:05,22:00:05,7,com.android.healthconnect.phone.jd7cdc53389aa3a9ebd124ea7a13f1035
2026.09.23 22:00:19,22:00:19,39,com.android.healthconnect.phone.jd7cdc53389aa3a9ebd124ea7a13f1035
2026.09.23 22:02:13,22:02:13,3,com.android.healthconnect.phone.jd7cdc53389aa3a9ebd124ea7a13f1035
2026.09.23 22:19:59,22:19:59,7,com.android.healthconnect.phone.jd7cdc53389aa3a9ebd124ea7a13f1035
2026.09.23 22:20:00,22:20:00,30,com.huami.watch.hmwatchmanager
2026.09.23 22:20:13,22:20:13,20,com.android.healthconnect.phone.jd7cdc53389aa3a9ebd124ea7a13f1035
2026.09.23 22:21:24,22:21:24,7,com.android.healthconnect.phone.jd7cdc53389aa3a9ebd124ea7a13f1035
2026.09.23 23:40:00,23:40:00,83,com.huami.watch.hmwatchmanager
2026.09.23 23:50:00,23:50:00,7,com.huami.watch.hmwatchmanager
2026.09.24 00:36:04,00:36:04,6,com.android.healthconnect.phone.jd7cdc53389aa3a9ebd124ea7a13f1035
2026.09.24 00:36:16,00:36:16,2,com.android.healthconnect.phone.jd7cdc53389aa3a9ebd124ea7a13f1035
2026.09.24 00:40:00,00:40:00,5,com.huami.watch.hmwatchmanager
2026.09.24 09:10:00,09:10:00,3,com.huami.watch.hmwatchmanager
2026.09.24 09:18:12,09:18:12,7,com.android.healthconnect.phone.jd7cdc53389aa3a9ebd124ea7a13f1035
2026.09.24 09:18:26,09:18:26,1,com.android.healthconnect.phone.jd7cdc53389aa3a9ebd124ea7a13f1035
2026.09.24 09:30:00,09:30:00,6,com.huami.watch.hmwatchmanager
2026.09.24 09:40:00,09:40:00,40,com.huami.watch.hmwatchmanager
2026.09.24 09:42:14,09:42:14,6,com.android.healthconnect.phone.jd7cdc53389aa3a9ebd124ea7a13f1035
2026.09.24 09:42:26,09:42:26,3,com.android.healthconnect.phone.jd7cdc53389aa3a9ebd124ea7a13f1035
2026.09.24 10:00:00,10:00:00,29,com.huami.watch.hmwatchmanager
2026.09.24 10:02:44,10:02:44,8,com.android.healthconnect.phone.jd7cdc53389aa3a9ebd124ea7a13f1035
2026.09.24 10:03:00,10:03:00,15,com.android.healthconnect.phone.jd7cdc53389aa3a9ebd124ea7a13f1035
2026.09.24 10:16:44,10:16:44,16,com.android.healthconnect.phone.jd7cdc53389aa3a9ebd124ea7a13f1035
2026.09.24 10:17:16,10:17:16,7,com.android.healthconnect.phone.jd7cdc53389aa3a9ebd124ea7a13f1035
2026.09.24 11:00:00,11:00:00,36,com.huami.watch.hmwatchmanager
2026.09.24 11:09:07,11:09:07,8,com.android.healthconnect.phone.jd7cdc53389aa3a9ebd124ea7a13f1035
2026.09.24 11:09:23,11:09:23,16,com.android.healthconnect.phone.jd7cdc53389aa3a9ebd124ea7a13f1035
2026.09.24 11:10:00,11:10:00,10,com.huami.watch.hmwatchmanager
2026.09.24 11:20:00,11:20:00,6,com.huami.watch.hmwatchmanager
2026.09.24 11:30:00,11:30:00,14,com.huami.watch.hmwatchmanager
2026.09.24 11:40:00,11:40:00,298,com.huami.watch.hmwatchmanager
2026.09.24 11:47:17,11:47:17,7,com.android.healthconnect.phone.jd7cdc53389aa3a9ebd124ea7a13f1035
2026.09.24 11:47:31,11:47:31,115,com.android.healthconnect.phone.jd7cdc53389aa3a9ebd124ea7a13f1035
2026.09.24 11:48:46,11:48:46,109,com.android.healthconnect.phone.jd7cdc53389aa3a9ebd124ea7a13f1035
2026.09.24 11:49:46,11:49:46,101,com.android.healthconnect.phone.jd7cdc53389aa3a9ebd124ea7a13f1035
2026.09.24 11:50:00,11:50:00,670,com.huami.watch.hmwatchmanager
2026.09.24 11:50:42,11:50:42,35,com.android.healthconnect.phone.jd7cdc53389aa3a9ebd124ea7a13f1035
2026.09.24 11:51:46,11:51:46,111,com.android.healthconnect.phone.jd7cdc53389aa3a9ebd124ea7a13f1035
2026.09.24 11:52:46,11:52:46,111,com.android.healthconnect.phone.jd7cdc53389aa3a9ebd124ea7a13f1035
2026.09.24 11:53:46,11:53:46,111,com.android.healthconnect.phone.jd7cdc53389aa3a9ebd124ea7a13f1035
2026.09.24 11:54:46,11:54:46,148,com.android.healthconnect.phone.jd7cdc53389aa3a9ebd124ea7a13f1035
2026.09.24 11:56:04,11:56:04,76,com.android.healthconnect.phone.jd7cdc53389aa3a9ebd124ea7a13f1035
2026.09.24 12:07:46,12:07:46,8,com.android.healthconnect.phone.jd7cdc53389aa3a9ebd124ea7a13f1035
2026.09.24 12:10:00,12:10:00,32,com.huami.watch.hmwatchmanager
2026.09.24 12:19:21,12:19:21,6,com.android.healthconnect.phone.jd7cdc53389aa3a9ebd124ea7a13f1035
2026.09.24 12:19:33,12:19:33,98,com.android.healthconnect.phone.jd7cdc53389aa3a9ebd124ea7a13f1035
2026.09.24 12:20:00,12:20:00,1108,com.huami.watch.hmwatchmanager
2026.09.24 12:20:33,12:20:33,112,com.android.healthconnect.phone.jd7cdc53389aa3a9ebd124ea7a13f1035
2026.09.24 12:21:33,12:21:33,107,com.android.healthconnect.phone.jd7cdc53389aa3a9ebd124ea7a13f1035
2026.09.24 12:22:32,12:22:32,103,com.android.healthconnect.phone.jd7cdc53389aa3a9ebd124ea7a13f1035
2026.09.24 12:23:32,12:23:32,110,com.android.healthconnect.phone.jd7cdc53389aa3a9ebd124ea7a13f1035
2026.09.24 12:24:33,12:24:33,114,com.android.healthconnect.phone.jd7cdc53389aa3a9ebd124ea7a13f1035
2026.09.24 12:25:32,12:25:32,114,com.android.healthconnect.phone.jd7cdc53389aa3a9ebd124ea7a13f1035
2026.09.24 12:26:32,12:26:32,108,com.android.healthconnect.phone.jd7cdc53389aa3a9ebd124ea7a13f1035
2026.09.24 12:27:33,12:27:33,112,com.android.healthconnect.phone.jd7cdc53389aa3a9ebd124ea7a13f1035
2026.09.24 12:28:32,12:28:32,107,com.android.healthconnect.phone.jd7cdc53389aa3a9ebd124ea7a13f1035
2026.09.24 12:29:32,12:29:32,100,com.android.healthconnect.phone.jd7cdc53389aa3a9ebd124ea7a13f1035
2026.09.24 12:30:00,12:30:00,146,com.huami.watch.hmwatchmanager
2026.09.24 12:30:27,12:30:27,81,com.android.healthconnect.phone.jd7cdc53389aa3a9ebd124ea7a13f1035
2026.09.24 12:31:27,12:31:27,35,com.android.healthconnect.phone.jd7cdc53389aa3a9ebd124ea7a13f1035
2026.09.24 12:32:37,12:32:37,218,com.android.healthconnect.phone.jd7cdc53389aa3a9ebd124ea7a13f1035
2026.09.24 12:34:45,12:34:45,42,com.android.healthconnect.phone.jd7cdc53389aa3a9ebd124ea7a13f1035
2026.09.24 12:40:00,12:40:00,104,com.huami.watch.hmwatchmanager
2026.09.24 12:50:00,12:50:00,130,com.huami.watch.hmwatchmanager
2026.09.24 12:55:22,12:55:22,8,com.android.healthconnect.phone.jd7cdc53389aa3a9ebd124ea7a13f1035
2026.09.24 12:55:38,12:55:38,8,com.android.healthconnect.phone.jd7cdc53389aa3a9ebd124ea7a13f1035
2026.09.24 14:40:52,14:40:52,7,com.android.healthconnect.phone.jd7cdc53389aa3a9ebd124ea7a13f1035
2026.09.24 14:41:06,14:41:06,3,com.android.healthconnect.phone.jd7cdc53389aa3a9ebd124ea7a13f1035
2026.09.24 14:45:09,14:45:09,6,com.android.healthconnect.phone.jd7cdc53389aa3a9ebd124ea7a13f1035
2026.09.24 14:59:58,14:59:58,7,com.android.healthconnect.phone.jd7cdc53389aa3a9ebd124ea7a13f1035
2026.09.24 15:00:12,15:00:12,8,com.android.healthconnect.phone.jd7cdc53389aa3a9ebd124ea7a13f1035
2026.09.24 15:16:33,15:16:33,7,com.android.healthconnect.phone.jd7cdc53389aa3a9ebd124ea7a13f1035
2026.09.24 15:16:47,15:16:47,15,com.android.healthconnect.phone.jd7cdc53389aa3a9ebd124ea7a13f1035
2026.09.24 18:31:15,18:31:15,7,com.android.healthconnect.phone.jd7cdc53389aa3a9ebd124ea7a13f1035
2026.09.24 18:31:29,18:31:29,10,com.android.healthconnect.phone.jd7cdc53389aa3a9ebd124ea7a13f1035
2026.09.24 18:35:30,18:35:30,7,com.android.healthconnect.phone.jd7cdc53389aa3a9ebd124ea7a13f1035
2026.09.24 18:35:44,18:35:44,8,com.android.healthconnect.phone.jd7cdc53389aa3a9ebd124ea7a13f1035
2026.09.24 18:40:46,18:40:46,7,com.android.healthconnect.phone.jd7cdc53389aa3a9ebd124ea7a13f1035
2026.09.24 18:41:00,18:41:00,9,com.android.healthconnect.phone.jd7cdc53389aa3a9ebd124ea7a13f1035
2026.09.24 22:03:13,22:03:13,6,com.android.healthconnect.phone.jd7cdc53389aa3a9ebd124ea7a13f1035
2026.09.24 22:03:25,22:03:25,2,com.android.healthconnect.phone.jd7cdc53389aa3a9ebd124ea7a13f1035
2026.09.24 22:17:00,22:17:00,7,com.android.healthconnect.phone.jd7cdc53389aa3a9ebd124ea7a13f1035
2026.09.24 22:17:14,22:17:14,2,com.android.healthconnect.phone.jd7cdc53389aa3a9ebd124ea7a13f1035
2026.09.24 22:17:16,22:17:16,17,com.android.healthconnect.phone.jd7cdc53389aa3a9ebd124ea7a13f1035
2026.09.24 22:36:43,22:36:43,7,com.android.healthconnect.phone.jd7cdc53389aa3a9ebd124ea7a13f1035
2026.09.24 22:36:57,22:36:57,9,com.android.healthconnect.phone.jd7cdc53389aa3a9ebd124ea7a13f1035
